date,player,market,line,predicted_side,predicted_prob,predicted_ev,actual_value,hit,grade,feat_ema,feat_std,feat_sma_5,feat_sma_10,feat_trend,feat_avg_minutes,feat_mins_trend,feat_hit_rate_l5,feat_hit_rate_l10,feat_hit_rate_l15,feat_hit_rate_season,feat_hit_rate_weighted,feat_coef_variation,feat_pace_mult,feat_def_mult,feat_position_mult,feat_base_matchup_mult,feat_combined_matchup_mult,feat_split_factor,feat_rest_factor,feat_blowout_factor,feat_usage_mult,feat_games_played,feat_is_home,feat_is_b2b,feat_spread,feat_days_rest,feat_game_total,feat_opponent_drtg_season,feat_opponent_drtg_l5,feat_data_quality_score,player_id
2025-10-26,Scottie Barnes,PTS,17.933333333333334,OVER,0.5036,-0.038123999999999936,33,1,D,18.51834283919925,7.932452932341265,23.4,17.3,0.015503875968992498,29.4,1.1904761904761905,0.6,0.4,0.4,0.582089552238806,0.4345849841532206,0.4283565220290668,1.0145977433536109,0.9845055710306407,0.974,0.9965424399598288,0.9875254639758972,1.024653853601859,1.0,1.0,1.0,67,0,0,-0.6,1,232.18499999999995,113.1,113.1,100,1630567
2025-10-27,Scottie Barnes,PTS,19.066666666666666,OVER,0.5055,-0.034495000000000164,8,0,D,20.328549984299343,8.803137968658566,26.6,19.1,0.2704918032786887,29.8,1.1409395973154361,0.8,0.4,0.4,0.4852941176470588,0.4659209364713412,0.4330430835183831,1.0000099236868483,0.9749303621169918,0.987,0.9849621867449343,0.9857773120469606,1.0291586560468735,0.95,1.0,1.0,68,0,1,3.56,0,230.4945,112.0,112.0,100,1630567
2025-10-29,Scottie Barnes,PTS,18.533333333333335,UNDER,0.5328,0.017648000000000053,31,0,C,20.541620814863336,9.233995162802863,23.0,18.1,0.37391304347826115,29.733333333333334,1.1210762331838566,0.6,0.4,0.4,0.5072463768115942,0.4215826971656248,0.4495261228910138,0.9642846510335521,0.982764623955432,0.955,0.97537263478668,0.967223580872008,0.9765765765765766,1.0,1.0,1.0,69,1,0,1.7600000000000002,1,226.35449999999997,112.9,112.9,100,1630567
2025-10-31,Scottie Barnes,PTS,18.666666666666668,OVER,0.6108,0.166628,14,0,A,20.90438151683543,9.408709237924697,22.2,20.3,0.8901098901098903,29.666666666666668,1.0898876404494382,0.6,0.5,0.4,0.5142857142857142,0.4766263811560202,0.45008311919428734,1.0140023221427226,0.9975626740947077,1.029,1.0041385333139137,1.014083119988348,1.019615036036425,1.0,1.0,1.0,70,0,0,1.6800000000000002,1,232.11599999999999,114.6,114.6,100,1630567
2025-11-02,Scottie Barnes,PTS,18.133333333333333,OVER,0.6095,0.16414499999999999,19,1,A,18.82692950358387,9.432971556246335,20.6,20.8,0.8604651162790697,30.0,1.0888888888888888,0.4,0.5,0.3333333333333333,0.5070422535211268,0.4039370807076568,0.501036111833886,1.0086435312447282,0.9897284122562676,1.001,0.9972944598516518,0.9987766759109911,0.9833877995642701,1.0,1.0,1.0,71,1,0,-1.8800000000000001,1,231.495,113.7,113.7,100,1630567
2025-11-04,Scottie Barnes,PTS,18.533333333333335,OVER,0.6393,0.2210629999999999,23,1,A,19.118430943113026,9.326357937638486,21.0,22.2,0.4545454545454548,30.266666666666666,1.1013215859030838,0.6,0.6,0.4,0.5138888888888888,0.4879922705059193,0.48782025917237165,0.9885976838114898,1.0106197771587744,0.999,1.0018109398198605,1.0006865638919162,0.9836985983117789,1.0,1.0,1.0,72,1,0,-3.04,1,229.172,116.1,116.1,100,1630567
2025-11-07,Scottie Barnes,PTS,19.066666666666666,OVER,0.7007,0.3383369999999999,14,0,A,20.008428516439608,9.33860395399247,19.0,22.8,0.2184873949579833,30.266666666666666,1.0462555066079295,0.4,0.6,0.4,0.4794520547945205,0.4532105956333215,0.46673350414899173,1.0223382190951582,1.0053969359331478,1.026,1.012173449197952,1.0177040695187711,1.0159166414980367,1.02,1.0,1.0,73,0,0,0.36,2,233.082,115.5,115.5,100,1630567
2025-11-08,Scottie Barnes,PTS,18.8,OVER,0.5676,0.08411599999999997,18,0,A,18.042970628237526,9.427922055559979,20.2,21.6,0.154471544715447,30.8,1.0281385281385282,0.6,0.6,0.4666666666666667,0.5135135135135135,0.5103722349097256,0.5225260435111021,0.9950480802627792,0.9853760445682453,0.989,0.9892448588460588,0.9891469153076353,1.0135302783593083,0.95,1.0,1.0,74,0,1,1.16,0,229.9195,113.2,113.2,100,1630567
2025-11-11,Scottie Barnes,PTS,19.4,OVER,0.5507,0.05183699999999991,15,0,A,18.037599299707836,9.03801495272686,17.6,19.9,-0.03053435114503822,31.066666666666666,1.01931330472103,0.2,0.4,0.4,0.4666666666666667,0.37105745226579,0.50106529159195,0.9727197848544692,1.00974930362117,1.013,0.9949374961144897,1.0021624976686938,1.0126939482556299,1.02,1.0,1.0,75,0,0,-0.8800000000000001,2,227.332,116.0,116.0,100,1630567
2025-11-13,Scottie Barnes,PTS,19.8,OVER,0.5115,-0.02303500000000014,28,1,D,17.118164132290076,8.670145821808799,17.8,19.2,-0.13548387096774195,31.533333333333335,1.0359408033826638,0.2,0.3,0.4,0.4605263157894737,0.3357466670511787,0.5064880646549159,1.0140023221427226,0.9975626740947077,1.029,1.0041385333139137,1.014083119988348,1.010914051841746,1.0,1.0,1.0,76,0,0,1.6800000000000002,1,232.11599999999999,114.6,114.6,100,1630567
2025-11-15,Scottie Barnes,PTS,21.333333333333332,UNDER,0.5274,0.007333999999999896,14,1,C,20.097599380616657,7.861903319777203,19.6,20.3,-0.1708860759493671,32.06666666666667,1.0187110187110184,0.4,0.4,0.4666666666666667,0.33766233766233766,0.4262910326781877,0.3911861894988164,1.0028877928728082,1.013231197771588,0.966,1.009093835812076,0.9918563014872457,1.0134126248584079,1.0,1.0,1.0,77,0,0,-2.6399999999999997,1,230.82799999999997,116.4,116.4,100,1630567
2025-11-17,Scottie Barnes,PTS,21.133333333333333,UNDER,0.6215,0.18706500000000004,16,1,A,20.549803781686705,8.01664934163062,17.8,18.4,-0.2383720930232558,32.86666666666667,0.9939148073022311,0.2,0.3,0.4666666666666667,0.3333333333333333,0.38572407734041414,0.3901083157190429,0.9908801317865614,1.021065459610028,1.048,1.0089913284806413,1.0245947970883846,0.9879764065335753,1.0,1.0,1.0,78,1,0,-2.68,1,229.43649999999997,117.3,117.3,100,1630567
2025-11-19,Scottie Barnes,PTS,20.466666666666665,UNDER,0.5581,0.065971,16,1,A,21.195482632622998,7.9988094352192425,18.2,19.2,-0.20000000000000007,33.0,1.0101010101010102,0.2,0.3,0.4,0.3924050632911392,0.32168527482962345,0.3773827458360342,0.9950480802627792,0.9853760445682453,0.989,0.9892448588460588,0.9891469153076353,1.0125410104986876,1.0,1.0,1.0,79,0,0,1.16,1,229.9195,113.2,113.2,100,1630567
2025-11-21,Scottie Barnes,PTS,19.2,UNDER,0.5221,-0.0027890000000000414,23,0,D,18.791907724943712,6.971370023173351,17.8,17.7,-0.15972222222222232,32.93333333333333,1.0222672064777327,0.2,0.2,0.3333333333333333,0.45,0.26374057011164487,0.3709772379267168,1.0123152953785393,1.0680710306406687,1.07,1.0457687365358168,1.0554612419214902,0.9881784881784882,1.0,1.0,1.0,80,1,0,-6.56,1,231.9205,122.7,122.7,100,1630567
2025-11-23,Scottie Barnes,PTS,19.266666666666666,UNDER,0.5434,0.03789399999999993,17,1,B,18.643250190632898,7.004760286167306,19.4,18.6,-0.10344827586206895,32.8,1.0060975609756098,0.4,0.3,0.3333333333333333,0.4567901234567901,0.33380491845519317,0.3757263467765279,0.9727197848544692,1.00974930362117,1.013,0.9949374961144897,1.0021624976686938,0.9897312859884836,1.0,1.0,1.0,81,1,0,-3.28,1,227.332,116.0,116.0,100,1630567
2025-11-24,Scottie Barnes,PTS,19.266666666666666,UNDER,0.5739,0.09614899999999993,18,1,A,20.596784936620907,7.004760286167305,17.2,18.4,-0.09154929577464788,32.666666666666664,1.0204081632653064,0.2,0.3,0.3333333333333333,0.45121951219512196,0.302039180542701,0.34008998529245704,1.0140023221427226,0.9975626740947077,1.029,1.0041385333139137,1.014083119988348,0.9892405063291139,0.95,1.0,1.0,82,1,1,-0.72,0,232.11599999999999,114.6,114.6,100,1630567
2025-11-26,Scottie Barnes,PTS,18.266666666666666,UNDER,0.516,-0.014440000000000008,24,0,D,16.898841476079042,5.885413769489384,18.0,17.9,0.03937007874015763,32.93333333333333,1.0323886639676114,0.2,0.2,0.3333333333333333,0.4819277108433735,0.28673905411630846,0.34827321019730334,1.0028877928728082,1.013231197771588,0.966,1.009093835812076,0.9918563014872457,0.9891009595327491,1.0,1.0,1.0,83,1,0,-5.04,1,230.82799999999997,116.4,116.4,100,1630567
2025-11-29,Scottie Barnes,PTS,19.333333333333332,OVER,0.5922,0.13110199999999983,30,1,A,20.889964007556273,5.313952882562588,19.6,18.9,-0.04477611940298509,33.333333333333336,1.0799999999999998,0.4,0.3,0.3333333333333333,0.4523809523809524,0.3450523602699998,0.25437826894485965,0.9908801317865614,1.021065459610028,1.048,1.0089913284806413,1.0245947970883846,1.009668882138883,1.02,1.0,1.0,84,0,0,-0.2800000000000001,2,229.43649999999997,117.3,117.3,100,1630567
2025-11-30,Scottie Barnes,PTS,19.266666666666666,OVER,0.5434,0.03789399999999993,18,0,B,19.734843673056048,5.161210636865661,22.4,20.1,0.0992366412213741,33.733333333333334,1.116600790513834,0.6,0.4,0.3333333333333333,0.4588235294117647,0.4073788687179607,0.2615278196458305,0.9857198146255297,0.9932103064066854,0.982,0.9902141096942231,0.9869284658165338,1.0126902455897613,0.95,1.0,1.0,85,0,1,3.56,0,228.83849999999998,114.1,114.1,100,1630567
2025-12-02,Scottie Barnes,PTS,19.533333333333335,OVER,0.6198,0.18381800000000004,28,1,A,20.192657282616892,4.969430359230129,21.4,20.4,0.11450381679389299,33.53333333333333,1.0636182902584492,0.4,0.4,0.3333333333333333,0.45348837209302323,0.3686116437331698,0.246100861797329,1.0176740862765334,1.0149721448467968,1.02,1.0160529214186913,1.0176317528512149,0.9880239520958083,1.0,1.0,1.0,86,1,0,-3.04,1,232.54149999999996,116.6,116.6,100,1630567
2025-12-04,Scottie Barnes,PTS,20.133333333333333,OVER,0.581,0.10970999999999986,23,1,A,21.70831037724406,5.423054841094991,23.6,20.4,0.23437500000000022,34.0,1.0784313725490196,0.6,0.4,0.4,0.40229885057471265,0.4560284933229324,0.24981469063477912,0.9876053151266759,1.0280292479108637,1.038,1.0118596747971886,1.0223158048783132,0.9908247671056858,1.0,1.0,1.0,87,1,0,-1.8399999999999999,1,229.057,118.1,118.1,100,1630567
2025-12-05,Scottie Barnes,PTS,20.133333333333333,OVER,0.5576,0.06501599999999996,13,0,A,20.655367256441423,5.42305484109499,24.6,21.3,0.30578512396694224,34.53333333333333,1.0328185328185329,0.8,0.5,0.4,0.4090909090909091,0.5077942264131914,0.26254942716662655,0.9908801317865614,1.021065459610028,1.048,1.0089913284806413,1.0245947970883846,0.9920136871328038,0.95,1.0,1.0,88,1,1,-2.68,0,229.43649999999997,117.3,117.3,100,1630567
2025-12-07,Scottie Barnes,PTS,20.066666666666666,OVER,0.5393,0.03006299999999995,18,0,B,20.238181604340525,5.509299497429864,22.4,21.0,0.18461538461538463,34.266666666666666,1.0311284046692608,0.6,0.5,0.4,0.4044943820224719,0.4594712167212795,0.27222304874704123,0.9564449384235232,0.9949512534818943,0.973,0.9795487274585458,0.9769292364751274,0.9903904016849707,1.0,1.0,1.0,89,1,0,1.2,1,225.44599999999997,114.3,114.3,100,1630567
2025-12-09,Scottie Barnes,PTS,20.066666666666666,OVER,0.5271,0.0067609999999999615,13,0,C,19.55360746258225,5.509299497429865,20.0,21.2,0.19379844961240322,34.6,1.0019267822736029,0.4,0.5,0.4,0.4,0.41574674939992345,0.2817536103234378,0.9857198146255297,0.9932103064066854,0.982,0.9902141096942231,0.9869284658165338,0.9901996502477413,1.0,1.0,1.0,90,1,0,1.1600000000000001,1,228.83849999999998,114.1,114.1,100,1630567
2025-12-15,Scottie Barnes,PTS,19.933333333333334,OVER,0.5643,0.07781300000000002,17,0,A,20.48854610836088,5.662743740155179,19.0,20.2,0.08333333333333326,35.0,1.0,0.4,0.4,0.4,0.45054945054945056,0.3761832152838698,0.276385826022294,1.037422223104328,0.9758008356545962,0.993,1.000449390634489,0.9974696343806934,1.0125831741221425,1.03,1.0,1.0,91,0,0,1.44,5,234.82999999999996,112.1,112.1,100,1630567
2025-12-18,Scottie Barnes,PTS,19.2,OVER,0.6051,0.1557409999999999,24,1,A,18.16340445247579,5.239956379316802,16.8,20.2,0.015625000000000222,34.8,1.0153256704980844,0.2,0.4,0.3333333333333333,0.44565217391304346,0.31305234584054265,0.2884897703526369,0.9885976838114898,1.0106197771587744,0.999,1.0018109398198605,1.0006865638919162,1.0115804509743902,1.02,1.0,1.0,92,0,0,-0.6399999999999999,2,229.172,116.1,116.1,100,1630567
2025-12-20,Scottie Barnes,PTS,19.866666666666667,OVER,0.5047,-0.03602299999999997,12,0,D,19.162846523393455,5.166743471011319,17.0,20.8,-0.05555555555555569,35.06666666666667,0.9980988593155893,0.2,0.5,0.4,0.45161290322580644,0.405756361669877,0.2696229636188917,0.9564449384235232,0.9949512534818943,0.973,0.9795487274585458,0.9769292364751274,0.9881298449612403,1.0,1.0,1.0,93,1,0,1.2,1,225.44599999999997,114.3,114.3,100,1630567
2025-12-21,Scottie Barnes,PTS,19.6,UNDER,0.586,0.11925999999999992,6,1,A,18.267490707969273,5.474616751100352,16.8,19.6,-0.17808219178082196,35.06666666666667,0.9600760456273763,0.2,0.4,0.4,0.44680851063829785,0.36714353864503646,0.29969177697252236,0.9727197848544692,1.00974930362117,1.013,0.9949374961144897,1.0021624976686938,1.0147536975919813,0.95,1.0,1.0,94,0,1,-0.8800000000000001,0,227.332,116.0,116.0,100,1630567
2025-12-23,Scottie Barnes,PTS,18.933333333333334,UNDER,0.6029,0.15153899999999998,27,0,A,17.678591065643104,6.463818715043947,14.4,17.2,-0.3481012658227849,34.93333333333333,0.9828244274809161,0.2,0.3,0.4,0.47368421052631576,0.3322052115561603,0.3656297434022245,1.037422223104328,0.9758008356545962,0.993,1.000449390634489,0.9974696343806934,1.010643115942029,1.0,1.0,1.0,95,0,0,1.44,1,234.82999999999996,112.1,112.1,100,1630567
2025-12-26,Scottie Barnes,PTS,19.2,UNDER,0.5035,-0.038315000000000154,14,1,D,18.034164300006296,6.720969317846093,17.2,18.1,-0.259493670886076,35.333333333333336,0.9716981132075472,0.4,0.4,0.4,0.4479166666666667,0.39575428784660627,0.37267983179257974,1.0123152953785393,1.0680710306406687,1.07,1.0457687365358168,1.0554612419214902,1.012569398944791,1.02,1.0,1.0,96,0,0,-4.16,2,231.9205,122.7,122.7,100,1630567
2025-10-24,Santi Aldama,PTS,11.066666666666666,UNDER,0.5773,0.10264300000000004,13,0,A,10.500690395633,4.949266419908923,7.6,10.4,-0.1875,27.666666666666668,0.9518072289156626,0.0,0.2,0.3333333333333333,0.4696969696969697,0.23593240081127081,0.4713277159344886,1.037422223104328,0.9758008356545962,1.008,1.000449390634489,1.0034696343806933,1.0105698529411766,1.0,1.0,1.0,66,1,0,-0.2800000000000001,1,237.107,112.1,112.1,100,1630583
2025-10-25,Santi Aldama,PTS,10.933333333333334,UNDER,0.6488,0.23920799999999998,9,1,A,9.598699772531745,4.861902429923418,8.4,10.7,-0.30232558139534893,26.533333333333335,0.8668341708542713,0.4,0.4,0.4,0.5522388059701493,0.39075382353168947,0.5065167725983628,1.0028877928728082,1.013231197771588,1.009,1.009093835812076,1.0090563014872456,1.0106371312643931,0.95,1.0,1.0,67,1,1,-4.359999999999999,0,233.10499999999996,116.4,116.4,100,1630583
2025-10-27,Santi Aldama,PTS,11.133333333333333,UNDER,0.689,0.3159899999999999,14,0,A,10.873200438350977,4.703595382663088,8.0,10.8,-0.3877551020408163,26.533333333333335,0.8165829145728644,0.2,0.3,0.3333333333333333,0.47058823529411764,0.2792717771496857,0.43258610096738287,1.000208397423811,0.9662256267409473,0.97,0.9798187350140928,0.9758912410084557,0.9916467780429594,1.0,1.0,1.0,68,0,0,2.48,1,232.7945,111.0,111.0,100,1630583
2025-10-29,Santi Aldama,PTS,11.0,UNDER,0.7261,0.38685099999999983,14,0,A,11.264050383557105,4.58257569495584,9.8,10.1,-0.2857142857142857,26.2,0.8015267175572519,0.4,0.3,0.3333333333333333,0.4782608695652174,0.34785813573047597,0.4068319599888629,0.992070974208338,0.9871169916434542,0.975,0.9890985846694077,0.9834591508016446,0.9928571428571429,1.0,1.0,1.0,69,0,0,1.8800000000000001,1,231.8515,113.4,113.4,100,1630583
2025-10-31,Santi Aldama,PTS,10.866666666666667,UNDER,0.6302,0.20368199999999992,7,1,A,10.661507389442477,4.4539976692961165,11.0,9.7,-0.19047619047619058,26.133333333333333,0.9438775510204083,0.6,0.4,0.4,0.5571428571428572,0.4707467991953423,0.41776434669141377,0.9876053151266759,1.0280292479108637,1.007,1.0118596747971886,1.0099158048783132,1.0063850020377667,1.0,1.0,1.0,70,1,0,-1.16,1,231.33399999999997,118.1,118.1,100,1630583
2025-11-02,Santi Aldama,PTS,10.733333333333333,UNDER,0.6223,0.1885929999999999,15,0,A,10.338752779500737,4.542917040635372,11.4,9.5,-0.18604651162790697,26.333333333333332,1.0,0.6,0.4,0.4,0.5492957746478874,0.4259493183326059,0.43940668062427074,0.9889946312854152,0.9792827298050141,0.965,0.9831674903971745,0.9759004942383047,0.9970090365279368,1.0,1.0,1.0,71,0,0,1.8800000000000001,1,231.495,112.5,112.5,100,1630583
2025-11-03,Santi Aldama,PTS,11.066666666666666,UNDER,0.5933,0.13320300000000007,11,1,A,10.651541054586005,4.667006790326362,11.8,10.1,-0.04938271604938271,26.466666666666665,1.070528967254408,0.6,0.4,0.4,0.4861111111111111,0.4581070629071947,0.4381531992797408,1.0052694777163613,0.9636142061281339,0.965,0.9802763147634248,0.9741657888580548,1.0015444015444015,0.95,1.0,1.0,72,1,1,1.72,0,233.38099999999997,110.7,110.7,100,1630583
2025-11-05,Santi Aldama,PTS,11.266666666666667,UNDER,0.6355,0.2138049999999999,16,0,A,12.449238001364165,4.589843860815601,12.2,10.1,0.024691358024691468,26.266666666666666,0.9771573604060915,0.6,0.4,0.4,0.4794520547945205,0.41451241198498306,0.368684722736657,0.9642846510335521,0.982764623955432,0.948,0.97537263478668,0.964423580872008,1.0007415647015203,1.0,1.0,1.0,73,1,0,2.44,1,228.6315,112.9,112.9,100,1630583
2025-11-07,Santi Aldama,PTS,10.933333333333334,OVER,0.5193,-0.00813700000000006,16,1,D,12.488281809977934,3.972524686009186,12.6,11.2,0.32307692307692304,25.666666666666668,1.0,0.8,0.6,0.5333333333333333,0.5675675675675675,0.621841883584304,0.3181001795487353,1.0145977433536109,0.9845055710306407,0.995,0.9965424399598288,0.9959254639758973,1.0027322404371586,1.0,1.0,1.0,74,1,0,-2.32,1,234.462,113.1,113.1,100,1630583
2025-11-09,Santi Aldama,PTS,10.8,OVER,0.5664,0.08182400000000001,12,1,A,11.712842260083562,3.7454734585325027,13.0,12.0,0.55,25.533333333333335,1.0052219321148825,0.8,0.7,0.5333333333333333,0.5733333333333334,0.6578283863330798,0.3197749423550917,1.004674056505473,0.910515320334262,0.968,0.9481788148027464,0.9561072888816478,1.0045508508112386,1.0,1.0,1.0,75,1,0,4.52,1,233.31199999999998,104.6,104.6,100,1630583
2025-11-11,Santi Aldama,PTS,11.0,OVER,0.6675,0.27492499999999986,19,1,A,11.748736977573117,3.722518348798681,14.0,12.7,0.5166666666666666,25.533333333333335,1.0966057441253263,0.8,0.7,0.4666666666666667,0.5,0.593592430200864,0.3168441302162528,0.9857198146255297,0.9932103064066854,0.98,0.9902141096942231,0.9861284658165338,0.9955432633057235,1.0,1.0,1.0,76,0,0,4.24,1,231.11549999999997,114.1,114.1,100,1630583
2025-11-12,Santi Aldama,PTS,11.666666666666666,OVER,0.5832,0.11391200000000001,14,1,A,12.925012482853617,4.203173404306163,14.8,13.3,0.4769230769230768,25.933333333333334,1.1311053984575834,0.8,0.7,0.5333333333333333,0.5064935064935064,0.6595995272580605,0.32519685453937575,0.9564449384235232,0.9949512534818943,0.975,0.9795487274585458,0.9777292364751274,0.9992066965751176,0.95,1.0,1.0,77,0,1,4.279999999999999,0,227.72299999999996,114.3,114.3,100,1630583
2025-11-15,Santi Aldama,PTS,11.866666666666667,OVER,0.7207,0.376537,12,1,A,12.249783040065495,4.2403953095144775,15.4,13.8,0.5147058823529411,25.866666666666667,1.0824742268041236,1.0,0.8,0.6,0.5128205128205128,0.7193252185313431,0.34616085000406716,1.0140023221427226,0.9975626740947077,1.025,1.0041385333139137,1.0124831199883482,1.0,1.02,1.0,1.0,78,0,0,2.3600000000000003,2,234.39299999999997,114.6,114.6,100,1630583
2025-11-18,Santi Aldama,PTS,12.333333333333334,OVER,0.6368,0.21628800000000004,10,0,A,12.623361601273018,3.792222617536104,14.6,13.6,0.4285714285714286,25.533333333333335,1.031331592689295,0.6,0.6,0.5333333333333333,0.45569620253164556,0.5601259304568844,0.3004130545665168,1.0000099236868483,0.9749303621169918,0.973,0.9849621867449343,0.9801773120469606,0.999746963562753,1.02,1.0,1.0,79,0,0,4.24,2,232.77149999999997,112.0,112.0,100,1630583
2025-11-20,Santi Aldama,PTS,12.466666666666667,OVER,0.5683,0.085453,29,1,A,11.89063995989818,3.6619016657365075,13.4,13.2,0.2857142857142856,25.6,0.9765625,0.4,0.5,0.5333333333333333,0.45,0.5068229006895968,0.30796506143373836,1.0066587938751006,1.0393454038997216,1.034,1.0262707598898733,1.029362455933924,1.001515852217255,1.0,1.0,1.0,80,1,0,-4.92,1,233.54199999999997,119.4,119.4,100,1630583
2025-11-22,Santi Aldama,PTS,14.066666666666666,OVER,0.5789,0.10569899999999988,20,1,A,15.108780474819469,5.119523787377475,16.8,15.4,0.3493975903614457,25.866666666666667,1.018041237113402,0.4,0.5,0.3333333333333333,0.37037037037037035,0.3824641446883522,0.3388442764066732,1.0145977433536109,0.9845055710306407,0.995,0.9965424399598288,0.9959254639758973,0.9905360153893652,1.0,1.0,1.0,81,0,0,0.08000000000000007,1,234.462,113.1,113.1,100,1630583
2025-11-24,Santi Aldama,PTS,14.533333333333333,OVER,0.6194,0.18305399999999983,12,0,A,15.180447660512755,5.330058518395817,17.0,15.9,0.34883720930232553,26.866666666666667,1.1042183622828785,0.4,0.5,0.4,0.3780487804878049,0.46856275452056034,0.351113395177424,0.9973305282378511,1.0045264623955434,0.98,1.0016480887324666,0.9929888532394799,1.0061365807067815,1.0,1.0,1.0,82,1,0,2.4799999999999995,1,232.46099999999996,115.4,115.4,100,1630583
2025-11-26,Santi Aldama,PTS,14.733333333333333,OVER,0.6463,0.2344329999999999,14,0,A,15.45756077164151,5.161210636865661,16.6,16.0,0.24731182795698925,27.666666666666668,1.1566265060240963,0.4,0.5,0.4,0.37349397590361444,0.42397311298820095,0.33389554232479124,1.0108267423513184,1.0332520891364905,1.026,1.0242819504224216,1.024969170253453,0.9945141418229236,1.0,1.0,1.0,83,0,0,-1.2399999999999998,1,234.02499999999998,118.7,118.7,100,1630583
2025-11-28,Santi Aldama,PTS,14.733333333333333,OVER,0.5992,0.14447199999999982,13,0,A,15.275365675186322,5.161210636865661,17.0,15.8,0.2197802197802199,27.8,1.1031175059952039,0.4,0.4,0.4,0.36904761904761907,0.38362673687291193,0.33787804145662176,0.9623991505324059,1.0271587743732593,1.004,1.001254924836918,1.0023529549021508,0.9951992891046619,1.0,1.0,1.0,84,0,0,-0.039999999999999855,1,228.41299999999998,118.0,118.0,100,1630583
2025-11-30,Santi Aldama,PTS,14.666666666666666,OVER,0.5352,0.022231999999999974,7,0,B,14.046408269618041,5.1777914026661795,17.6,15.5,0.14583333333333326,27.2,0.9681372549019608,0.4,0.3,0.4,0.36470588235294116,0.3471198260816461,0.36862031227339354,1.0066587938751006,1.0393454038997216,1.034,1.0262707598898733,1.029362455933924,0.99540641218818,1.0,1.0,1.0,85,0,0,-2.5200000000000005,1,233.54199999999997,119.4,119.4,100,1630583
2025-12-02,Santi Aldama,PTS,14.666666666666666,UNDER,0.6544,0.2499039999999999,4,1,A,14.245077745824346,5.1777914026661795,13.2,15.0,0.01941747572815533,26.933333333333334,0.8415841584158417,0.2,0.3,0.4,0.36046511627906974,0.31408700718080795,0.3634793361646582,1.0000099236868483,0.9749303621169918,0.973,0.9849621867449343,0.9801773120469606,0.9930771576700212,1.0,1.0,1.0,86,0,0,4.24,1,232.77149999999997,112.0,112.0,100,1630583
2025-12-05,Santi Aldama,PTS,13.933333333333334,UNDER,0.6292,0.20177199999999995,7,1,A,12.424707772642023,5.861090423494672,10.0,13.5,-0.01000000000000012,26.666666666666668,0.85,0.2,0.4,0.4666666666666667,0.42528735632183906,0.3974145200943904,0.4717286338436235,0.9623991505324059,1.0271587743732593,1.004,1.001254924836918,1.0023529549021508,1.0116281655068147,1.02,1.0,1.0,87,1,0,-2.44,2,228.41299999999998,118.0,118.0,100,1630583
2025-12-07,Santi Aldama,PTS,13.666666666666666,UNDER,0.6165,0.1775150000000001,22,0,A,12.42128836975462,6.09058602231658,9.0,12.8,-0.2222222222222222,26.8,0.8830845771144279,0.2,0.3,0.4666666666666667,0.42045454545454547,0.3595955282522081,0.4903344839128711,1.0176740862765334,1.0149721448467968,1.021,1.0160529214186913,1.0180317528512148,1.0086266390614216,1.0,1.0,1.0,88,1,0,-2.3600000000000003,1,234.81849999999997,116.6,116.6,100,1630583
2025-12-12,Santi Aldama,PTS,14.066666666666666,OVER,0.5141,-0.018069000000000057,22,1,D,13.618627323535293,6.441679757271243,10.6,13.8,-0.2946428571428571,26.933333333333334,0.952970297029703,0.2,0.3,0.3333333333333333,0.3595505617977528,0.30546616242890473,0.47300506903063055,1.0237275352538975,1.0576253481894151,1.07,1.044066223015208,1.054439733809125,1.0128464620595645,1.03,1.0,1.0,89,1,0,-3.6799999999999997,4,235.51999999999998,121.5,121.5,100,1630583
2025-12-15,Santi Aldama,PTS,14.466666666666667,OVER,0.5632,0.075712,3,0,A,14.126563653139101,6.7492503992947945,12.4,15.0,-0.23275862068965525,27.466666666666665,1.0800970873786409,0.4,0.4,0.3333333333333333,0.36666666666666664,0.3715597956735637,0.47777014743391083,0.9623991505324059,1.0271587743732593,1.004,1.001254924836918,1.0023529549021508,0.9840175730949856,1.02,1.0,1.0,90,0,0,-0.039999999999999855,2,228.41299999999998,118.0,118.0,100,1630583
2025-12-17,Santi Aldama,PTS,13.866666666666667,UNDER,0.5687,0.08621699999999988,8,1,A,13.680279892666704,7.356888576280705,11.6,12.4,-0.3275862068965518,27.533333333333335,1.1501210653753027,0.4,0.4,0.4666666666666667,0.42857142857142855,0.43041411675914487,0.5377732498166471,1.0027885560043268,0.9766713091922007,0.985,0.9871182079170511,0.9862709247502306,0.9802576852690538,1.0,1.0,1.0,91,0,0,3.2400000000000007,1,233.09349999999998,112.2,112.2,100,1630583
2025-12-20,Santi Aldama,PTS,13.133333333333333,UNDER,0.5197,-0.007372999999999963,37,0,D,12.295575837390516,7.356888576280705,12.4,11.2,-0.3423423423423424,27.8,1.2110311750599518,0.4,0.3,0.4,0.42391304347826086,0.36212249470919305,0.5983362368363915,1.0123152953785393,1.0680710306406687,1.069,1.0457687365358168,1.0550612419214902,1.0231782884932152,1.02,1.0,1.0,92,1,0,-5.880000000000001,2,234.1975,122.7,122.7,100,1630583
2025-12-22,Santi Aldama,PTS,14.666666666666666,UNDER,0.5519,0.05412899999999987,9,1,A,15.113761230239561,9.60406659900353,18.4,13.7,-0.0636363636363636,28.6,1.177156177156177,0.6,0.3,0.3333333333333333,0.3655913978494624,0.3730218612329697,0.6354517881219235,1.004674056505473,0.910515320334262,0.968,0.9481788148027464,0.9561072888816478,0.9689851588628763,1.0,1.0,1.0,93,0,0,6.919999999999999,1,233.31199999999998,104.6,104.6,100,1630583
2025-12-23,Santi Aldama,PTS,14.466666666666667,UNDER,0.5401,0.03159099999999998,37,0,B,14.079673448982476,9.69437735911659,15.8,13.2,0.028571428571428692,28.6,1.1072261072261071,0.4,0.3,0.3333333333333333,0.3617021276595745,0.3375241377890083,0.6885370881820553,1.0237275352538975,1.0576253481894151,1.07,1.044066223015208,1.054439733809125,0.9680497925311202,0.95,1.0,1.0,94,0,1,-1.28,0,235.51999999999998,121.5,121.5,100,1630583
2025-12-26,Santi Aldama,PTS,16.266666666666666,OVER,0.5216,-0.003744000000000136,12,0,D,19.508456728892497,11.196087752084695,18.8,15.6,0.39393939393939403,29.133333333333333,1.0869565217391306,0.4,0.4,0.4,0.23157894736842105,0.42789935471123985,0.5739094541242218,0.9885976838114898,1.0106197771587744,1.0,1.0018109398198605,1.0010865638919162,1.0243782429772768,1.02,1.0,1.0,95,1,0,-2.3600000000000003,2,231.44899999999998,116.1,116.1,100,1630583
2025-10-27,Jose Alvarado,PTS,11.2,UNDER,0.5433,0.037702999999999987,5,1,B,11.812090728269368,6.304193615590907,14.2,12.9,0.7241379310344827,25.066666666666666,0.7978723404255319,0.8,0.6,0.4666666666666667,0.40350877192982454,0.5557158945959487,0.5337068399333703,0.9564449384235232,0.9949512534818943,0.973,0.9795487274585458,0.9769292364751274,1.0346614257638023,1.02,1.0,1.0,57,1,0,4.32,2,227.976,114.3,114.3,100,1630631
2025-10-29,Jose Alvarado,PTS,10.733333333333333,UNDER,0.579,0.10588999999999993,3,1,A,10.285910318542847,6.49688570082034,9.8,12.4,0.6607142857142858,24.866666666666667,0.7908847184986596,0.6,0.6,0.4,0.43103448275862066,0.475500231842362,0.6316296272881292,0.9973305282378511,1.0045264623955434,0.996,1.0016480887324666,0.9993888532394799,0.9681996086105675,1.0,1.0,1.0,58,0,0,7.32,1,232.714,115.4,115.4,100,1630631
2025-10-31,Jose Alvarado,PTS,10.466666666666667,UNDER,0.7226,0.380166,4,1,A,8.83543627377071,6.738658902891865,7.2,11.8,0.29508196721311486,23.933333333333334,0.5431754874651811,0.4,0.6,0.4,0.423728813559322,0.430250402055743,0.7626854740491494,0.9623991505324059,1.0271587743732593,1.014,1.001254924836918,1.0063529549021508,0.9626975268754039,1.0,1.0,1.0,59,0,0,2.4,1,228.666,118.0,118.0,100,1630631
2025-11-02,Jose Alvarado,PTS,10.533333333333333,UNDER,0.6721,0.28371100000000005,3,1,A,8.905675808242222,6.66404710438963,5.2,11.2,-0.2533333333333333,23.133333333333333,0.7492795389048991,0.2,0.6,0.4,0.4166666666666667,0.38930666290505206,0.7482921282876748,1.004674056505473,0.910515320334262,0.953,0.9481788148027464,0.9501072888816477,0.9585448392554992,1.0,0.95,1.0,60,0,0,9.36,1,233.56499999999997,104.6,104.6,100,1630631
2025-11-04,Jose Alvarado,PTS,10.2,UNDER,0.6315,0.20616499999999982,18,0,A,8.302400145950514,6.919950453992737,3.0,10.3,-0.5425531914893618,22.6,0.7079646017699115,0.0,0.5,0.4,0.4098360655737705,0.352259235687203,0.833487947141157,0.9908801317865614,1.021065459610028,1.048,1.0089913284806413,1.0245947970883846,1.047699214365881,1.0,1.0,1.0,61,1,0,0.43999999999999984,1,231.96649999999997,117.3,117.3,100,1630631
2025-11-05,Jose Alvarado,PTS,10.8,UNDER,0.618,0.18037999999999998,13,0,A,9.64953394144527,7.193250804946061,6.6,10.4,-0.5346534653465347,23.466666666666665,0.9232954545454547,0.2,0.5,0.4666666666666667,0.41935483870967744,0.44123222264794937,0.7454505936344407,1.0145977433536109,0.9845055710306407,0.974,0.9965424399598288,0.9875254639758972,0.9477124183006536,0.95,1.0,1.0,62,0,1,2.52,0,234.71499999999997,113.1,113.1,100,1630631
2025-11-08,Jose Alvarado,PTS,11.0,UNDER,0.6075,0.16032500000000005,8,1,A,9.933408385026041,7.211102550927978,8.2,9.0,-0.5619047619047619,23.133333333333333,1.037463976945245,0.4,0.5,0.5333333333333333,0.3968253968253968,0.5217383104444582,0.7259444363324717,1.0000099236868483,0.9749303621169918,0.987,0.9849621867449343,0.9857773120469606,0.952025,1.02,1.0,1.0,63,0,0,6.68,2,233.0245,112.0,112.0,100,1630631
2025-11-10,Jose Alvarado,PTS,10.933333333333334,UNDER,0.6494,0.24035399999999996,8,1,A,9.826666150636356,7.235494520237089,9.2,8.2,-0.509090909090909,22.4,1.056547619047619,0.4,0.4,0.5333333333333333,0.421875,0.47208834571300745,0.7363122354338386,0.992070974208338,0.9871169916434542,0.973,0.9890985846694077,0.9826591508016446,0.9519124898271818,1.0,1.0,1.0,64,0,0,4.32,1,232.10449999999997,113.4,113.4,100,1630631
2025-11-12,Jose Alvarado,PTS,10.8,UNDER,0.6606,0.2617459999999999,5,1,A,9.868200509283952,7.272256478268234,10.0,7.6,-0.43000000000000005,22.133333333333333,0.9487951807228916,0.4,0.3,0.5333333333333333,0.4153846153846154,0.42716319981982515,0.736938459187826,1.0176740862765334,1.0149721448467968,1.02,1.0160529214186913,1.0176317528512149,1.0528156610135373,1.0,1.0,1.0,65,1,0,0.07999999999999989,1,235.0715,116.6,116.6,100,1630631
2025-11-14,Jose Alvarado,PTS,10.333333333333334,UNDER,0.6788,0.2965079999999999,8,1,A,9.934344514316308,7.4129873163510105,10.4,6.7,-0.3655913978494624,21.6,0.9567901234567902,0.4,0.2,0.4666666666666667,0.4090909090909091,0.35918094341956963,0.7461979303886845,0.9876053151266759,1.0280292479108637,1.038,1.0118596747971886,1.0223158048783132,1.0475522445820435,1.0,1.0,1.0,66,1,0,1.28,1,231.587,118.1,118.1,100,1630631
2025-11-16,Jose Alvarado,PTS,9.733333333333333,UNDER,0.5994,0.14485400000000004,18,0,A,11.04188958741247,7.1958983025715675,8.4,7.5,-0.20253164556962033,21.2,1.0377358490566038,0.2,0.2,0.4,0.43283582089552236,0.2976680540661038,0.651690840195934,1.000208397423811,0.9662256267409473,0.952,0.9798187350140928,0.9686912410084557,1.0448290241868223,1.0,1.0,1.0,67,1,0,2.5200000000000005,1,233.04749999999999,111.0,111.0,100,1630631
2025-11-17,Jose Alvarado,PTS,9.133333333333333,UNDER,0.5252,0.003131999999999968,6,1,C,10.42738143786164,5.914469746389137,9.4,8.8,0.3928571428571428,21.0,1.0793650793650795,0.2,0.3,0.4,0.4411764705882353,0.3645037754370022,0.5672056576844691,1.004674056505473,0.910515320334262,0.953,0.9481788148027464,0.9501072888816477,1.0491071428571428,0.95,1.0,1.0,68,1,1,6.959999999999999,0,233.56499999999997,104.6,104.6,100,1630631
2025-11-19,Jose Alvarado,PTS,8.466666666666667,OVER,0.5892,0.12537199999999982,2,0,A,9.604091130651796,5.642525608102743,9.0,9.1,0.5348837209302324,21.0,1.0952380952380953,0.2,0.3,0.3333333333333333,0.5362318840579711,0.3024843516453966,0.587512710088144,0.9973305282378511,1.0045264623955434,0.996,1.0016480887324666,0.9993888532394799,1.0451959544879899,1.0,1.0,1.0,69,1,0,4.92,1,232.714,115.4,115.4,100,1630631
2025-11-21,Jose Alvarado,PTS,7.666666666666667,OVER,0.5576,0.06501599999999996,5,0,A,8.653579739320321,5.652643713553945,7.8,8.9,0.17021276595744683,20.733333333333334,1.0771704180064308,0.4,0.6,0.4666666666666667,0.6142857142857143,0.4786368214250633,0.6532144943287853,1.0145977433536109,0.9845055710306407,0.974,0.9965424399598288,0.9875254639758972,0.9586937716262977,1.0,1.0,1.0,70,0,0,2.52,1,234.71499999999997,113.1,113.1,100,1630631
2025-11-22,Jose Alvarado,PTS,7.066666666666666,OVER,0.6468,0.23538800000000004,8,1,A,6.3078088795653,5.40458359261135,7.8,9.1,0.1304347826086958,19.8,1.0437710437710437,0.4,0.6,0.4,0.6056338028169014,0.4057562022898133,0.8568083935009464,1.0223382190951582,1.0053969359331478,1.026,1.012173449197952,1.0177040695187711,1.04272100567721,0.95,1.0,1.0,71,1,1,1.0799999999999996,0,235.61199999999997,115.5,115.5,100,1630631
2025-11-24,Jose Alvarado,PTS,7.6,UNDER,0.5014,-0.04232600000000014,16,0,D,7.194001838312488,5.039841267341661,7.8,8.1,-0.03703703703703698,20.733333333333334,0.9003215434083601,0.4,0.6,0.4666666666666667,0.6111111111111112,0.4896382797814112,0.700561576242781,1.030674116047594,1.0201949860724235,1.037,1.0243866380624918,1.029431982837495,1.0405405405405406,1.0,1.0,1.0,72,1,0,0.2,1,236.57799999999997,117.2,117.2,100,1630631
2025-11-26,Jose Alvarado,PTS,8.333333333333334,OVER,0.5431,0.03732099999999999,24,1,B,8.024883981046287,5.420419945073664,7.4,8.4,0.10526315789473695,21.4,1.074766355140187,0.2,0.2,0.26666666666666666,0.5205479452054794,0.2826301441742653,0.6754515028349292,1.0086435312447282,0.9897284122562676,1.001,0.9972944598516518,0.9987766759109911,1.0432595946848786,1.0,1.0,1.0,73,1,0,1.2399999999999998,1,234.02499999999998,113.7,113.7,100,1630631
2025-11-29,Jose Alvarado,PTS,9.733333333333333,UNDER,0.5078,-0.030101999999999962,7,1,D,10.156707297154071,6.54071497475256,11.0,10.0,0.3389830508474576,22.266666666666666,1.1377245508982037,0.4,0.3,0.3333333333333333,0.43243243243243246,0.37822921526319325,0.6439798630984749,1.000208397423811,0.9662256267409473,0.952,0.9798187350140928,0.9686912410084557,0.9442019099590724,1.02,1.0,1.0,74,0,0,4.92,2,233.04749999999999,111.0,111.0,100,1630631
2025-11-30,Jose Alvarado,PTS,9.933333333333334,UNDER,0.5253,0.003322999999999965,12,0,C,9.627185071271242,6.397171994233821,12.0,9.9,0.0793650793650793,23.266666666666666,1.2893982808022924,0.4,0.3,0.3333333333333333,0.4266666666666667,0.3422359465645149,0.6644903932847208,0.9876053151266759,1.0280292479108637,1.038,1.0118596747971886,1.0223158048783132,0.9434121621621621,0.95,1.0,1.0,75,0,1,3.6799999999999997,0,231.587,118.1,118.1,100,1630631
2025-12-02,Jose Alvarado,PTS,10.533333333333333,OVER,0.5337,0.019366999999999857,14,1,C,11.947794143440888,6.116332545694667,13.4,10.6,-0.05128205128205121,23.933333333333334,1.1977715877437327,0.6,0.4,0.4,0.40789473684210525,0.4321627755979484,0.5119214871183915,1.0027885560043268,0.9766713091922007,0.967,0.9871182079170511,0.9790709247502306,1.0506683033278779,1.0,1.0,1.0,76,1,0,3.28,1,233.3465,112.2,112.2,100,1630631
2025-12-04,Jose Alvarado,PTS,10.266666666666667,OVER,0.6003,0.14657299999999984,13,1,A,11.529650806817926,5.848890818738525,14.6,11.2,0.303030303030303,23.533333333333335,1.1898016997167138,0.8,0.5,0.4,0.4155844155844156,0.48619963200734184,0.5072912368933021,1.0027885560043268,0.9766713091922007,0.967,0.9871182079170511,0.9790709247502306,1.0516155352480419,1.0,1.0,1.0,77,1,0,3.28,1,233.3465,112.2,112.2,100,1630631
2025-12-06,Jose Alvarado,PTS,10.266666666666667,OVER,0.5027,-0.03984299999999996,9,0,D,11.038775387272835,5.848890818738525,14.0,10.7,0.7090909090909092,23.466666666666665,1.0653409090909092,0.8,0.5,0.4,0.4230769230769231,0.5350942016395973,0.5298496086334004,0.9727197848544692,1.00974930362117,1.013,0.9949374961144897,1.0021624976686938,0.9424591472088264,1.0,1.0,1.0,78,0,0,2.2399999999999998,1,229.86199999999997,116.0,116.0,100,1630631
2025-12-08,Jose Alvarado,PTS,10.333333333333334,OVER,0.5829,0.11333899999999986,10,0,A,10.783928463863731,5.8268671644701975,11.0,11.0,0.8269230769230769,24.333333333333332,1.0547945205479452,0.6,0.5,0.4,0.4177215189873418,0.4841732558175864,0.5403288035520325,1.0000099236868483,0.9749303621169918,0.987,0.9849621867449343,0.9857773120469606,1.0526185464900335,1.0,1.0,1.0,79,1,0,4.279999999999999,1,233.0245,112.0,112.0,100,1630631
2025-12-11,Jose Alvarado,PTS,10.466666666666667,OVER,0.6712,0.281992,4,0,A,10.281135964665054,5.792441709018827,11.6,11.8,0.7115384615384615,24.866666666666667,1.1126005361930296,0.6,0.5,0.4,0.4125,0.43809807867604894,0.5634048347309778,1.0176740862765334,1.0149721448467968,1.02,1.0160529214186913,1.0176317528512149,1.0513784461152882,1.02,1.0,1.0,80,1,0,0.07999999999999989,2,235.0715,116.6,116.6,100,1630631
2025-12-14,Jose Alvarado,PTS,10.4,OVER,0.5938,0.1341579999999999,3,0,A,9.900795410297633,5.865151319446071,10.0,11.7,0.09523809523809534,24.933333333333334,1.1229946524064172,0.4,0.5,0.4,0.4074074074074074,0.3964075343557508,0.5923919317983115,1.030674116047594,1.0201949860724235,1.037,1.0243866380624918,1.029431982837495,0.9465152907205671,1.02,1.0,1.0,81,0,0,2.6,2,236.57799999999997,117.2,117.2,100,1630631
2025-12-18,Jose Alvarado,PTS,10.066666666666666,OVER,0.5638,0.07685799999999987,7,0,A,10.38753412139613,6.14662121664841,7.8,11.2,-0.17721518987341767,24.733333333333334,0.9703504043126684,0.2,0.5,0.4,0.4024390243902439,0.35868436987645863,0.5917305440169546,0.9642846510335521,0.982764623955432,0.955,0.97537263478668,0.967223580872008,1.0519572439693774,1.03,1.0,1.0,82,1,0,4.88,3,228.88449999999997,112.9,112.9,100,1630631
2025-12-20,Jose Alvarado,PTS,9.333333333333334,OVER,0.5447,0.040376999999999885,3,0,B,8.344886591358772,5.777625150609235,6.6,10.3,-0.11764705882352933,25.066666666666666,0.9441489361702128,0.2,0.5,0.4,0.43373493975903615,0.3879651787506586,0.6923551431594089,1.0028877928728082,1.013231197771588,0.966,1.009093835812076,0.9918563014872457,1.0494150246305418,1.0,1.0,1.0,83,1,0,-1.92,1,233.358,116.4,116.4,100,1630631
2025-12-22,Jose Alvarado,PTS,9.133333333333333,UNDER,0.5841,0.11563099999999982,6,1,A,7.137040512484646,5.9505902068218255,5.4,8.2,-0.33783783783783783,25.0,0.9333333333333332,0.2,0.4,0.4,0.42857142857142855,0.35104541062860545,0.833761584568927,1.0145977433536109,0.9845055710306407,0.974,0.9965424399598288,0.9875254639758972,1.045112474437628,1.0,1.0,1.0,84,1,0,0.11999999999999993,1,234.71499999999997,113.1,113.1,100,1630631
2025-12-23,Jose Alvarado,PTS,9.4,UNDER,0.6627,0.2657569999999999,6,1,A,7.399711889639775,5.692099788303083,4.6,8.1,-0.5116279069767442,24.8,0.913978494623656,0.0,0.4,0.4,0.4235294117647059,0.3176390229665606,0.7692326232690905,1.0140023221427226,0.9975626740947077,1.029,1.0041385333139137,1.014083119988348,0.9499672069708611,0.95,1.0,1.0,85,0,1,4.8,0,234.64600000000002,114.6,114.6,100,1630631
2025-12-26,Jose Alvarado,PTS,9.466666666666667,UNDER,0.6821,0.30281100000000005,11,0,A,7.629549344650513,5.642525608102744,5.0,7.5,-0.5851063829787234,25.133333333333333,0.8355437665782494,0.0,0.3,0.4,0.4186046511627907,0.2874116734085276,0.7395621095312821,0.992070974208338,0.9871169916434542,0.973,0.9890985846694077,0.9826591508016446,1.0448188843909363,1.02,1.0,1.0,86,1,0,1.92,2,232.10449999999997,113.4,113.4,100,1630631
2025-10-24,Deni Avdija,PTS,25.333333333333332,UNDER,0.5013,-0.04251700000000008,26,0,D,24.490322816277057,8.269277621470474,29.6,27.3,0.0862068965517242,35.46666666666667,0.9492481203007518,0.8,0.6,0.5333333333333333,0.1917808219178082,0.5591072107042915,0.3376549048987809,1.000208397423811,0.9662256267409473,0.97,0.9798187350140928,0.9758912410084557,1.0075406433759944,1.0,1.0,1.0,73,1,0,1.2399999999999998,1,233.84099999999998,111.0,111.0,100,1630166
2025-10-26,Deni Avdija,PTS,26.266666666666666,UNDER,0.6054,0.15631400000000006,23,1,A,27.647576366490966,7.401415566021973,28.2,26.8,0.10614525139664788,35.86666666666667,0.9014869888475837,0.4,0.4,0.4666666666666667,0.16216216216216217,0.4151546819317899,0.26770576443700633,0.9623991505324059,1.0271587743732593,1.004,1.001254924836918,1.0023529549021508,0.9895360931974204,1.0,1.0,1.0,74,0,0,1.12,1,229.4595,118.0,118.0,100,1630166
2025-10-27,Deni Avdija,PTS,25.533333333333335,UNDER,0.6701,0.279891,25,1,A,26.122092624509605,7.120058854759425,26.4,25.5,0.21604938271604945,35.333333333333336,0.8962264150943396,0.6,0.5,0.5333333333333333,0.2,0.541263920068055,0.2725684713359786,0.9876053151266759,1.0280292479108637,1.007,1.0118596747971886,1.0099158048783132,0.9919672718585762,0.95,1.0,1.0,75,0,1,2.4,0,232.38049999999998,118.1,118.1,100,1630166
2025-10-29,Deni Avdija,PTS,25.4,UNDER,0.5163,-0.013867000000000074,19,1,D,24.902360536537344,7.109349980332741,26.2,26.3,0.18867924528301883,34.733333333333334,0.9021113243761996,0.4,0.5,0.4666666666666667,0.19736842105263158,0.46242354452502127,0.2854889989204731,1.0237275352538975,1.0576253481894151,1.07,1.044066223015208,1.054439733809125,0.9948971820258949,1.0,1.0,1.0,76,0,0,-0.1200000000000001,1,236.56649999999996,121.5,121.5,100,1630166
2025-10-31,Deni Avdija,PTS,25.4,UNDER,0.5151,-0.016159000000000034,23,1,D,23.624830214515896,7.10934998033274,22.6,26.5,0.01734104046242768,34.733333333333334,0.9500959692898272,0.2,0.5,0.4666666666666667,0.19480519480519481,0.41841812606705675,0.3009270295608099,0.9973305282378511,1.0045264623955434,0.98,1.0016480887324666,0.9929888532394799,1.0050154320987654,1.0,1.0,1.0,77,1,0,3.6399999999999997,1,233.5075,115.4,115.4,100,1630166
2025-11-03,Deni Avdija,PTS,25.933333333333334,UNDER,0.5194,-0.00794600000000012,33,0,D,25.70566745751853,6.551626479265245,23.2,26.4,-0.08947368421052626,35.13333333333333,0.9392789373814042,0.2,0.5,0.4666666666666667,0.19230769230769232,0.37860037684996023,0.2548708953032453,0.9876053151266759,1.0280292479108637,1.007,1.0118596747971886,1.0099158048783132,1.0071905854193677,1.02,1.0,1.0,78,1,0,-0.0,2,232.38049999999998,118.1,118.1,100,1630166
2025-11-05,Deni Avdija,PTS,26.066666666666666,UNDER,0.5431,0.03732099999999999,26,1,B,27.292128094021564,6.681174689984931,24.6,26.4,-0.08648648648648649,34.93333333333333,0.9828244274809161,0.2,0.3,0.3333333333333333,0.16455696202531644,0.30839696585427984,0.2448022619184638,1.004674056505473,0.910515320334262,0.968,0.9481788148027464,0.9561072888816478,1.0129967389655694,1.0,1.0,1.0,79,1,0,5.68,1,234.35849999999996,104.6,104.6,100,1630166
2025-11-08,Deni Avdija,PTS,25.4,OVER,0.5553,0.06062299999999998,33,1,A,24.566869621236037,6.092149515096105,25.2,25.8,-0.05913978494623662,34.86666666666667,1.0133843212237095,0.4,0.5,0.4666666666666667,0.2125,0.4912410185759939,0.2479823277862778,1.037422223104328,0.9758008356545962,1.008,1.000449390634489,1.0034696343806933,0.9850450201814606,1.02,1.0,1.0,80,0,0,3.28,2,238.15349999999998,112.1,112.1,100,1630166
2025-11-10,Deni Avdija,PTS,26.466666666666665,OVER,0.5534,0.05699399999999999,27,1,A,25.621010918581533,5.914469746389137,26.8,26.5,-0.03703703703703709,34.733333333333334,1.055662188099808,0.4,0.3,0.3333333333333333,0.1728395061728395,0.35025767462605684,0.23084451137326872,1.0031855034782524,0.9845055710306407,0.991,0.9919775440096854,0.9915865264058112,0.9904728995952217,1.0,1.0,1.0,81,0,0,3.2399999999999998,1,234.18599999999998,113.1,113.1,100,1630166
2025-11-12,Deni Avdija,PTS,27.133333333333333,OVER,0.5125,-0.021125000000000116,32,1,D,26.73792124992883,5.303188618539748,28.4,25.5,-0.06060606060606055,34.53333333333333,1.0521235521235524,0.4,0.2,0.3333333333333333,0.14634146341463414,0.3169262499559205,0.19833960048610225,1.0108267423513184,1.0332520891364905,1.026,1.0242819504224216,1.024969170253453,0.9935628411851946,1.0,1.0,1.0,82,0,0,-0.07999999999999989,1,235.0715,118.7,118.7,100,1630166
2025-11-14,Deni Avdija,PTS,27.666666666666668,UNDER,0.5683,0.085453,22,1,A,28.610085417334858,5.367450401216933,30.2,26.7,-0.02030456852791873,34.733333333333334,1.0268714011516313,0.6,0.3,0.4,0.1566265060240964,0.4092616150673543,0.18760693381099777,0.9642846510335521,0.982764623955432,0.948,0.97537263478668,0.964423580872008,0.9978947844983701,1.0,1.0,1.0,83,0,0,6.0,1,229.67799999999997,112.9,112.9,100,1630166
2025-11-16,Deni Avdija,PTS,26.933333333333334,UNDER,0.5596,0.0688359999999999,29,0,A,27.64889092642943,5.338093114140863,28.0,26.3,0.03703703703703698,34.0,0.9803921568627452,0.6,0.4,0.4,0.19047619047619047,0.4432732494237237,0.19306716961432285,1.0145977433536109,0.9845055710306407,0.995,0.9965424399598288,0.9959254639758973,0.9990401396160559,1.0,1.0,1.0,84,0,0,1.24,1,235.50849999999997,113.1,113.1,100,1630166
2025-11-18,Deni Avdija,PTS,26.733333333333334,OVER,0.5176,-0.011384000000000116,19,0,D,27.00817667819433,5.188815811320491,28.6,26.9,0.1477272727272727,34.06666666666667,1.0176125244618393,0.8,0.5,0.4,0.2,0.49625280445701253,0.19212018171925688,0.992070974208338,0.9871169916434542,0.975,0.9890985846694077,0.9834591508016446,0.9976285756632577,1.0,1.0,1.0,85,1,0,0.6399999999999999,1,232.89799999999997,113.4,113.4,100,1630166
2025-11-19,Deni Avdija,PTS,26.266666666666666,UNDER,0.5868,0.1207879999999999,32,0,A,27.49142654454431,5.560918046852473,25.8,26.3,0.08670520231213863,33.8,0.9664694280078896,0.6,0.5,0.4,0.19767441860465115,0.4490281062779872,0.20227826438333882,1.030674116047594,1.0201949860724235,1.034,1.0243866380624918,1.028231982837495,0.9979378172588833,0.95,1.0,1.0,86,1,1,-1.0799999999999998,0,237.37149999999997,117.2,117.2,100,1630166
2025-11-21,Deni Avdija,PTS,25.933333333333334,OVER,0.6325,0.2080749999999999,26,1,A,25.76112339292058,4.992375138529708,26.8,27.6,0.14792899408284033,34.0,1.0392156862745099,0.6,0.7,0.5333333333333333,0.25287356321839083,0.5956729248700997,0.19379493131505526,1.000208397423811,0.9662256267409473,0.97,0.9798187350140928,0.9758912410084557,0.9975259571706684,1.0,1.0,1.0,87,0,0,3.6399999999999997,1,233.84099999999998,111.0,111.0,100,1630166
2025-11-23,Deni Avdija,PTS,26.333333333333332,UNDER,0.5407,0.032736999999999905,11,1,B,26.60058585123693,4.715728494951256,25.6,27.9,0.0685714285714285,34.46666666666667,1.034816247582205,0.4,0.6,0.4,0.20454545454545456,0.4537397845641343,0.1772791216450586,1.004674056505473,0.910515320334262,0.968,0.9481788148027464,0.9561072888816478,0.9995963436547828,1.0,0.9199999999999999,1.0,88,0,0,8.08,1,234.35849999999996,104.6,104.6,100,1630166
2025-11-24,Deni Avdija,PTS,25.333333333333332,UNDER,0.551,0.05241000000000007,22,1,A,24.245711178616602,6.1605503773916945,23.4,25.7,-0.06043956043956045,34.13333333333333,0.99609375,0.6,0.7,0.5333333333333333,0.25842696629213485,0.5712013947638612,0.254088252227675,0.9885976838114898,1.0106197771587744,1.0,1.0018109398198605,1.0010865638919162,0.9976380445795339,0.95,1.0,1.0,89,0,1,1.2,0,232.4955,116.1,116.1,100,1630166
2025-11-26,Deni Avdija,PTS,25.266666666666666,UNDER,0.6059,0.157269,37,0,A,24.234864908766667,6.192929916637273,22.0,25.3,-0.13440860215053774,34.0,0.9313725490196079,0.4,0.6,0.5333333333333333,0.25555555555555554,0.5168443952166711,0.25553804157567456,1.0000099236868483,0.9749303621169918,0.973,0.9849621867449343,0.9801773120469606,1.0017045371413522,1.0,1.0,1.0,90,1,0,3.0,1,233.81799999999998,112.0,112.0,100,1630166
2025-11-30,Deni Avdija,PTS,26.066666666666666,UNDER,0.618,0.18037999999999998,31,0,A,25.020903912739413,6.891678902505404,25.6,25.7,-0.08808290155440424,34.53333333333333,0.916988416988417,0.4,0.5,0.4666666666666667,0.2087912087912088,0.458633585202728,0.27543684778696187,1.004674056505473,0.910515320334262,0.968,0.9481788148027464,0.9561072888816478,1.0079714397496087,1.03,1.0,1.0,91,1,0,5.68,3,234.35849999999996,104.6,104.6,100,1630166
2025-12-02,Deni Avdija,PTS,26.866666666666667,UNDER,0.5376,0.026815999999999895,25,1,B,26.308026178601267,6.706784056532041,25.4,26.1,-0.09183673469387765,34.733333333333334,1.036468330134357,0.4,0.5,0.5333333333333333,0.21739130434782608,0.5374837144088317,0.2549330007124322,0.9889946312854152,0.9792827298050141,0.965,0.9831674903971745,0.9759004942383047,0.989678292066106,1.0,1.0,1.0,92,0,0,3.04,1,232.54149999999996,112.5,112.5,100,1630166
2025-12-03,Deni Avdija,PTS,27.0,UNDER,0.5687,0.08621699999999988,27,1,A,27.49386104366181,6.644009116704849,25.2,25.4,-0.08910891089108919,35.0,1.0857142857142856,0.4,0.4,0.4666666666666667,0.1827956989247312,0.4455603711483309,0.2416542771549542,1.0140023221427226,0.9975626740947077,1.025,1.0041385333139137,1.0124831199883482,0.9914204545454546,0.95,1.0,1.0,93,0,1,3.5200000000000005,0,235.4395,114.6,114.6,100,1630166
2025-12-05,Deni Avdija,PTS,26.6,UNDER,0.5159,-0.014631000000000005,35,0,D,26.487591717034093,6.434283176858165,28.4,25.9,-0.0478723404255319,35.0,1.0476190476190474,0.6,0.5,0.5333333333333333,0.22340425531914893,0.5352170282291341,0.24291688144378548,1.0052694777163613,0.9636142061281339,0.965,0.9802763147634248,0.9741657888580548,0.993531715988018,1.0,1.0,1.0,94,0,0,5.279999999999999,1,234.42749999999998,110.7,110.7,100,1630166
2025-12-07,Deni Avdija,PTS,27.2,OVER,0.5265,0.00561499999999987,17,0,C,28.49617944857482,6.78443596981882,31.0,26.5,-0.030927835051546393,35.06666666666667,1.0551330798479086,0.6,0.4,0.4666666666666667,0.18947368421052632,0.46255757273719567,0.23808230089448465,1.0086435312447282,0.9897284122562676,1.005,0.9972944598516518,1.000376675910991,0.9973402009625939,1.0,1.0,1.0,95,0,0,2.3600000000000003,1,234.81849999999997,113.7,113.7,100,1630166
2025-12-11,Deni Avdija,PTS,26.133333333333333,OVER,0.5727,0.09385699999999997,16,0,A,26.24955413507155,7.059610133576446,27.0,26.3,0.03743315508021383,34.666666666666664,1.0096153846153846,0.6,0.5,0.5333333333333333,0.22916666666666666,0.521704292978999,0.2689420969685817,1.0108267423513184,1.0332520891364905,1.026,1.0242819504224216,1.024969170253453,0.9969066453261104,1.03,1.0,1.0,96,0,0,-0.07999999999999989,3,235.0715,118.7,118.7,100,1630166
2025-12-14,Deni Avdija,PTS,25.4,UNDER,0.556,0.061960000000000015,26,0,A,25.643028936880455,7.519498463518504,24.0,24.7,0.09941520467836273,34.46666666666667,0.9767891682785299,0.4,0.5,0.5333333333333333,0.27835051546391754,0.49452796590849096,0.29323752985762813,1.000208397423811,0.9662256267409473,0.97,0.9798187350140928,0.9758912410084557,1.0046699680310913,1.02,1.0,1.0,97,1,0,1.2399999999999998,2,233.84099999999998,111.0,111.0,100,1630166
2025-12-18,Deni Avdija,PTS,25.0,UNDER,0.5246,0.0019859999999998768,35,0,C,24.338312182384698,7.299706452023552,24.2,24.7,0.0993788819875776,34.333333333333336,0.9320388349514562,0.6,0.5,0.5333333333333333,0.2857142857142857,0.5426299897832545,0.2999265683389027,1.0066587938751006,1.0393454038997216,1.034,1.0262707598898733,1.029362455933924,1.006790391957856,1.03,1.0,1.0,98,1,0,-3.7600000000000002,3,234.58849999999998,119.4,119.4,100,1630166
2025-12-20,Deni Avdija,PTS,25.866666666666667,OVER,0.5933,0.13320300000000007,24,0,A,26.6155598557566,7.6799057533899715,25.8,27.1,0.02840909090909105,35.13333333333333,1.015180265654649,0.6,0.6,0.6,0.29292929292929293,0.6134868042537791,0.28854947237673484,1.0066587938751006,1.0393454038997216,1.034,1.0262707598898733,1.029362455933924,0.9903879610299234,1.0,1.0,1.0,99,0,0,-1.36,1,234.58849999999998,119.4,119.4,100,1630166
2025-12-22,Deni Avdija,PTS,25.533333333333335,OVER,0.6075,0.16032500000000005,18,0,A,24.939276736401325,7.6426123681319735,23.6,27.3,0.011235955056179803,35.2,1.0890151515151516,0.4,0.6,0.5333333333333333,0.29,0.527773512574742,0.30644883766724595,1.0052694777163613,0.9636142061281339,0.965,0.9802763147634248,0.9741657888580548,1.0103092783505154,1.0,1.0,1.0,100,1,0,2.88,1,234.42749999999998,110.7,110.7,100,1630166
2025-12-23,Deni Avdija,PTS,25.466666666666665,UNDER,0.502,-0.04118000000000005,25,1,D,25.82600672295257,7.7077573787401885,23.8,25.4,-0.07065217391304346,35.86666666666667,1.1245353159851301,0.4,0.5,0.5333333333333333,0.2871287128712871,0.4775492224258986,0.2984494452210456,1.0031855034782524,0.9845055710306407,0.991,0.9919775440096854,0.9915865264058112,1.0096649198383443,0.95,1.0,1.0,101,1,1,0.8399999999999999,0,234.18599999999998,113.1,113.1,100,1630166
2025-12-26,Deni Avdija,PTS,25.0,OVER,0.5727,0.09385699999999997,29,1,A,24.91315300015208,7.492853738253347,25.6,24.8,-0.1005586592178771,35.8,1.080074487895717,0.4,0.4,0.4666666666666667,0.28431372549019607,0.40477210201955055,0.30075895002963327,0.9623991505324059,1.0271587743732593,1.004,1.001254924836918,1.0023529549021508,1.0110889368139826,1.02,1.0,1.0,102,1,0,-1.2799999999999998,2,229.4595,118.0,118.0,100,1630166
2025-10-24,Desmond Bane,PTS,21.933333333333334,UNDER,0.5099,-0.026090999999999975,15,1,D,22.502105421083343,10.291929339235162,26.4,21.2,0.12751677852349008,33.733333333333334,1.0474308300395256,0.8,0.5,0.4666666666666667,0.38571428571428573,0.5343650655595137,0.4573762830918098,1.0223382190951582,1.0053969359331478,1.026,1.012173449197952,1.0177040695187711,0.9674074074074075,1.0,1.0,1.0,70,1,0,-2.2399999999999998,1,234.7265,115.5,115.5,100,1630217
2025-10-25,Desmond Bane,PTS,21.466666666666665,UNDER,0.5393,0.03006299999999995,14,1,B,24.532886145696466,10.446234226926444,21.8,22.4,0.17985611510791366,33.93333333333333,0.982318271119843,0.6,0.5,0.4,0.38028169014084506,0.45618120282410707,0.4258053522479218,1.030674116047594,1.0201949860724235,1.037,1.0243866380624918,1.029431982837495,0.9666870166870167,0.95,1.0,1.0,71,1,1,-3.12,0,235.69249999999997,117.2,117.2,100,1630217
2025-10-27,Desmond Bane,PTS,19.466666666666665,OVER,0.5456,0.04209599999999991,24,1,B,19.977863847758726,8.517768543015297,20.8,20.9,0.41228070175438614,33.266666666666666,0.9719438877755512,0.6,0.4,0.4666666666666667,0.5138888888888888,0.45253913561616005,0.42636032600506923,0.9950480802627792,0.9853760445682453,0.989,0.9892448588460588,0.9891469153076353,1.0362892365067855,1.0,1.0,1.0,72,0,0,0.96,1,231.564,113.2,113.2,100,1630217
2025-10-29,Desmond Bane,PTS,19.733333333333334,OVER,0.5708,0.09022799999999986,12,0,A,19.131292729403185,8.597895645087204,20.0,22.1,0.32432432432432434,33.13333333333333,0.9859154929577464,0.6,0.5,0.4666666666666667,0.5205479452054794,0.5046369249951915,0.44941529914875866,1.0052694777163613,0.9636142061281339,0.945,0.9802763147634248,0.9661657888580548,1.0369347430110083,1.0,1.0,1.0,73,0,0,3.2399999999999998,1,232.74849999999998,110.7,110.7,100,1630217
2025-10-30,Desmond Bane,PTS,19.866666666666667,OVER,0.5355,0.02280499999999991,9,0,B,19.724153089352058,8.450415599810686,17.6,21.4,0.007194244604316502,33.0,0.9696969696969697,0.4,0.5,0.4666666666666667,0.5135135135135135,0.45661437225825535,0.4284298322736393,0.9908801317865614,1.021065459610028,1.048,1.0089913284806413,1.0245947970883846,1.0335689045936396,0.95,1.0,1.0,74,0,1,-0.4800000000000001,0,231.081,117.3,117.3,100,1630217
2025-11-01,Desmond Bane,PTS,19.066666666666666,OVER,0.5703,0.08927300000000005,5,0,A,15.95482530588879,8.891943919451284,14.8,20.6,-0.11678832116788329,32.86666666666667,0.9432048681541582,0.2,0.5,0.4,0.5066666666666667,0.3858294662468907,0.5573200426186643,1.0123152953785393,1.0680710306406687,1.07,1.0457687365358168,1.0554612419214902,1.0294574216439976,1.0,1.0,1.0,75,0,0,-4.36,1,233.565,122.7,122.7,100,1630217
2025-11-04,Desmond Bane,PTS,19.2,UNDER,0.6735,0.2863849999999999,9,1,A,18.093751299855512,8.645395140932376,12.8,17.3,-0.37037037037037035,32.06666666666667,0.8212058212058211,0.2,0.4,0.4,0.5,0.34911293804102894,0.4778110960882619,1.0223382190951582,1.0053969359331478,1.026,1.012173449197952,1.0177040695187711,1.0243401338572786,1.02,1.0,1.0,76,0,0,0.15999999999999998,2,234.7265,115.5,115.5,100,1630217
2025-11-07,Desmond Bane,PTS,17.866666666666667,UNDER,0.7308,0.39582799999999996,22,0,A,14.663157553817882,8.567935796300285,11.8,16.3,-0.4394904458598726,31.4,0.7537154989384289,0.2,0.4,0.4666666666666667,0.5844155844155844,0.3670052467850907,0.5843172430531124,0.9564449384235232,0.9949512534818943,0.973,0.9795487274585458,0.9769292364751274,0.9775777167988573,1.02,1.0,1.0,77,1,0,1.0,2,227.0905,114.3,114.3,100,1630217
2025-11-09,Desmond Bane,PTS,18.533333333333335,UNDER,0.7462,0.4252419999999999,9,1,A,16.524799555760637,8.467304062996563,11.4,15.7,-0.43452380952380953,31.733333333333334,0.8298319327731092,0.2,0.4,0.5333333333333333,0.5512820512820513,0.45457496525609176,0.5123998045740176,0.9564449384235232,0.9949512534818943,0.973,0.9795487274585458,0.9769292364751274,0.9794160057678443,1.0,1.0,1.0,78,1,0,1.0,1,227.0905,114.3,114.3,100,1630217
2025-11-10,Desmond Bane,PTS,17.866666666666667,UNDER,0.6926,0.322866,22,0,A,15.314331983813418,8.814490234564794,10.8,14.2,-0.4512195121951219,31.733333333333334,0.9873949579831932,0.2,0.3,0.4666666666666667,0.5822784810126582,0.38398413448072843,0.5755713173699856,1.0176740862765334,1.0149721448467968,1.02,1.0160529214186913,1.0176317528512149,0.9764186346895674,0.95,1.0,1.0,79,1,1,-3.2399999999999998,0,234.18599999999998,116.6,116.6,100,1630217
2025-11-12,Desmond Bane,PTS,18.2,UNDER,0.6353,0.21342299999999992,22,0,A,18.98365057434671,8.873717211116046,13.4,14.1,-0.45341614906832295,31.533333333333335,1.099365750528541,0.4,0.3,0.5333333333333333,0.55,0.46993809815973503,0.46743997822565375,0.9857198146255297,0.9932103064066854,0.982,0.9902141096942231,0.9869284658165338,1.0217974513749162,1.0,1.0,1.0,80,0,0,3.3600000000000003,1,230.483,114.1,114.1,100,1630217
2025-11-14,Desmond Bane,PTS,17.133333333333333,UNDER,0.6,0.1459999999999999,19,0,A,16.79695179152054,7.110019757523951,16.8,14.8,-0.33333333333333337,31.266666666666666,1.0874200426439233,0.6,0.4,0.5333333333333333,0.5925925925925926,0.5203801573396244,0.4232922643210324,0.9727197848544692,1.00974930362117,1.013,0.9949374961144897,1.0021624976686938,0.9771397884996695,1.0,1.0,1.0,81,1,0,-3.4799999999999995,1,228.9765,116.0,116.0,100,1630217
2025-11-16,Desmond Bane,PTS,17.133333333333333,UNDER,0.568,0.08487999999999984,26,0,A,18.286737141227604,7.110019757523952,18.8,15.3,-0.22857142857142854,32.266666666666666,1.1053719008264462,0.8,0.5,0.5333333333333333,0.5975609756097561,0.5660220199283726,0.3888074566071359,0.9642846510335521,0.982764623955432,0.955,0.97537263478668,0.967223580872008,1.0221932114882506,1.0,1.0,1.0,82,0,0,3.96,1,227.99899999999997,112.9,112.9,100,1630217
2025-11-18,Desmond Bane,PTS,17.0,UNDER,0.5945,0.13549500000000003,23,0,A,18.711159743619874,6.90755280213519,19.6,15.5,0.06611570247933884,32.6,1.2065439672801637,0.8,0.5,0.5333333333333333,0.6024096385542169,0.6073204850275274,0.3691675394140401,1.000208397423811,0.9662256267409473,0.952,0.9798187350140928,0.9686912410084557,0.9755627915714331,1.0,1.0,1.0,83,1,0,-0.8,1,232.16199999999998,111.0,111.0,100,1630217
2025-11-20,Desmond Bane,PTS,16.933333333333334,OVER,0.5017,-0.041752999999999985,15,0,D,19.11233096192882,6.83966025332782,22.4,16.6,0.4019607843137254,32.93333333333333,1.2449392712550609,1.0,0.6,0.5333333333333333,0.6547619047619048,0.6446888815566951,0.35786635690603175,0.9623991505324059,1.0271587743732593,1.014,1.001254924836918,1.0063529549021508,0.9775458570524984,1.0,1.0,1.0,84,1,0,-3.3200000000000003,1,227.78049999999996,118.0,118.0,100,1630217
2025-11-22,Desmond Bane,PTS,16.4,OVER,0.5458,0.04247799999999985,27,1,B,17.518819081779156,6.641858603906418,21.0,17.2,0.5454545454545454,32.8,1.1585365853658538,0.8,0.6,0.4666666666666667,0.6470588235294118,0.5560063196388709,0.37912707317209715,0.9857198146255297,0.9932103064066854,0.982,0.9902141096942231,0.9869284658165338,0.9768461852305181,1.0,1.0,1.0,85,1,0,0.9600000000000002,1,230.483,114.1,114.1,100,1630217
2025-11-23,Desmond Bane,PTS,17.2,OVER,0.5659,0.08086899999999986,18,1,A,18.569032882818192,7.163399033579361,22.0,19.4,0.6210526315789473,32.733333333333334,1.0386965376782078,0.8,0.7,0.5333333333333333,0.6046511627906976,0.6255902080231325,0.38577125038146753,0.9564449384235232,0.9949512534818943,0.973,0.9795487274585458,0.9769292364751274,1.021051550626412,0.95,1.0,1.0,86,0,1,3.4,0,227.0905,114.3,114.3,100,1630217
2025-11-25,Desmond Bane,PTS,17.466666666666665,OVER,0.5695,0.08774499999999996,15,0,A,19.84724190985162,7.110019757523951,21.8,20.3,0.6666666666666665,32.6,0.9406952965235174,0.8,0.8,0.6,0.6091954022988506,0.6885523139256501,0.3582371691652902,0.9950480802627792,0.9853760445682453,0.989,0.9892448588460588,0.9891469153076353,1.0203010076102206,1.0,1.0,1.0,87,0,0,0.96,1,231.564,113.2,113.2,100,1630217
2025-11-28,Desmond Bane,PTS,16.866666666666667,OVER,0.5604,0.07036399999999998,37,1,A,17.622130906257325,6.895823442663026,19.6,19.6,0.625,32.266666666666666,0.9297520661157025,0.6,0.7,0.5333333333333333,0.6477272727272727,0.595695594529791,0.39131609448063026,1.0052694777163613,0.9636142061281339,0.945,0.9802763147634248,0.9661657888580548,1.018719806763285,1.02,1.0,1.0,88,0,0,3.2399999999999998,2,232.74849999999998,110.7,110.7,100,1630217
2025-12-01,Desmond Bane,PTS,18.533333333333335,OVER,0.6517,0.24474699999999983,37,1,A,19.63956310175945,8.475735675331979,22.4,22.4,0.6428571428571428,32.8,0.9857723577235774,0.4,0.7,0.5333333333333333,0.5617977528089888,0.5612122193088204,0.4315643699106862,1.030674116047594,1.0201949860724235,1.037,1.0243866380624918,1.029431982837495,0.9761115287547657,1.02,1.0,1.0,89,1,0,-3.12,2,235.69249999999997,117.2,117.2,100,1630217
2025-12-03,Desmond Bane,PTS,20.4,OVER,0.6115,0.16796500000000003,14,0,A,21.26988245908524,9.272077899339962,26.8,23.9,0.5925925925925926,33.2,1.0240963855421685,0.6,0.6,0.5333333333333333,0.4666666666666667,0.5752602008953309,0.4359252063181702,1.0000099236868483,0.9749303621169918,0.987,0.9849621867449343,0.9857773120469606,0.9820809248554914,1.0,1.0,1.0,90,1,0,0.9600000000000002,1,232.139,112.0,112.0,100,1630217
2025-12-05,Desmond Bane,PTS,21.0,OVER,0.5965,0.13931499999999997,5,0,A,20.900882406653864,8.459989868281674,24.2,23.1,0.26356589147286824,34.4,1.0755813953488373,0.4,0.5,0.5333333333333333,0.3956043956043956,0.5205169548769787,0.4047671147888191,1.037422223104328,0.9758008356545962,0.993,1.000449390634489,0.9974696343806934,0.9809533306741125,1.0,1.0,1.0,91,1,0,-1.16,1,236.47449999999998,112.1,112.1,100,1630217
2025-12-07,Desmond Bane,PTS,20.733333333333334,OVER,0.5364,0.024523999999999935,16,0,B,20.66741168442354,8.916010211705576,21.6,21.7,0.06993006993007,35.06666666666667,0.9980988593155893,0.4,0.5,0.5333333333333333,0.45652173913043476,0.4709832174948255,0.43140429715373246,0.9857198146255297,0.9932103064066854,0.982,0.9902141096942231,0.9869284658165338,1.0236770217902293,1.0,1.0,1.0,92,0,0,3.3600000000000003,1,230.483,114.1,114.1,100,1630217
2025-12-09,Desmond Bane,PTS,20.333333333333332,UNDER,0.5131,-0.019979000000000025,37,0,D,18.329845645269188,8.989411761039975,21.8,20.7,0.044117647058823595,34.93333333333333,1.001908396946565,0.4,0.4,0.4666666666666667,0.45161290322580644,0.39883093507090706,0.49042484781425766,1.037422223104328,0.9758008356545962,0.993,1.000449390634489,0.9974696343806934,0.9781447772888916,1.0,1.0,1.0,93,1,0,-1.16,1,236.47449999999998,112.1,112.1,100,1630217
2025-12-13,Desmond Bane,PTS,22.2,UNDER,0.5249,0.0025590000000000335,18,1,C,22.41775451821195,9.367115732329625,21.8,22.1,0.045454545454545414,35.13333333333333,0.9962049335863378,0.4,0.4,0.4,0.2872340425531915,0.41978142130453167,0.4178436214349603,0.9857198146255297,0.9932103064066854,0.982,0.9902141096942231,0.9869284658165338,0.9836061783203848,1.03,1.0,1.0,94,1,0,0.9600000000000002,3,230.483,114.1,114.1,100,1630217
2025-12-18,Desmond Bane,PTS,21.933333333333334,OVER,0.5609,0.07131899999999991,6,0,A,21.865535203435456,9.429942180300445,18.0,22.4,0.09333333333333327,35.4,1.0263653483992468,0.2,0.4,0.4666666666666667,0.3894736842105263,0.4100408042181999,0.43126967131446375,0.9973305282378511,1.0045264623955434,0.996,1.0016480887324666,0.9993888532394799,1.0174390826564739,1.03,1.0,1.0,95,0,0,4.0,4,231.8285,115.4,115.4,100,1630217
2025-12-20,Desmond Bane,PTS,20.866666666666667,OVER,0.5585,0.06673499999999999,32,1,A,19.477541861790314,10.287764345964348,16.4,20.3,-0.0699300699300699,35.53333333333333,1.0412757973733584,0.2,0.3,0.4,0.4479166666666667,0.34368795919280476,0.5281859702299584,1.0237275352538975,1.0576253481894151,1.101,1.044066223015208,1.066839733809125,1.013434783621915,1.0,1.0,1.0,96,0,0,-2.16,1,234.8875,121.5,121.5,100,1630217
2025-12-22,Desmond Bane,PTS,21.733333333333334,OVER,0.5125,-0.021125000000000116,20,0,D,21.987385825236515,10.660117036791632,21.8,21.7,-0.20496894409937894,35.46666666666667,1.0526315789473684,0.4,0.4,0.4666666666666667,0.3917525773195876,0.4334766109554858,0.48482876143266856,1.000208397423811,0.9662256267409473,0.952,0.9798187350140928,0.9686912410084557,1.016628543236455,1.0,1.0,1.0,97,0,0,1.6,1,232.16199999999998,111.0,111.0,100,1630217
2025-12-23,Desmond Bane,PTS,21.333333333333332,OVER,0.5418,0.03483799999999987,23,1,B,21.33416115586624,10.600988273786195,22.6,22.2,-0.2209302325581396,34.733333333333334,1.036468330134357,0.4,0.4,0.4,0.3877551020408163,0.36489355405056023,0.49690204345678,1.0176740862765334,1.0149721448467968,1.02,1.0160529214186913,1.0176317528512149,1.016506922257721,0.95,1.0,1.0,98,0,1,-0.8399999999999999,0,234.18599999999998,116.6,116.6,100,1630217
2025-12-26,Desmond Bane,PTS,21.333333333333332,OVER,0.5223,-0.002407000000000048,15,0,D,20.4629205014744,10.600988273786195,19.8,20.8,-0.06748466257668706,34.53333333333333,1.0424710424710426,0.4,0.4,0.4,0.3939393939393939,0.42533192326911423,0.5180584204987929,0.9908801317865614,1.021065459610028,1.048,1.0089913284806413,1.0245947970883846,0.9825172572974482,1.02,1.0,1.0,99,1,0,-2.88,2,231.081,117.3,117.3,100,1630217
2025-10-24,Anthony Black,PTS,11.733333333333333,UNDER,0.5606,0.07074599999999998,8,1,A,12.282353417531795,5.957788020334233,12.4,10.2,-0.2499999999999999,25.866666666666667,1.1726804123711339,0.4,0.3,0.4666666666666667,0.3037974683544304,0.4138709618530636,0.4850689292029412,1.0223382190951582,1.0053969359331478,1.026,1.012173449197952,1.0177040695187711,0.9970726783310901,1.0,1.0,1.0,79,1,0,-2.2399999999999998,1,234.7265,115.5,115.5,100,1641710
2025-10-25,Anthony Black,PTS,11.133333333333333,UNDER,0.5754,0.09901400000000005,19,0,A,10.39772110295462,5.841558826529912,12.4,9.6,-0.12643678160919536,25.8,1.0465116279069766,0.4,0.2,0.4,0.3,0.34715362913780556,0.5618114554803718,1.030674116047594,1.0201949860724235,1.037,1.0243866380624918,1.029431982837495,0.9962489039004905,0.95,1.0,1.0,80,1,1,-3.12,0,235.69249999999997,117.2,117.2,100,1641710
2025-10-27,Anthony Black,PTS,11.933333333333334,UNDER,0.6316,0.2063560000000001,14,0,A,12.282608847516713,6.052941040361721,15.0,10.7,0.059523809523809534,26.333333333333332,0.9367088607594938,0.6,0.3,0.4666666666666667,0.30864197530864196,0.43661247880028514,0.4928058131221446,0.9950480802627792,0.9853760445682453,0.989,0.9892448588460588,0.9891469153076353,0.9976523476523477,1.0,1.0,1.0,81,0,0,0.96,1,231.564,113.2,113.2,100,1641710
2025-10-29,Anthony Black,PTS,12.0,UNDER,0.5668,0.08258799999999988,10,1,A,13.037017996531404,6.07100838882165,13.6,11.3,0.23376623376623384,26.6,1.0150375939849623,0.6,0.4,0.4666666666666667,0.2804878048780488,0.4902258899639706,0.46567461902997204,1.0052694777163613,0.9636142061281339,0.945,0.9802763147634248,0.9661657888580548,1.0007334183673469,1.0,1.0,1.0,82,0,0,3.2399999999999998,1,232.74849999999998,110.7,110.7,100,1641710
2025-10-30,Anthony Black,PTS,11.533333333333333,OVER,0.5285,0.009434999999999916,20,1,C,13.062192188180688,5.926534360299408,11.6,11.9,0.4558823529411766,26.2,1.0687022900763359,0.4,0.4,0.4,0.3132530120481928,0.41624242514399995,0.45371667136103133,0.9908801317865614,1.021065459610028,1.048,1.0089913284806413,1.0245947970883846,1.0009983412176693,0.95,1.0,1.0,83,0,1,-0.4800000000000001,0,231.081,117.3,117.3,100,1641710
2025-11-01,Anthony Black,PTS,11.533333333333333,OVER,0.6799,0.2986089999999999,8,0,A,13.119815282226682,5.926534360299408,14.2,13.3,0.8148148148148149,26.266666666666666,1.0786802030456852,0.6,0.5,0.4,0.32142857142857145,0.47179430320836346,0.4517239178152181,1.0123152953785393,1.0680710306406687,1.07,1.0457687365358168,1.0554612419214902,1.0073710073710074,1.0,1.0,1.0,84,0,0,-4.36,1,233.565,122.7,122.7,100,1641710
2025-11-04,Anthony Black,PTS,11.133333333333333,OVER,0.6538,0.24875800000000003,7,0,A,11.670235489516926,5.9505902068218255,14.2,13.3,0.4098360655737707,26.2,1.0178117048346056,0.6,0.5,0.3333333333333333,0.3176470588235294,0.39956483577375057,0.5098946128522504,1.0223382190951582,1.0053969359331478,1.026,1.012173449197952,1.0177040695187711,1.0062100379109375,1.02,1.0,1.0,85,0,0,0.15999999999999998,2,234.7265,115.5,115.5,100,1641710
2025-11-07,Anthony Black,PTS,11.066666666666666,OVER,0.6531,0.247421,13,1,A,11.08645605332731,5.993647430722758,11.8,13.4,0.17808219178082196,26.266666666666666,1.0406091370558375,0.4,0.5,0.3333333333333333,0.313953488372093,0.36154121433948266,0.5406278978505418,0.9564449384235232,0.9949512534818943,0.973,0.9795487274585458,0.9769292364751274,0.9952323510827732,1.02,1.0,1.0,86,1,0,1.0,2,227.0905,114.3,114.3,100,1641710
2025-11-09,Anthony Black,PTS,11.4,OVER,0.5643,0.07781300000000002,4,0,A,10.785913791707117,5.9497899122574065,11.6,12.6,0.26388888888888884,27.2,1.0294117647058825,0.4,0.5,0.4,0.3218390804597701,0.44963090424594304,0.5516259472453763,0.9564449384235232,0.9949512534818943,0.973,0.9795487274585458,0.9769292364751274,0.9974037452355962,1.0,1.0,1.0,87,1,0,1.0,1,227.0905,114.3,114.3,100,1641710
2025-11-10,Anthony Black,PTS,11.4,UNDER,0.5781,0.1041709999999999,8,1,A,10.207542195220867,5.949789912257406,10.4,11.0,0.0,27.2,0.9681372549019608,0.4,0.4,0.4,0.3181818181818182,0.40684286646707285,0.5828817357270465,1.0176740862765334,1.0149721448467968,1.02,1.0160529214186913,1.0176317528512149,0.9940898345153664,0.95,1.0,1.0,88,1,1,-3.2399999999999998,0,234.18599999999998,116.6,116.6,100,1641710
2025-11-12,Anthony Black,PTS,11.533333333333333,UNDER,0.5278,0.00809800000000005,17,0,C,10.201467048295399,5.841558826529912,8.0,11.1,-0.2134831460674157,27.8,1.0191846522781773,0.2,0.4,0.4,0.3146067415730337,0.3681266488404149,0.5726194868713514,0.9857198146255297,0.9932103064066854,0.982,0.9902141096942231,0.9869284658165338,1.0068660847349373,1.0,1.0,1.0,89,0,0,3.3600000000000003,1,230.483,114.1,114.1,100,1641710
2025-11-14,Anthony Black,PTS,12.133333333333333,UNDER,0.603,0.15172999999999992,2,1,A,10.781416039781334,5.914469746389138,9.8,12.0,-0.18947368421052635,27.933333333333334,0.8949880668257757,0.4,0.5,0.4666666666666667,0.28888888888888886,0.4555896517964114,0.5485800496489415,0.9727197848544692,1.00974930362117,1.013,0.9949374961144897,1.0021624976686938,0.9890929965556832,1.0,1.0,1.0,90,1,0,-3.4799999999999995,1,228.9765,116.0,116.0,100,1641710
2025-11-16,Anthony Black,PTS,11.866666666666667,UNDER,0.6616,0.2636559999999999,18,0,A,11.707746240887218,6.289068369192766,8.8,10.3,-0.404040404040404,26.866666666666667,0.8933002481389578,0.4,0.4,0.4666666666666667,0.31868131868131866,0.4122345642153668,0.5371715648592822,0.9642846510335521,0.982764623955432,0.955,0.97537263478668,0.967223580872008,1.0154002800050912,1.0,1.0,1.0,91,0,0,3.96,1,227.99899999999997,112.9,112.9,100,1641710
2025-11-18,Anthony Black,PTS,11.666666666666666,UNDER,0.6311,0.20540099999999994,21,0,A,12.359344147037746,6.019808571549036,9.8,10.7,-0.29591836734693877,27.2,0.9313725490196079,0.4,0.4,0.4666666666666667,0.32608695652173914,0.4681678406738519,0.4870653733670688,1.000208397423811,0.9662256267409473,0.952,0.9798187350140928,0.9686912410084557,0.9803591470258137,1.0,1.0,1.0,92,1,0,-0.8,1,232.16199999999998,111.0,111.0,100,1641710
2025-11-20,Anthony Black,PTS,11.733333333333333,OVER,0.5156,-0.015204000000000162,12,1,D,11.685286550056617,6.123335536718375,13.2,11.8,-0.03488372093023262,26.933333333333334,1.0643564356435644,0.6,0.5,0.4666666666666667,0.3333333333333333,0.518778362126839,0.5240209994412766,0.9623991505324059,1.0271587743732593,1.014,1.001254924836918,1.0063529549021508,0.9870870660694289,1.0,1.0,1.0,93,1,0,-3.3200000000000003,1,227.78049999999996,118.0,118.0,100,1641710
2025-11-22,Anthony Black,PTS,12.066666666666666,UNDER,0.561,0.07151000000000007,11,1,A,11.85955954503811,5.981718179666473,14.0,11.0,-0.04651162790697683,27.333333333333332,1.1951219512195121,0.6,0.4,0.4666666666666667,0.2978723404255319,0.46941007371977306,0.5043794549831446,0.9857198146255297,0.9932103064066854,0.982,0.9902141096942231,0.9869284658165338,0.988523629148629,1.0,1.0,1.0,94,1,0,0.9600000000000002,1,230.483,114.1,114.1,100,1641710
2025-11-23,Anthony Black,PTS,12.266666666666667,UNDER,0.58,0.1077999999999999,14,0,A,13.236386553032617,5.885413769489384,12.8,11.3,-0.02197802197802201,27.866666666666667,1.088516746411483,0.4,0.4,0.4666666666666667,0.29473684210526313,0.4247397991046689,0.4446390067190176,0.9564449384235232,0.9949512534818943,0.973,0.9795487274585458,0.9769292364751274,1.0113345733550336,0.95,1.0,1.0,95,0,1,3.4,0,227.0905,114.3,114.3,100,1641710
2025-11-25,Anthony Black,PTS,11.933333333333334,OVER,0.5226,-0.0018340000000001133,31,1,D,12.65716916521069,5.612061839933529,15.2,12.0,0.25,27.733333333333334,1.0336538461538463,0.8,0.6,0.5333333333333333,0.34375,0.579773374853353,0.4433899686952719,0.9950480802627792,0.9853760445682453,0.989,0.9892448588460588,0.9891469153076353,1.013328699863238,1.0,1.0,1.0,96,0,0,0.96,1,231.564,113.2,113.2,100,1641710
2025-11-28,Anthony Black,PTS,13.066666666666666,OVER,0.5469,0.044579000000000035,16,1,B,14.410287764605073,7.468664698656139,17.8,13.8,0.5571428571428572,27.6,1.0265700483091786,0.6,0.5,0.4,0.27835051546391754,0.4839534325364699,0.5182869919503529,1.0052694777163613,0.9636142061281339,0.945,0.9802763147634248,0.9661657888580548,1.0237670068027211,1.02,1.0,1.0,97,0,0,3.2399999999999998,2,232.74849999999998,110.7,110.7,100,1641710
2025-12-01,Anthony Black,PTS,13.466666666666667,OVER,0.6099,0.16490899999999997,22,1,A,15.95833993141514,7.453346963101942,16.8,15.0,0.5974025974025976,28.133333333333333,1.0426540284360188,0.6,0.6,0.4666666666666667,0.2857142857142857,0.5603940596953595,0.4670502693346877,1.030674116047594,1.0201949860724235,1.037,1.0243866380624918,1.029431982837495,0.9738955823293173,1.02,1.0,1.0,98,1,0,-3.12,2,235.69249999999997,117.2,117.2,100,1641710
2025-12-03,Anthony Black,PTS,13.6,OVER,0.6228,0.18954799999999994,7,0,A,15.094341675125406,7.595111209568579,18.8,16.4,1.152542372881356,28.333333333333332,1.1058823529411765,0.8,0.7,0.4666666666666667,0.29292929292929293,0.6022280960214789,0.5031760492135194,1.0000099236868483,0.9749303621169918,0.987,0.9849621867449343,0.9857773120469606,0.9804125736738705,1.0,1.0,1.0,99,1,0,0.9600000000000002,1,232.139,112.0,112.0,100,1641710
2025-12-05,Anthony Black,PTS,13.533333333333333,OVER,0.5915,0.12976500000000002,13,0,A,13.94761515199616,7.651952754191635,18.0,15.4,0.6376811594202898,28.533333333333335,1.0981308411214952,0.8,0.6,0.4666666666666667,0.29,0.5449185154727869,0.548620869647131,1.037422223104328,0.9758008356545962,0.993,1.000449390634489,0.9974696343806934,0.9791965566714491,1.0,1.0,1.0,100,1,0,-1.16,1,236.47449999999998,112.1,112.1,100,1641710
2025-12-07,Anthony Black,PTS,13.933333333333334,OVER,0.6501,0.241691,14,1,A,14.63876614042806,7.439918074305721,17.8,16.5,0.3734939759036142,28.933333333333334,1.0829493087557602,0.6,0.6,0.4666666666666667,0.2871287128712871,0.49306266258038456,0.5082339592651055,0.9857198146255297,0.9932103064066854,0.982,0.9902141096942231,0.9869284658165338,1.0202705359600488,1.0,1.0,1.0,101,0,0,3.3600000000000003,1,230.483,114.1,114.1,100,1641710
2025-12-09,Anthony Black,PTS,14.0,OVER,0.6057,0.156887,10,0,A,13.344516049227423,7.435436388384631,14.4,16.1,0.4268292682926831,28.733333333333334,1.0440835266821344,0.4,0.4,0.4,0.23529411764705882,0.3789149280974053,0.5571904114735658,1.037422223104328,0.9758008356545962,0.993,1.000449390634489,0.9974696343806934,0.9791971336648142,1.0,1.0,1.0,102,1,0,-1.16,1,236.47449999999998,112.1,112.1,100,1641710
2025-12-13,Anthony Black,PTS,14.4,OVER,0.5522,0.05470200000000003,12,0,A,13.466186798028275,7.008158510927512,13.2,15.0,0.2696629213483146,29.666666666666668,1.0786516853932584,0.2,0.3,0.4,0.23300970873786409,0.3428564051949375,0.5204263549911285,0.9857198146255297,0.9932103064066854,0.982,0.9902141096942231,0.9869284658165338,0.9794442667803718,1.03,1.0,1.0,103,1,0,0.9600000000000002,3,230.483,114.1,114.1,100,1641710
2025-12-18,Anthony Black,PTS,14.666666666666666,OVER,0.5883,0.12365300000000001,22,1,A,14.497317771921871,6.820836424061899,11.2,15.0,-0.010526315789473606,30.0,1.1222222222222222,0.0,0.3,0.4,0.23076923076923078,0.31022930443367797,0.47048954374666224,0.9973305282378511,1.0045264623955434,0.996,1.0016480887324666,0.9993888532394799,1.0209683426443203,1.03,1.0,1.0,104,0,0,4.0,4,231.8285,115.4,115.4,100,1641710
2025-12-20,Anthony Black,PTS,15.0,OVER,0.6596,0.25983599999999984,20,1,A,13.411145844353086,7.060959060718512,14.2,16.1,-0.08256880733944949,30.933333333333334,1.1637931034482758,0.2,0.4,0.4,0.21904761904761905,0.3758696647869013,0.5264993120398888,1.0237275352538975,1.0576253481894151,1.101,1.044066223015208,1.066839733809125,1.0259768140832977,1.0,1.0,1.0,105,0,0,-2.16,1,234.8875,121.5,121.5,100,1641710
2025-12-22,Anthony Black,PTS,16.2,OVER,0.5595,0.06864499999999996,19,1,A,16.39369363362607,6.1667310163952695,15.6,16.7,-0.2032520325203253,32.46666666666667,1.1704312114989732,0.4,0.4,0.4,0.2169811320754717,0.40755532240952874,0.37616483229540926,1.000208397423811,0.9662256267409473,0.952,0.9798187350140928,0.9686912410084557,1.0297077474496827,1.0,1.0,1.0,106,0,0,1.6,1,232.16199999999998,111.0,111.0,100,1641710
2025-12-23,Anthony Black,PTS,16.266666666666666,UNDER,0.5109,-0.024181000000000008,22,0,D,17.124283370638523,6.192929916637274,16.6,15.5,-0.13385826771653542,32.13333333333333,1.120331950207469,0.6,0.4,0.4,0.22429906542056074,0.46393388759989146,0.3616460778297874,1.0176740862765334,1.0149721448467968,1.02,1.0160529214186913,1.0176317528512149,1.0327321087191423,0.95,1.0,1.0,107,0,1,-0.8399999999999999,0,234.18599999999998,116.6,116.6,100,1641710
2025-12-26,Anthony Black,PTS,16.333333333333332,OVER,0.5194,-0.00794600000000012,24,1,D,16.519343625661577,6.252618499096045,19.0,16.1,0.053097345132743445,32.13333333333333,1.0788381742738589,0.8,0.5,0.4,0.23148148148148148,0.5149473229593113,0.3785028413225248,0.9908801317865614,1.021065459610028,1.048,1.0089913284806413,1.0245947970883846,0.963267070008643,1.02,1.0,1.0,108,1,0,-2.88,2,231.081,117.3,117.3,100,1641710
2025-10-25,Miles Bridges,PTS,17.266666666666666,UNDER,0.6282,0.19986199999999987,18,0,A,18.657008006949127,6.5625198412398476,16.0,16.5,0.032786885245901676,29.133333333333333,0.9153318077803204,0.6,0.5,0.5333333333333333,0.6615384615384615,0.5455295951433347,0.35174556599833817,0.9950480802627792,0.9853760445682453,0.989,0.9892448588460588,0.9891469153076353,0.9774796523658436,1.02,1.0,1.0,65,0,0,2.6399999999999997,2,230.13799999999998,113.2,113.2,100,1628970
2025-10-26,Miles Bridges,PTS,16.4,OVER,0.5302,0.012681999999999971,22,1,C,17.225543868694785,5.369224471799575,16.0,16.6,0.21568627450980404,29.0,1.103448275862069,0.6,0.6,0.6,0.7121212121212122,0.6338415222644422,0.3117013031766998,1.0123152953785393,1.0680710306406687,1.069,1.0457687365358168,1.0550612419214902,0.9773027474462839,0.95,1.0,1.0,66,0,1,-2.6799999999999997,0,232.139,122.7,122.7,100,1628970
2025-10-28,Miles Bridges,PTS,16.466666666666665,OVER,0.6084,0.16204400000000008,17,1,A,15.933277492767957,5.436210164478647,16.0,17.7,0.18811881188118806,29.2,1.1187214611872145,0.6,0.7,0.6,0.7164179104477612,0.6686861084137805,0.3411859340895882,1.037422223104328,0.9758008356545962,1.008,1.000449390634489,1.0034696343806933,0.9785714285714284,1.0,1.0,1.0,67,0,0,2.9200000000000004,1,235.04849999999996,112.1,112.1,100,1628970
2025-10-30,Miles Bridges,PTS,17.133333333333333,OVER,0.6565,0.2539149999999999,16,0,A,17.146088316080522,4.763951940903487,17.8,18.3,-0.008333333333333304,29.6,1.1036036036036034,0.6,0.7,0.5333333333333333,0.6617647058823529,0.5681574613575449,0.27784482694140783,1.0031855034782524,0.9845055710306407,0.991,0.9919775440096854,0.9915865264058112,1.0246818181818182,1.0,1.0,1.0,68,1,0,0.4800000000000001,1,231.081,113.1,113.1,100,1628970
2025-11-01,Miles Bridges,PTS,17.2,OVER,0.605,0.15554999999999997,30,1,A,17.677496345263307,4.738896797477537,18.2,17.9,-0.08130081300813019,29.6,1.081081081081081,0.6,0.6,0.5333333333333333,0.6521739130434783,0.5140901303726263,0.2680751111424965,1.0027885560043268,0.9766713091922007,0.985,0.9871182079170511,0.9862709247502306,1.0223514802954057,1.0,1.0,1.0,69,1,0,1.6400000000000001,1,231.03499999999997,112.2,112.2,100,1628970
2025-11-02,Miles Bridges,PTS,17.866666666666667,OVER,0.5992,0.14447199999999982,29,1,A,18.813007860889684,5.755328793718872,20.6,18.3,0.07999999999999985,30.333333333333332,1.10989010989011,0.6,0.6,0.5333333333333333,0.6571428571428571,0.5603305681681774,0.30592283999857417,1.0237275352538975,1.0576253481894151,1.07,1.044066223015208,1.054439733809125,1.0252100840336134,0.95,1.0,1.0,70,1,1,-2.88,0,233.46149999999997,121.5,121.5,100,1628970
2025-11-04,Miles Bridges,PTS,18.666666666666668,OVER,0.5718,0.09213799999999994,22,1,A,19.276778995847053,6.421689437998014,22.8,19.4,0.2931034482758619,30.266666666666666,1.1343612334801763,0.6,0.4,0.4,0.6056338028169014,0.4429160778644589,0.3331308326656382,1.0108267423513184,1.0332520891364905,1.026,1.0242819504224216,1.024969170253453,0.9733333333333334,1.0,1.0,1.0,71,0,0,-0.43999999999999984,1,231.96649999999997,118.7,118.7,100,1628970
2025-11-07,Miles Bridges,PTS,19.4,OVER,0.5389,0.02929900000000002,14,0,B,19.61718162136617,6.103862945475009,22.8,19.4,0.2941176470588236,30.533333333333335,1.168122270742358,0.6,0.4,0.4666666666666667,0.5555555555555556,0.5232619256509111,0.3111488216445399,1.037422223104328,0.9758008356545962,1.008,1.000449390634489,1.0034696343806933,0.9745887191539366,1.02,1.0,1.0,72,0,0,2.9200000000000004,2,235.04849999999996,112.1,112.1,100,1628970
2025-11-10,Miles Bridges,PTS,19.6,OVER,0.6277,0.19890700000000006,34,1,A,20.12943824234253,5.852960179015645,22.2,20.0,0.19047619047619047,31.2,1.185897435897436,0.6,0.4,0.4666666666666667,0.547945205479452,0.4734669697624946,0.29076619568567336,0.9876053151266759,1.0280292479108637,1.007,1.0118596747971886,1.0099158048783132,1.0291482407229378,1.02,1.0,1.0,73,1,0,-0.36,2,229.2755,118.1,118.1,100,1628970
2025-11-12,Miles Bridges,PTS,20.533333333333335,OVER,0.6447,0.23137700000000005,20,0,A,22.672861344481134,6.937132658657288,25.8,22.0,0.30645161290322576,32.4,1.2139917695473252,0.8,0.5,0.4666666666666667,0.5,0.5235732124092458,0.30596635128039873,0.9885976838114898,1.0106197771587744,1.0,1.0018109398198605,1.0010865638919162,1.0328216374269006,1.0,1.0,1.0,74,1,0,-1.56,1,229.39049999999997,116.1,116.1,100,1628970
2025-11-14,Miles Bridges,PTS,20.133333333333333,OVER,0.6055,0.156505,32,1,A,21.259283166512432,6.770383684703197,23.8,22.2,0.3750000000000002,32.266666666666666,1.177685950413223,0.6,0.5,0.4,0.49333333333333335,0.4464163302837953,0.31846716710410483,0.9885976838114898,1.0106197771587744,1.0,1.0018109398198605,1.0010865638919162,0.9690704032809296,1.0,1.0,1.0,75,0,0,0.8400000000000001,1,229.39049999999997,116.1,116.1,100,1628970
2025-11-15,Miles Bridges,PTS,21.066666666666666,OVER,0.5872,0.1215520000000001,15,0,A,23.14160802565266,7.391758602531284,24.4,23.6,0.5210084033613445,33.46666666666667,1.1454183266932272,0.6,0.6,0.4666666666666667,0.4342105263157895,0.5264290850124976,0.3194142167794675,1.004674056505473,0.910515320334262,0.968,0.9481788148027464,0.9561072888816478,1.0278866652912453,0.95,1.0,1.0,76,1,1,5.32,0,231.25349999999995,104.6,104.6,100,1628970
2025-11-17,Miles Bridges,PTS,20.6,OVER,0.5814,0.11047399999999996,22,1,A,20.234833630106095,7.547942009013356,23.0,22.9,0.46902654867256643,33.6,1.0416666666666665,0.4,0.5,0.4,0.4935064935064935,0.44900043067636136,0.3730172506969992,0.9889946312854152,0.9792827298050141,0.965,0.9831674903971745,0.9759004942383047,0.9752395262792238,1.0,1.0,1.0,77,0,0,2.68,1,229.43649999999997,112.5,112.5,100,1628970
2025-11-19,Miles Bridges,PTS,21.533333333333335,OVER,0.6248,0.19336799999999998,25,1,A,21.265082308774254,6.696125389962111,24.6,23.4,0.1777777777777778,34.86666666666667,1.0516252390057361,0.6,0.6,0.4666666666666667,0.4358974358974359,0.5287672757396528,0.3148882892966373,1.0028877928728082,1.013231197771588,1.009,1.009093835812076,1.0090563014872456,0.9762896208825358,1.0,1.0,1.0,78,0,0,-1.1599999999999997,1,231.04649999999998,116.4,116.4,100,1628970
2025-11-22,Miles Bridges,PTS,22.266666666666666,OVER,0.608,0.16127999999999987,19,0,A,22.271682275131752,6.408327915038889,22.8,24.3,0.08000000000000007,35.2,0.9753787878787878,0.4,0.5,0.3333333333333333,0.3670886075949367,0.39238143577918577,0.2877343451596532,0.9623991505324059,1.0271587743732593,1.004,1.001254924836918,1.0023529549021508,1.0235537589383497,1.02,1.0,1.0,79,1,0,-1.64,2,226.35449999999997,118.0,118.0,100,1628970
2025-11-23,Miles Bridges,PTS,22.333333333333332,UNDER,0.5515,0.053364999999999885,21,1,A,21.862721990740283,6.365831408685712,22.6,23.2,0.0844155844155845,35.13333333333333,0.9772296015180266,0.4,0.4,0.3333333333333333,0.3625,0.35504140523568123,0.29117286545480886,1.0223382190951582,1.0053969359331478,1.023,1.012173449197952,1.016504069518771,0.9786566921930562,0.95,1.0,1.0,80,0,1,1.8399999999999999,0,233.3005,115.5,115.5,100,1628970
2025-11-26,Miles Bridges,PTS,22.533333333333335,UNDER,0.539,0.029490000000000016,17,1,B,22.294616996852028,6.26631204670392,20.4,22.4,0.02666666666666684,35.13333333333333,0.9487666034155599,0.2,0.3,0.3333333333333333,0.35802469135802467,0.32125474840931256,0.2810683873864581,0.9857198146255297,0.9932103064066854,0.98,0.9902141096942231,0.9861284658165338,1.0223325062034738,1.02,1.0,1.0,81,1,0,2.6400000000000006,2,229.057,114.1,114.1,100,1628970
2025-11-28,Miles Bridges,PTS,22.2,UNDER,0.5375,0.0266249999999999,22,1,B,20.958120803552674,6.427618977061858,20.8,21.9,-0.0679012345679012,35.266666666666666,0.9357277882797732,0.2,0.3,0.3333333333333333,0.35365853658536583,0.2906833170824742,0.30668870731827697,1.030674116047594,1.0201949860724235,1.034,1.0243866380624918,1.028231982837495,1.0206830277942047,1.0,1.0,1.0,82,1,0,-1.44,1,234.26649999999995,117.2,117.2,100,1628970
2025-11-29,Miles Bridges,PTS,22.533333333333335,UNDER,0.5926,0.13186599999999993,35,0,A,20.95342188937002,6.26631204670392,20.8,22.7,-0.1454545454545455,35.6,0.9831460674157303,0.2,0.3,0.3333333333333333,0.3493975903614458,0.26302114209503413,0.2990591264657785,0.9889946312854152,0.9792827298050141,0.965,0.9831674903971745,0.9759004942383047,1.0205743738698332,0.95,1.0,1.0,83,1,1,0.2800000000000001,0,229.43649999999997,112.5,112.5,100,1628970
2025-12-01,Miles Bridges,PTS,23.8,UNDER,0.5578,0.06539799999999985,8,1,A,24.598317545538748,6.752777206453653,22.8,22.8,-0.11049723756906082,36.13333333333333,1.0239852398523985,0.2,0.3,0.4,0.30952380952380953,0.36048625645155996,0.27452191370211676,0.9727197848544692,1.00974930362117,0.993,0.9949374961144897,0.9941624976686938,0.9759725400457666,1.0,1.0,1.0,84,0,0,0.6,1,227.5505,116.0,116.0,100,1628970
2025-12-03,Miles Bridges,PTS,22.333333333333332,UNDER,0.5826,0.11276599999999992,8,1,A,22.388594038607835,7.640742920747456,20.6,21.6,-0.1144578313253013,35.666666666666664,1.0,0.2,0.3,0.3333333333333333,0.35294117647058826,0.2988491501396986,0.341278371816088,0.9857198146255297,0.9932103064066854,0.98,0.9902141096942231,0.9861284658165338,0.9727975843619219,1.0,1.0,1.0,85,0,0,5.040000000000001,1,229.057,114.1,114.1,100,1628970
2025-12-05,Miles Bridges,PTS,20.933333333333334,UNDER,0.6747,0.28867699999999985,15,1,A,19.645483087611865,8.23291882511618,18.0,19.2,-0.1823899371069182,35.4,0.9416195856873824,0.4,0.5,0.5333333333333333,0.5,0.4933683034080966,0.4190743891814872,0.9889946312854152,0.9792827298050141,0.965,0.9831674903971745,0.9759004942383047,0.9698000412286126,1.0,1.0,1.0,86,0,0,2.68,1,229.43649999999997,112.5,112.5,100,1628970
2025-12-07,Miles Bridges,PTS,20.466666666666665,UNDER,0.6479,0.23748900000000006,24,0,A,17.98532719175182,8.365461874932691,17.6,19.2,-0.2222222222222222,35.06666666666667,0.865019011406844,0.4,0.5,0.4666666666666667,0.4942528735632184,0.4190857984111844,0.46512703303886194,0.9973305282378511,1.0045264623955434,0.98,1.0016480887324666,0.9929888532394799,1.0332851521721675,1.0,1.0,1.0,87,1,0,3.28,1,230.40249999999997,115.4,115.4,100,1628970
2025-12-12,Miles Bridges,PTS,21.133333333333333,UNDER,0.5506,0.05164599999999997,32,0,A,21.435837567554245,8.210330310622332,18.0,19.4,-0.22754491017964085,34.8,0.9386973180076629,0.4,0.4,0.4666666666666667,0.4318181818181818,0.44087023726519914,0.38301887130595114,1.030674116047594,1.0201949860724235,1.034,1.0243866380624918,1.028231982837495,1.0334777954055903,1.03,1.0,1.0,88,1,0,-1.44,4,234.26649999999995,117.2,117.2,100,1628970
2025-12-14,Miles Bridges,PTS,21.0,UNDER,0.5777,0.10340699999999992,20,1,A,20.867284479269983,8.0,17.4,20.1,-0.06493506493506485,34.4,0.9980620155038761,0.4,0.4,0.4666666666666667,0.43820224719101125,0.49407846913998404,0.38337523063661566,1.0140023221427226,0.9975626740947077,1.025,1.0041385333139137,1.0124831199883482,0.9650741749924311,1.0,1.0,1.0,89,0,0,3.16,1,232.3345,114.6,114.6,100,1628970
2025-12-18,Miles Bridges,PTS,21.0,OVER,0.5776,0.10321599999999997,16,0,A,22.378079684224076,8.0,19.8,20.2,-0.0596026490066226,34.8,1.053639846743295,0.4,0.4,0.4666666666666667,0.43333333333333335,0.4470606863237827,0.35749269431906516,1.0223382190951582,1.0053969359331478,1.023,1.012173449197952,1.016504069518771,1.0358980641999511,1.03,1.0,1.0,90,1,0,-0.5599999999999999,3,233.3005,115.5,115.5,100,1628970
2025-12-20,Miles Bridges,PTS,19.933333333333334,UNDER,0.5521,0.054510999999999976,19,1,A,19.286944890140376,7.478222350519508,21.4,19.7,-0.12765957446808496,34.13333333333333,1.025390625,0.6,0.5,0.5333333333333333,0.5604395604395604,0.5330862394841006,0.3877349364098836,1.0052694777163613,0.9636142061281339,0.965,0.9802763147634248,0.9741657888580548,0.9668103548439569,1.0,1.0,1.0,91,0,0,4.92,1,231.32249999999996,110.7,110.7,100,1628970
2025-12-22,Miles Bridges,PTS,20.2,UNDER,0.5524,0.05508399999999991,17,1,A,20.19561347504282,7.360124222554166,22.2,19.9,-0.16770186335403725,34.13333333333333,0.9863281249999999,0.4,0.4,0.4666666666666667,0.4891304347826087,0.3820660467949611,0.364441725508839,1.0140023221427226,0.9975626740947077,1.025,1.0041385333139137,1.0124831199883482,0.9670944500731735,1.0,1.0,1.0,92,0,0,3.16,1,232.3345,114.6,114.6,100,1628970
2025-12-23,Miles Bridges,PTS,19.866666666666667,UNDER,0.5784,0.10474399999999995,10,1,A,20.200963231878177,7.385958363840196,20.8,19.4,-0.027210884353741527,33.6,0.9126984126984127,0.4,0.4,0.4666666666666667,0.5483870967741935,0.4091217949229475,0.3656240684694068,1.0123152953785393,1.0680710306406687,1.069,1.0457687365358168,1.0550612419214902,1.0353609508827128,0.95,1.0,1.0,93,1,1,-5.08,0,232.139,122.7,122.7,100,1628970
2025-12-26,Miles Bridges,PTS,18.866666666666667,UNDER,0.6563,0.2535329999999999,16,1,A,18.116239945461984,7.651952754191635,16.4,16.9,0.06153846153846154,33.53333333333333,0.9343936381709742,0.4,0.4,0.5333333333333333,0.6063829787234043,0.4733536017508114,0.4223808459828004,1.0031855034782524,0.9845055710306407,0.991,0.9919775440096854,0.9915865264058112,0.9694074943488089,1.02,1.0,1.0,94,0,0,2.88,2,231.081,113.1,113.1,100,1628970
2025-10-24,Kentavious Caldwell-Pope,PTS,9.8,UNDER,0.7621,0.455611,7,1,A,9.944763417174954,6.416496596385645,9.0,9.0,0.3166666666666669,27.133333333333333,0.5282555282555282,0.6,0.5,0.6,0.358974358974359,0.5781360008644577,0.6452135990791024,1.037422223104328,0.9758008356545962,0.993,1.000449390634489,0.9974696343806934,0.9908182076006806,1.0,1.0,1.0,78,1,0,-0.2800000000000001,1,237.107,112.1,112.1,100,203484
2025-10-25,Kentavious Caldwell-Pope,PTS,9.466666666666667,UNDER,0.6643,0.26881299999999997,10,0,A,9.981469431243795,6.423913656538875,7.8,9.4,0.3392857142857142,26.533333333333335,0.7412060301507538,0.4,0.5,0.5333333333333333,0.35443037974683544,0.49578678291045153,0.6435839633421978,1.0028877928728082,1.013231197771588,0.966,1.009093835812076,0.9918563014872457,0.9898595409386776,0.95,1.0,1.0,79,1,1,-4.359999999999999,0,233.10499999999996,116.4,116.4,100,203484
2025-10-27,Kentavious Caldwell-Pope,PTS,9.133333333333333,OVER,0.5388,0.029107999999999856,7,0,B,9.30911668364547,6.24347278211032,6.8,10.4,0.1923076923076923,26.066666666666666,0.9846547314578006,0.4,0.6,0.5333333333333333,0.3625,0.5437690145090882,0.6706836958096182,1.000208397423811,0.9662256267409473,0.952,0.9798187350140928,0.9686912410084557,1.0106382978723403,1.0,1.0,1.0,80,0,0,2.48,1,232.7945,111.0,111.0,100,203484
2025-10-29,Kentavious Caldwell-Pope,PTS,8.933333333333334,OVER,0.527,0.00657000000000002,11,1,C,9.155410911928357,6.261750858148527,8.2,10.3,-0.13846153846153852,25.666666666666668,0.935064935064935,0.4,0.6,0.5333333333333333,0.4444444444444444,0.4980739984527552,0.6839399037775844,0.992070974208338,0.9871169916434542,0.973,0.9890985846694077,0.9826591508016446,1.0089444115907749,1.0,1.0,1.0,81,0,0,1.8800000000000001,1,231.8515,113.4,113.4,100,203484
2025-10-31,Kentavious Caldwell-Pope,PTS,8.933333333333334,OVER,0.5219,-0.0031709999999999794,12,1,D,9.116116920460172,6.261750858148526,10.0,10.3,-0.22388059701492535,25.066666666666666,0.9042553191489362,0.6,0.6,0.5333333333333333,0.45121951219512196,0.5458385727148779,0.6868879494178799,0.9876053151266759,1.0280292479108637,1.038,1.0118596747971886,1.0223158048783132,0.9905915275499373,1.0,1.0,1.0,82,1,0,-1.16,1,231.33399999999997,118.1,118.1,100,203484
2025-11-02,Kentavious Caldwell-Pope,PTS,9.133333333333333,UNDER,0.5407,0.032736999999999905,12,0,B,8.66699942297123,6.311742646693958,9.4,9.2,-0.12328767123287676,24.4,0.9426229508196722,0.6,0.6,0.5333333333333333,0.37349397590361444,0.589057746763804,0.7282500365657298,0.9889946312854152,0.9792827298050141,0.948,0.9831674903971745,0.9691004942383047,1.0081632653061225,1.0,1.0,1.0,83,0,0,1.8800000000000001,1,231.495,112.5,112.5,100,203484
2025-11-03,Kentavious Caldwell-Pope,PTS,9.733333333333333,UNDER,0.6211,0.18630099999999994,2,1,A,8.678823053884116,6.111659427060784,10.4,9.1,0.05714285714285716,24.8,0.9408602150537634,0.8,0.6,0.6,0.38095238095238093,0.6554963760052606,0.704203713927037,1.0052694777163613,0.9636142061281339,0.945,0.9802763147634248,0.9661657888580548,0.9906900328587076,0.95,1.0,1.0,84,1,1,1.72,0,233.38099999999997,110.7,110.7,100,203484
2025-11-05,Kentavious Caldwell-Pope,PTS,9.866666666666667,UNDER,0.6319,0.20692900000000003,4,1,A,8.923440682057162,5.902380472156572,8.8,7.8,-0.1527777777777779,24.266666666666666,1.043956043956044,0.6,0.5,0.6,0.3764705882352941,0.5931176483965286,0.6614467090059558,0.9642846510335521,0.982764623955432,0.955,0.97537263478668,0.967223580872008,0.9867230381249072,1.0,1.0,1.0,85,1,0,2.44,1,228.6315,112.9,112.9,100,203484
2025-11-07,Kentavious Caldwell-Pope,PTS,9.6,UNDER,0.5801,0.10799099999999984,12,0,A,8.712812038015727,6.080413519772201,8.2,8.2,-0.26582278481012656,24.266666666666666,1.043956043956044,0.6,0.5,0.6,0.37209302325581395,0.536675041566675,0.6978703882560706,1.0145977433536109,0.9845055710306407,0.974,0.9965424399598288,0.9875254639758972,0.9841503551013338,1.0,1.0,1.0,86,1,0,-2.32,1,234.462,113.1,113.1,100,203484
2025-11-09,Kentavious Caldwell-Pope,PTS,9.666666666666666,UNDER,0.5651,0.079341,9,1,A,10.742916298126602,6.102302453836194,8.4,9.2,-0.19999999999999996,23.666666666666668,1.028169014084507,0.6,0.6,0.6,0.3793103448275862,0.5807662408995719,0.5680303452518141,1.004674056505473,0.910515320334262,0.953,0.9481788148027464,0.9501072888816477,0.986357947434293,1.0,1.0,1.0,87,1,0,4.52,1,233.31199999999998,104.6,104.6,100,203484
2025-11-11,Kentavious Caldwell-Pope,PTS,8.733333333333333,UNDER,0.5049,-0.035641000000000034,4,1,D,9.175713623475076,4.861902429923418,7.8,8.6,0.0,23.133333333333333,1.0230547550432278,0.6,0.6,0.6,0.4659090909090909,0.6206616078620592,0.5298664092441556,0.9857198146255297,0.9932103064066854,0.982,0.9902141096942231,0.9869284658165338,1.015891472868217,1.0,1.0,1.0,88,0,0,4.24,1,231.11549999999997,114.1,114.1,100,203484
2025-11-12,Kentavious Caldwell-Pope,PTS,8.133333333333333,UNDER,0.5684,0.08564399999999994,0,1,A,8.798617048017832,4.853079532871984,6.2,8.3,-0.017857142857142905,21.933333333333334,0.9422492401215806,0.4,0.6,0.5333333333333333,0.4606741573033708,0.5342655433465731,0.5515729922539696,0.9564449384235232,0.9949512534818943,0.973,0.9795487274585458,0.9769292364751274,1.011991347419901,0.95,1.0,1.0,89,0,1,4.279999999999999,0,227.72299999999996,114.3,114.3,100,203484
2025-11-15,Kentavious Caldwell-Pope,PTS,7.133333333333334,UNDER,0.5195,-0.007755000000000123,6,1,D,5.674782710937052,4.882427187178037,5.8,7.3,-0.17307692307692302,21.0,0.9047619047619048,0.4,0.5,0.4666666666666667,0.5555555555555556,0.4560911514019126,0.8603725351048417,1.0140023221427226,0.9975626740947077,1.029,1.0041385333139137,1.014083119988348,1.005416819684172,1.02,1.0,1.0,90,0,0,2.3600000000000003,2,234.39299999999997,114.6,114.6,100,203484
2025-11-18,Kentavious Caldwell-Pope,PTS,7.533333333333333,UNDER,0.6151,0.1748409999999999,4,1,A,5.9853024995470605,4.485956923980604,6.2,7.2,-0.421875,22.066666666666666,0.8610271903323263,0.4,0.5,0.4666666666666667,0.5494505494505495,0.4126883398235545,0.7494954389222733,1.0000099236868483,0.9749303621169918,0.987,0.9849621867449343,0.9857773120469606,1.0034260797342194,1.02,1.0,1.0,91,0,0,4.24,2,232.77149999999997,112.0,112.0,100,203484
2025-11-20,Kentavious Caldwell-Pope,PTS,7.666666666666667,UNDER,0.6458,0.23347800000000007,2,1,A,7.491279265705089,4.336994790119514,4.6,6.5,-0.472972972972973,23.0,0.8840579710144927,0.2,0.4,0.4666666666666667,0.5434782608695652,0.3734158518594919,0.578939141939906,1.0066587938751006,1.0393454038997216,1.037,1.0262707598898733,1.030562455933924,0.9998413705583756,1.0,1.0,1.0,92,1,0,-4.92,1,233.54199999999997,119.4,119.4,100,203484
2025-11-22,Kentavious Caldwell-Pope,PTS,6.8,UNDER,0.6739,0.2871490000000001,10,0,A,5.725398847583392,4.05674042269688,3.2,5.5,-0.39344262295081966,22.133333333333333,0.9036144578313253,0.0,0.3,0.5333333333333333,0.6451612903225806,0.37764994914649763,0.70855158403666,1.0145977433536109,0.9845055710306407,0.974,0.9965424399598288,0.9875254639758972,1.0043296892980438,1.0,1.0,1.0,93,0,0,0.08000000000000007,1,234.462,113.1,113.1,100,203484
2025-11-24,Kentavious Caldwell-Pope,PTS,7.0,UNDER,0.6875,0.313125,8,0,A,6.664525432851178,4.140393356054125,4.4,5.3,-0.39655172413793105,22.266666666666666,0.9281437125748504,0.2,0.3,0.4666666666666667,0.5425531914893617,0.40349063612939545,0.621258542377984,0.9973305282378511,1.0045264623955434,0.996,1.0016480887324666,0.9993888532394799,0.9951785714285715,1.0,1.0,1.0,94,1,0,2.4799999999999995,1,232.46099999999996,115.4,115.4,100,203484
2025-11-26,Kentavious Caldwell-Pope,PTS,6.866666666666666,UNDER,0.5962,0.1387419999999998,0,1,A,6.426658312529071,4.068461742769735,6.0,5.9,-0.43333333333333335,22.133333333333333,0.963855421686747,0.4,0.4,0.5333333333333333,0.6526315789473685,0.49046287418659157,0.633060222734742,1.0108267423513184,1.0332520891364905,1.038,1.0242819504224216,1.029769170253453,1.005569306930693,1.0,1.0,1.0,95,0,0,-1.2399999999999998,1,234.02499999999998,118.7,118.7,100,203484
2025-11-28,Kentavious Caldwell-Pope,PTS,6.4,UNDER,0.592,0.13071999999999995,12,0,A,6.163061278417217,4.436858605558023,4.8,5.5,-0.5161290322580645,21.533333333333335,0.9752321981424148,0.4,0.4,0.4666666666666667,0.6458333333333334,0.4164568573361116,0.7199114863737793,0.9623991505324059,1.0271587743732593,1.014,1.001254924836918,1.0063529549021508,0.9997847610848041,1.0,1.0,1.0,96,0,0,-0.039999999999999855,1,228.41299999999998,118.0,118.0,100,203484
2025-11-30,Kentavious Caldwell-Pope,PTS,6.466666666666667,UNDER,0.6042,0.15402199999999988,13,0,A,7.027612432353635,4.5176900966670805,6.4,5.5,-0.23636363636363633,21.666666666666668,0.9076923076923077,0.6,0.4,0.4666666666666667,0.6494845360824743,0.4719883294794176,0.6428484980003443,1.0066587938751006,1.0393454038997216,1.037,1.0262707598898733,1.030562455933924,1.0021146860404775,1.0,1.0,1.0,97,0,0,-2.5200000000000005,1,233.54199999999997,119.4,119.4,100,203484
2025-12-02,Kentavious Caldwell-Pope,PTS,6.533333333333333,UNDER,0.6013,0.1484829999999998,2,1,A,7.774160878309431,4.611579628139004,8.6,5.9,0.13953488372093026,21.4,0.9034267912772586,0.8,0.4,0.4666666666666667,0.6530612244897959,0.5222352833533025,0.5931932333694949,1.0000099236868483,0.9749303621169918,0.987,0.9849621867449343,0.9857773120469606,1.0049019607843137,1.0,1.0,1.0,98,0,0,4.24,1,232.77149999999997,112.0,112.0,100,203484
2025-12-05,Kentavious Caldwell-Pope,PTS,5.866666666666666,UNDER,0.5712,0.09099200000000007,5,1,A,5.703052631135051,4.485956923980604,7.0,5.7,0.2702702702702704,20.466666666666665,0.8794788273615636,0.6,0.5,0.4666666666666667,0.7070707070707071,0.500246221955013,0.7865887296024805,0.9623991505324059,1.0271587743732593,1.014,1.001254924836918,1.0063529549021508,0.9991497005988024,1.02,1.0,1.0,99,1,0,-2.44,2,228.41299999999998,118.0,118.0,100,203484
2025-12-07,Kentavious Caldwell-Pope,PTS,6.066666666666666,UNDER,0.5601,0.06979100000000005,16,0,A,5.88503867972031,4.366539438350084,6.4,6.2,0.28205128205128216,20.066666666666666,0.8637873754152824,0.4,0.4,0.4,0.64,0.4028387959995401,0.7419729378155262,1.0176740862765334,1.0149721448467968,1.02,1.0160529214186913,1.0176317528512149,0.9971988795518207,1.0,1.0,1.0,100,1,0,-2.3600000000000003,1,234.81849999999997,116.6,116.6,100,203484
2025-12-12,Kentavious Caldwell-Pope,PTS,6.866666666666666,OVER,0.5214,-0.004126000000000074,7,1,D,8.228879354663832,5.0123656614227095,9.6,7.2,0.5135135135135136,20.0,0.9166666666666666,0.6,0.5,0.4666666666666667,0.6435643564356436,0.4869985014063586,0.609118866055787,1.0237275352538975,1.0576253481894151,1.101,1.044066223015208,1.066839733809125,1.0014602803738317,1.03,1.0,1.0,101,1,0,-3.6799999999999997,4,235.51999999999998,121.5,121.5,100,203484
2025-12-15,Kentavious Caldwell-Pope,PTS,6.533333333333333,OVER,0.5998,0.14561799999999991,4,0,A,7.670467994115143,4.808722234004531,8.6,7.5,0.5714285714285714,19.866666666666667,1.0738255033557047,0.6,0.6,0.4666666666666667,0.6470588235294118,0.5358170485639515,0.6269137994831383,0.9623991505324059,1.0271587743732593,1.014,1.001254924836918,1.0063529549021508,0.999302386076099,1.02,1.0,1.0,102,0,0,-0.039999999999999855,2,228.41299999999998,118.0,118.0,100,203484
2025-12-17,Kentavious Caldwell-Pope,PTS,6.2,OVER,0.617,0.1784699999999999,12,1,A,6.5369904261578995,4.798809376144402,6.8,7.7,0.7352941176470591,19.866666666666667,1.1409395973154364,0.4,0.6,0.4,0.6407766990291263,0.4574950113768746,0.7341007196433804,1.0027885560043268,0.9766713091922007,0.967,0.9871182079170511,0.9790709247502306,0.9965859284890426,1.0,1.0,1.0,103,0,0,3.2400000000000007,1,233.09349999999998,112.2,112.2,100,203484
2025-12-20,Kentavious Caldwell-Pope,PTS,6.733333333333333,OVER,0.6456,0.23309599999999986,11,1,A,6.680131367933882,4.978047044871349,8.8,7.9,0.9666666666666668,20.4,1.1111111111111112,0.6,0.6,0.4666666666666667,0.6442307692307693,0.5364534902080034,0.7452019684473697,1.0123152953785393,1.0680710306406687,1.07,1.0457687365358168,1.0554612419214902,1.0011698542511858,1.02,1.0,1.0,104,1,0,-5.880000000000001,2,234.1975,122.7,122.7,100,203484
2025-12-22,Kentavious Caldwell-Pope,PTS,7.466666666666667,OVER,0.5472,0.04515199999999997,16,1,B,8.029717829373567,4.718756898449703,10.0,8.2,0.357142857142857,21.0,1.1746031746031746,0.6,0.5,0.4666666666666667,0.5428571428571428,0.5171516333184403,0.5876616088784572,1.004674056505473,0.910515320334262,0.953,0.9481788148027464,0.9501072888816477,0.9973562458691342,1.0,1.0,1.0,105,0,0,6.919999999999999,1,233.31199999999998,104.6,104.6,100,203484
2025-12-23,Kentavious Caldwell-Pope,PTS,8.133333333333333,OVER,0.6467,0.2351970000000001,11,1,A,8.756135473224731,5.1805497042394295,10.0,9.8,0.4489795918367345,20.866666666666667,1.1501597444089458,0.6,0.6,0.4666666666666667,0.4528301886792453,0.5496580287406234,0.5916479616014351,1.0237275352538975,1.0576253481894151,1.101,1.044066223015208,1.066839733809125,1.001740533197487,0.95,1.0,1.0,106,0,1,-1.28,0,235.51999999999998,121.5,121.5,100,203484
2025-12-26,Kentavious Caldwell-Pope,PTS,8.6,OVER,0.6096,0.16433600000000004,13,1,A,8.7667509115945,5.096217084409628,10.8,9.7,0.6382978723404256,20.933333333333334,1.0987261146496816,0.8,0.6,0.5333333333333333,0.45794392523364486,0.619846036877821,0.5813119519193373,0.9885976838114898,1.0106197771587744,0.999,1.0018109398198605,1.0006865638919162,0.9969909931741994,1.02,1.0,1.0,107,1,0,-2.3600000000000003,2,231.44899999999998,116.1,116.1,100,203484
2025-10-24,Toumani Camara,PTS,14.4,UNDER,0.6515,0.24436499999999983,19,0,A,13.709837501219454,5.068107564536716,14.6,13.1,-0.07692307692307698,32.6,0.920245398773006,0.4,0.4,0.5333333333333333,0.2911392405063291,0.45702985488992853,0.36966941176990037,1.000208397423811,0.9662256267409473,0.97,0.9798187350140928,0.9758912410084557,1.035818385650224,1.0,1.0,1.0,79,1,0,1.2399999999999998,1,233.84099999999998,111.0,111.0,100,1641739
2025-10-26,Toumani Camara,PTS,14.733333333333333,UNDER,0.6734,0.28619399999999995,5,1,A,15.315644509737012,5.202563470700445,13.8,13.7,-0.08490566037735847,32.53333333333333,0.9221311475409837,0.4,0.5,0.6,0.3,0.5360325992133722,0.339689489880291,0.9623991505324059,1.0271587743732593,1.004,1.001254924836918,1.0023529549021508,0.959343071856793,1.0,1.0,1.0,80,0,0,1.12,1,229.4595,118.0,118.0,100,1641739
2025-10-27,Toumani Camara,PTS,13.666666666666666,UNDER,0.5512,0.05279199999999995,4,1,A,13.216586063588466,5.459809869356607,11.6,13.6,-0.05825242718446588,32.4,1.0390946502057612,0.4,0.6,0.6,0.37037037037037035,0.5484364926771209,0.4131028877720788,0.9876053151266759,1.0280292479108637,1.007,1.0118596747971886,1.0099158048783132,0.9565092794759824,0.95,1.0,1.0,81,0,1,2.4,0,232.38049999999998,118.1,118.1,100,1641739
2025-10-29,Toumani Camara,PTS,12.933333333333334,UNDER,0.5484,0.04744399999999993,17,0,B,12.199446619378477,5.981718179666474,10.4,12.4,-0.16129032258064524,32.266666666666666,0.9917355371900827,0.4,0.5,0.6,0.4146341463414634,0.5058083070613779,0.49032700960096687,1.0237275352538975,1.0576253481894151,1.07,1.044066223015208,1.054439733809125,0.9532608695652174,1.0,1.0,1.0,82,0,0,-0.1200000000000001,1,236.56649999999996,121.5,121.5,100,1641739
2025-10-31,Toumani Camara,PTS,13.0,UNDER,0.5416,0.034455999999999876,14,0,B,13.204317233171878,6.023762469230862,11.0,12.3,-0.20999999999999996,31.933333333333334,0.9812108559498955,0.4,0.5,0.5333333333333333,0.37349397590361444,0.5194531138048243,0.45619643657893716,0.9973305282378511,1.0045264623955434,0.98,1.0016480887324666,0.9929888532394799,1.0433662180805372,1.0,1.0,1.0,83,1,0,3.6399999999999997,1,233.5075,115.4,115.4,100,1641739
2025-11-03,Toumani Camara,PTS,12.666666666666666,OVER,0.5518,0.05393799999999982,14,1,A,12.494174696593973,5.802298395176403,11.8,13.2,-0.14432989690721654,31.533333333333335,0.9619450317124735,0.6,0.6,0.6,0.42857142857142855,0.5953900630754791,0.4644002934229952,0.9876053151266759,1.0280292479108637,1.007,1.0118596747971886,1.0099158048783132,1.0436382754994744,1.02,1.0,1.0,84,1,0,-0.0,2,232.38049999999998,118.1,118.1,100,1641739
2025-11-05,Toumani Camara,PTS,12.733333333333333,UNDER,0.5325,0.017074999999999896,16,0,C,11.737866163349736,5.812138365606275,10.8,12.3,-0.11702127659574468,31.733333333333334,0.9978991596638656,0.6,0.6,0.6,0.43529411764705883,0.6338937893615242,0.4951614104916336,1.004674056505473,0.910515320334262,0.968,0.9481788148027464,0.9561072888816478,1.0438607061091698,1.0,1.0,1.0,85,1,0,5.68,1,234.35849999999996,104.6,104.6,100,1641739
2025-11-08,Toumani Camara,PTS,13.4,UNDER,0.5551,0.06024099999999999,13,1,A,13.61997103031672,5.552348280554042,13.0,12.3,-0.12745098039215685,31.933333333333334,1.0542797494780793,0.8,0.6,0.6666666666666666,0.3953488372093023,0.696065705024332,0.4076622680176822,1.037422223104328,0.9758008356545962,1.008,1.000449390634489,1.0034696343806933,0.95293917770982,1.02,1.0,1.0,86,0,0,3.28,2,238.15349999999998,112.1,112.1,100,1641739
2025-11-10,Toumani Camara,PTS,13.2,UNDER,0.5519,0.05412899999999987,8,1,A,13.81234227900427,5.505841054215579,14.8,12.6,-0.13541666666666663,31.933333333333334,1.1482254697286012,0.8,0.6,0.6,0.39080459770114945,0.6024939919322168,0.3986174787012659,1.0031855034782524,0.9845055710306407,0.991,0.9919775440096854,0.9915865264058112,0.9549272378456788,1.0,1.0,1.0,87,0,0,3.2399999999999998,1,234.18599999999998,113.1,113.1,100,1641739
2025-11-12,Toumani Camara,PTS,12.533333333333333,UNDER,0.5151,-0.016159000000000034,13,0,D,11.331659915527325,5.4885161495443855,13.0,12.0,-0.11340206185567003,32.2,1.1387163561076603,0.8,0.6,0.6,0.4431818181818182,0.6286647604389258,0.4843523535350447,1.0108267423513184,1.0332520891364905,1.026,1.0242819504224216,1.024969170253453,0.9540918163672655,1.0,1.0,1.0,88,0,0,-0.07999999999999989,1,235.0715,118.7,118.7,100,1641739
2025-11-14,Toumani Camara,PTS,13.066666666666666,UNDER,0.5918,0.13033799999999995,16,0,A,13.96901107338067,5.077494695315041,12.8,12.3,-0.020618556701030966,33.06666666666667,1.1189516129032258,0.4,0.5,0.5333333333333333,0.38202247191011235,0.4685490689154209,0.36348275970592564,0.9642846510335521,0.982764623955432,0.948,0.97537263478668,0.964423580872008,0.9559605911330049,1.0,1.0,1.0,89,0,0,6.0,1,229.67799999999997,112.9,112.9,100,1641739
2025-11-16,Toumani Camara,PTS,12.6,UNDER,0.5476,0.0459159999999999,11,1,B,13.278347993038096,4.371988759624814,13.2,12.0,0.2051282051282053,33.0,1.0606060606060606,0.8,0.7,0.6666666666666666,0.45555555555555555,0.7207077104939714,0.3292569800036171,1.0145977433536109,0.9845055710306407,0.995,0.9965424399598288,0.9959254639758973,0.9592417661198499,1.0,1.0,1.0,90,0,0,1.24,1,235.50849999999997,113.1,113.1,100,1641739
2025-11-18,Toumani Camara,PTS,12.266666666666667,OVER,0.592,0.13071999999999995,6,0,A,12.183951611476914,4.283967898150142,12.2,12.6,0.1518987341772151,33.53333333333333,1.113320079522863,0.6,0.7,0.6,0.45054945054945056,0.6247910005365932,0.3516074287519965,0.992070974208338,0.9871169916434542,0.975,0.9890985846694077,0.9834591508016446,1.042848106787646,1.0,1.0,1.0,91,1,0,0.6399999999999999,1,232.89799999999997,113.4,113.4,100,1641739
2025-11-19,Toumani Camara,PTS,12.0,OVER,0.6112,0.16739199999999987,14,1,A,11.95069291499658,4.551294949163998,10.8,12.8,0.0,33.46666666666667,1.0557768924302788,0.4,0.7,0.6,0.44565217391304346,0.565334275737635,0.38083941923172576,1.030674116047594,1.0201949860724235,1.034,1.0243866380624918,1.028231982837495,1.0393977947413062,0.95,1.0,1.0,92,1,1,-1.0799999999999998,0,237.37149999999997,117.2,117.2,100,1641739
2025-11-21,Toumani Camara,PTS,12.0,OVER,0.5157,-0.015012999999999943,20,1,D,11.667121045667727,4.551294949163998,12.0,12.5,-0.024096385542168752,34.46666666666667,1.0638297872340425,0.6,0.7,0.6,0.45161290322580644,0.6066981883497111,0.39009580267053107,1.000208397423811,0.9662256267409473,0.97,0.9798187350140928,0.9758912410084557,0.961143166245943,1.0,1.0,1.0,93,0,0,3.6399999999999997,1,233.84099999999998,111.0,111.0,100,1641739
2025-11-23,Toumani Camara,PTS,12.666666666666666,UNDER,0.6082,0.16166199999999986,4,1,A,13.923135238606392,4.952152009360125,13.4,13.1,-0.011235955056179692,34.4,0.9980620155038761,0.6,0.7,0.6666666666666666,0.4574468085106383,0.6714581076228671,0.35567793636225575,1.004674056505473,0.910515320334262,0.968,0.9481788148027464,0.9561072888816478,0.9660543746149106,1.0,0.9199999999999999,1.0,94,0,0,8.08,1,234.35849999999996,104.6,104.6,100,1641739
2025-11-24,Toumani Camara,PTS,11.666666666666666,UNDER,0.5775,0.10302500000000003,13,0,A,10.793669941440612,5.094347941825426,11.0,12.1,0.012048192771084265,34.0,0.9607843137254901,0.4,0.6,0.6,0.5052631578947369,0.5802281170354068,0.47197551615567485,0.9885976838114898,1.0106197771587744,1.0,1.0018109398198605,1.0010865638919162,0.9632709437366107,0.95,1.0,1.0,95,0,1,1.2,0,232.4955,116.1,116.1,100,1641739
2025-11-26,Toumani Camara,PTS,12.2,UNDER,0.5907,0.12823699999999993,10,1,A,10.934527385021966,4.7539457296018846,11.4,11.8,-0.023255813953488413,33.93333333333333,0.9135559921414539,0.6,0.6,0.6666666666666666,0.4583333333333333,0.6475069966396042,0.4347646278808359,1.0000099236868483,0.9749303621169918,0.973,0.9849621867449343,0.9801773120469606,1.0383550263085017,1.0,1.0,1.0,96,1,0,3.0,1,233.81799999999998,112.0,112.0,100,1641739
2025-11-30,Toumani Camara,PTS,12.6,UNDER,0.6809,0.30051899999999987,19,0,A,12.57185104049563,4.239272174728649,12.2,11.5,-0.17894736842105263,33.93333333333333,0.8742632612966602,0.6,0.5,0.6666666666666666,0.4536082474226804,0.5858885589995981,0.3372035001904955,1.004674056505473,0.910515320334262,0.968,0.9481788148027464,0.9561072888816478,1.036893501908946,1.03,1.0,1.0,97,1,0,5.68,3,234.35849999999996,104.6,104.6,100,1641739
2025-12-02,Toumani Camara,PTS,12.733333333333333,UNDER,0.604,0.1536399999999999,21,0,A,12.970568219217967,4.415341220702891,13.2,12.6,-0.08510638297872342,34.4,0.9689922480620156,0.6,0.6,0.6666666666666666,0.45918367346938777,0.6252964729460457,0.3404123201141534,0.9889946312854152,0.9792827298050141,0.965,0.9831674903971745,0.9759004942383047,0.9621985815602838,1.0,1.0,1.0,98,0,0,3.04,1,232.54149999999996,112.5,112.5,100,1641739
2025-12-03,Toumani Camara,PTS,13.2,UNDER,0.5648,0.07876799999999995,17,0,A,13.97424719181572,4.901894677425396,13.4,13.4,0.10989010989010994,34.8,0.9961685823754789,0.4,0.5,0.4666666666666667,0.3939393939393939,0.4882496846195656,0.3507805901913831,1.0140023221427226,0.9975626740947077,1.025,1.0041385333139137,1.0124831199883482,0.9671325449239749,0.95,1.0,1.0,99,0,1,3.5200000000000005,0,235.4395,114.6,114.6,100,1641739
2025-12-05,Toumani Camara,PTS,13.4,UNDER,0.5087,-0.028382999999999936,1,1,D,14.622333920315896,4.99714204034952,16.0,13.5,0.2530120481927711,34.86666666666667,1.0420650095602295,0.6,0.5,0.4666666666666667,0.4,0.5369491659520798,0.34174722500397964,1.0052694777163613,0.9636142061281339,0.965,0.9802763147634248,0.9741657888580548,0.9700488191054228,1.0,1.0,1.0,100,0,0,5.279999999999999,1,234.42749999999998,110.7,110.7,100,1641739
2025-12-07,Toumani Camara,PTS,12.4,UNDER,0.5767,0.10149699999999995,13,0,A,12.514740739060699,5.865151319446072,13.6,12.5,0.04938271604938271,34.0,0.9313725490196079,0.6,0.6,0.6,0.46534653465346537,0.5999179144553056,0.4686594346409357,1.0086435312447282,0.9897284122562676,1.005,0.9972944598516518,1.000376675910991,0.9662091154548835,1.0,1.0,1.0,101,0,0,2.3600000000000003,1,234.81849999999997,113.7,113.7,100,1641739
2025-12-11,Toumani Camara,PTS,12.4,UNDER,0.5205,-0.0058450000000001,15,0,D,11.900729077985261,5.865151319446072,14.2,13.2,0.06818181818181812,33.6,0.9126984126984127,0.8,0.7,0.6,0.47058823529411764,0.6379907587132968,0.49283966394091006,1.0108267423513184,1.0332520891364905,1.026,1.0242819504224216,1.024969170253453,0.9674199623352167,1.03,1.0,1.0,102,0,0,-0.07999999999999989,3,235.0715,118.7,118.7,100,1641739
2025-12-14,Toumani Camara,PTS,12.866666666666667,UNDER,0.5841,0.11563099999999982,7,1,A,12.962807011929954,5.767726299562651,13.4,13.3,0.1428571428571428,33.2,0.8534136546184737,0.8,0.7,0.6666666666666666,0.47572815533980584,0.6997727961943625,0.44494423887160295,1.000208397423811,0.9662256267409473,0.97,0.9798187350140928,0.9758912410084557,1.0351115760111576,1.02,1.0,1.0,103,1,0,1.2399999999999998,2,233.84099999999998,111.0,111.0,100,1641739
2025-12-18,Toumani Camara,PTS,12.466666666666667,UNDER,0.559,0.06769000000000003,17,0,A,12.62225757665442,5.962581735488492,10.6,12.0,0.1071428571428572,32.333333333333336,0.8865979381443299,0.6,0.6,0.6,0.47115384615384615,0.605848306734931,0.47238631435604866,1.0066587938751006,1.0393454038997216,1.034,1.0262707598898733,1.029362455933924,1.0323780094400488,1.03,1.0,1.0,104,1,0,-3.7600000000000002,3,234.58849999999998,119.4,119.4,100,1641739
2025-12-20,Toumani Camara,PTS,12.533333333333333,UNDER,0.5402,0.03178199999999998,15,0,B,12.494806310879767,6.010308604706545,10.6,13.3,0.16666666666666674,32.46666666666667,0.9034907597535934,0.6,0.7,0.6,0.47619047619047616,0.6433567995515336,0.4810245517349965,1.0066587938751006,1.0393454038997216,1.034,1.0262707598898733,1.029362455933924,0.9690506376314416,1.0,1.0,1.0,105,0,0,-1.36,1,234.58849999999998,119.4,119.4,100,1641739
2025-12-22,Toumani Camara,PTS,12.8,OVER,0.5413,0.03388299999999994,8,0,B,12.133286453326946,6.026133562599298,13.4,13.5,-0.011627906976744318,32.2,1.0041407867494825,0.8,0.7,0.6666666666666666,0.4811320754716981,0.7046281907315081,0.4966612785233413,1.0052694777163613,0.9636142061281339,0.965,0.9802763147634248,0.9741657888580548,1.0325769854132902,1.0,1.0,1.0,106,1,0,2.88,1,234.42749999999998,110.7,110.7,100,1641739
2025-12-23,Toumani Camara,PTS,12.933333333333334,OVER,0.5312,0.014591999999999994,10,0,C,12.696096156569638,5.885413769489384,12.4,13.3,-0.24752475247524752,32.0,1.0520833333333333,0.6,0.7,0.6666666666666666,0.4766355140186916,0.6375739527768474,0.46356090068236894,1.0031855034782524,0.9845055710306407,0.991,0.9919775440096854,0.9915865264058112,1.0304221527580437,0.95,1.0,1.0,107,1,1,0.8399999999999999,0,234.18599999999998,113.1,113.1,100,1641739
2025-12-26,Toumani Camara,PTS,12.666666666666666,OVER,0.5415,0.034264999999999934,20,1,B,13.168687019429854,5.924123403106833,11.4,12.4,-0.1826923076923077,32.2,1.0973084886128364,0.4,0.6,0.6,0.4722222222222222,0.5495684658522038,0.44986439379765303,0.9623991505324059,1.0271587743732593,1.004,1.001254924836918,1.0023529549021508,1.0291840747112313,1.02,1.0,1.0,108,1,0,-1.2799999999999998,2,229.4595,118.0,118.0,100,1641739
2025-10-22,Nickeil Alexander-Walker,PTS,10.0,OVER,0.5393,0.03006299999999995,10,0,B,10.197020865506374,4.971346468944376,8.0,10.4,0.3166666666666669,25.2,1.0582010582010584,0.0,0.3,0.26666666666666666,0.3780487804878049,0.23255954874385038,0.4875293023829175,0.9889946312854152,0.9792827298050141,0.948,0.9831674903971745,0.9691004942383047,0.9864165588615782,1.03,1.0,1.0,82,1,0,-0.36,191,233.082,112.5,112.5,100,1629638
2025-10-24,Nickeil Alexander-Walker,PTS,9.866666666666667,OVER,0.5895,0.12594499999999997,19,1,A,9.767591816102367,4.940599539481399,8.6,10.8,0.06779661016949157,25.866666666666667,1.0695876288659794,0.6,0.6,0.4,0.4457831325301205,0.49662793632653396,0.5058155206011549,1.0031855034782524,0.9845055710306407,0.979,0.9919775440096854,0.9867865264058113,1.013207488396723,1.0,1.0,1.0,83,0,0,2.2399999999999998,1,234.7265,113.1,113.1,100,1629638
2025-10-25,Nickeil Alexander-Walker,PTS,10.533333333333333,OVER,0.5288,0.010008000000000072,17,1,C,10.786709025351001,5.462425764996284,11.6,11.9,-0.09210526315789469,26.533333333333335,1.1557788944723617,0.2,0.4,0.26666666666666666,0.38095238095238093,0.2881672490037459,0.5064033666022186,1.004674056505473,0.910515320334262,0.953,0.9481788148027464,0.9501072888816477,0.9812967581047382,0.95,1.0,1.0,84,1,1,4.68,0,234.89899999999997,104.6,104.6,100,1629638
2025-10-27,Nickeil Alexander-Walker,PTS,11.133333333333333,OVER,0.6461,0.234051,17,1,A,11.698304210920696,5.65517041130967,13.0,12.5,-0.024691358024691246,26.733333333333334,1.1097256857855362,0.4,0.4,0.26666666666666666,0.32941176470588235,0.3381760449317904,0.4834179646337466,1.030674116047594,1.0201949860724235,1.037,1.0243866380624918,1.029431982837495,1.0139833711262283,1.0,1.0,1.0,85,0,0,0.3200000000000001,1,237.91199999999998,117.2,117.2,100,1629638
2025-10-29,Nickeil Alexander-Walker,PTS,11.666666666666666,OVER,0.5445,0.03999499999999995,18,1,B,12.22608237081704,5.814595756329394,14.4,11.6,0.16455696202531622,27.333333333333332,1.1097560975609757,0.6,0.4,0.3333333333333333,0.3372093023255814,0.428489224687114,0.4755894472139745,0.9727197848544692,1.00974930362117,1.013,0.9949374961144897,1.0021624976686938,1.0179425837320575,1.0,1.0,1.0,86,0,0,-0.040000000000000036,1,231.19599999999997,116.0,116.0,100,1629638
2025-10-31,Nickeil Alexander-Walker,PTS,12.333333333333334,OVER,0.52,-0.006800000000000028,21,1,D,12.67795444698777,5.936168397046637,16.2,12.1,0.3333333333333335,27.933333333333334,1.097852028639618,0.8,0.4,0.4,0.26436781609195403,0.5102079690715383,0.4682276168342793,1.0028877928728082,1.013231197771588,0.966,1.009093835812076,0.9918563014872457,1.0221018735362999,1.0,1.0,1.0,87,0,0,-1.8,1,234.69199999999995,116.4,116.4,100,1629638
2025-11-02,Nickeil Alexander-Walker,PTS,13.333333333333334,OVER,0.5733,0.09500300000000006,16,1,A,13.988077768591438,6.0553007081949835,18.4,13.5,0.40506329113924044,28.466666666666665,1.1007025761124123,1.0,0.5,0.4,0.23863636363636365,0.543375141511748,0.43289012317270925,1.0140023221427226,0.9975626740947077,1.029,1.0041385333139137,1.014083119988348,1.0274412698412698,1.0,1.0,1.0,88,0,0,2.5200000000000005,1,235.97999999999996,114.6,114.6,100,1629638
2025-11-04,Nickeil Alexander-Walker,PTS,13.866666666666667,OVER,0.5429,0.036939000000000055,20,1,B,14.644369488733219,5.9023804721565725,17.8,14.7,0.45679012345679015,29.333333333333332,1.1136363636363635,1.0,0.6,0.4666666666666667,0.24719101123595505,0.6141610454198344,0.40304777045523354,1.0031855034782524,0.9845055710306407,0.979,0.9919775440096854,0.9867865264058113,0.9680787200167046,1.0,1.0,1.0,89,1,0,-0.15999999999999998,1,234.7265,113.1,113.1,100,1629638
2025-11-07,Nickeil Alexander-Walker,PTS,14.466666666666667,OVER,0.5757,0.09958699999999998,20,1,A,17.337830508720117,6.045856511064494,18.4,15.7,0.6202531645569618,29.666666666666668,1.1011235955056178,1.0,0.7,0.5333333333333333,0.2111111111111111,0.6782107799453687,0.3487089407191812,0.9889946312854152,0.9792827298050141,0.948,0.9831674903971745,0.9691004942383047,0.974877756710907,1.02,1.0,1.0,90,1,0,-0.36,2,233.082,112.5,112.5,100,1629638
2025-11-12,Nickeil Alexander-Walker,PTS,14.066666666666666,OVER,0.7672,0.4653519999999999,14,0,A,15.916462116528692,5.391351098441527,19.0,16.7,1.0476190476190474,28.666666666666668,1.1162790697674418,1.0,0.8,0.5333333333333333,0.21978021978021978,0.7088330729739623,0.3387279823223276,1.0066587938751006,1.0393454038997216,1.037,1.0262707598898733,1.030562455933924,1.0184700882641387,1.03,1.0,1.0,91,0,0,-2.3600000000000003,4,235.12899999999996,119.4,119.4,100,1629638
2025-11-13,Nickeil Alexander-Walker,PTS,14.133333333333333,OVER,0.6913,0.320383,16,1,A,14.867301469531185,5.383395989610311,18.2,17.2,0.826086956521739,28.266666666666666,0.9905660377358491,0.8,0.8,0.5333333333333333,0.21739130434782608,0.6413786875682549,0.3620963764434964,1.0237275352538975,1.0576253481894151,1.101,1.044066223015208,1.066839733809125,1.0199144433186986,0.95,1.0,1.0,92,0,1,-1.1200000000000003,0,237.107,121.5,121.5,100,1629638
2025-11-16,Nickeil Alexander-Walker,PTS,14.733333333333333,OVER,0.6665,0.2730149999999999,26,1,A,14.604087344624077,5.020908663730482,17.2,17.8,0.5822784810126582,28.466666666666665,0.9601873536299766,0.8,0.9,0.6,0.22580645161290322,0.7028383209919723,0.34380160466369253,0.992070974208338,0.9871169916434542,0.973,0.9890985846694077,0.9826591508016446,1.0221774193548385,1.02,1.0,1.0,93,0,0,2.04,2,233.4385,113.4,113.4,100,1629638
2025-11-18,Nickeil Alexander-Walker,PTS,16.2,OVER,0.5447,0.040376999999999885,24,1,B,16.838179308977487,4.872664275615255,19.2,18.5,0.44565217391304346,29.733333333333334,0.9753363228699551,0.6,0.7,0.5333333333333333,0.18085106382978725,0.5733144376079379,0.2893818973062802,1.0052694777163613,0.9636142061281339,0.945,0.9802763147634248,0.9661657888580548,0.9687830687830687,1.0,1.0,1.0,94,1,0,1.8799999999999997,1,234.96799999999996,110.7,110.7,100,1629638
2025-11-20,Nickeil Alexander-Walker,PTS,17.133333333333333,OVER,0.6857,0.30968699999999993,38,1,A,17.7334068953553,4.940599539481399,20.0,19.2,0.3599999999999999,30.533333333333335,1.1135371179039302,0.6,0.6,0.4666666666666667,0.14736842105263157,0.5463851869721429,0.2786040814737878,1.0000099236868483,0.9749303621169918,0.987,0.9849621867449343,0.9857773120469606,1.0216092371666767,1.0,1.0,1.0,95,0,0,4.4,1,234.35849999999996,112.0,112.0,100,1629638
2025-11-22,Nickeil Alexander-Walker,PTS,19.0,OVER,0.7044,0.34540400000000004,10,0,A,20.13179721969732,6.938505396903366,23.6,21.3,0.42342342342342354,31.333333333333332,1.1276595744680853,0.6,0.6,0.4,0.11458333333333333,0.5301871928698173,0.34465404758372026,1.0108267423513184,1.0332520891364905,1.038,1.0242819504224216,1.029769170253453,1.0326215443279314,1.0,1.0,1.0,96,0,0,-1.0799999999999996,1,235.61199999999997,118.7,118.7,100,1629638
2025-11-23,Nickeil Alexander-Walker,PTS,19.066666666666666,OVER,0.5462,0.043242,23,1,B,19.000256380973724,6.83966025332782,22.8,20.5,0.2542372881355932,31.533333333333335,1.1310782241014798,0.6,0.6,0.4,0.1134020618556701,0.47973321067205876,0.35997726115826767,0.9908801317865614,1.021065459610028,1.048,1.0089913284806413,1.0245947970883846,0.964948474771113,0.95,1.0,1.0,97,1,1,-1.8399999999999999,0,233.3005,117.3,117.3,100,1629638
2025-11-25,Nickeil Alexander-Walker,PTS,19.933333333333334,OVER,0.666,0.27205999999999997,8,0,A,20.71462865699914,6.419464448809092,24.2,20.7,0.17968750000000022,32.266666666666666,1.1260330578512399,0.8,0.6,0.4666666666666667,0.12244897959183673,0.5565754450400269,0.3099000496270088,1.0123152953785393,1.0680710306406687,1.07,1.0457687365358168,1.0554612419214902,1.025678663332246,1.0,1.0,1.0,98,0,0,-3.3200000000000003,1,235.78449999999998,122.7,122.7,100,1629638
2025-11-28,Nickeil Alexander-Walker,PTS,19.2,OVER,0.5776,0.10321599999999997,30,1,A,18.855432447397106,7.123402076455964,20.6,19.9,0.1240310077519382,32.333333333333336,1.1030927835051545,0.6,0.6,0.4666666666666667,0.12121212121212122,0.503610288632233,0.377790437653914,1.0140023221427226,0.9975626740947077,1.029,1.0041385333139137,1.014083119988348,0.9734530548506735,1.02,1.0,1.0,99,1,0,0.1200000000000001,2,235.97999999999996,114.6,114.6,100,1629638
2025-11-30,Nickeil Alexander-Walker,PTS,20.066666666666666,OVER,0.5778,0.10359799999999997,34,1,A,20.248503391472468,7.610769312218674,21.8,20.9,0.26190476190476186,32.666666666666664,1.0816326530612246,0.6,0.5,0.4,0.1,0.48331426478657213,0.37586823900397015,0.9950480802627792,0.9853760445682453,0.989,0.9892448588460588,0.9891469153076353,1.01510989010989,1.0,1.0,1.0,100,0,0,2.0,1,233.78349999999998,113.2,113.2,100,1629638
2025-12-01,Nickeil Alexander-Walker,PTS,21.2,OVER,0.5268,0.006188000000000027,26,1,C,22.10237428127698,8.35121890162491,21.0,22.3,0.3360000000000001,33.6,1.101190476190476,0.6,0.6,0.4,0.07920792079207921,0.5264319660570769,0.37784261524786794,1.0052694777163613,0.9636142061281339,0.945,0.9802763147634248,0.9661657888580548,1.0234786305222197,0.95,1.0,1.0,101,0,1,4.279999999999999,0,234.96799999999996,110.7,110.7,100,1629638
2025-12-03,Nickeil Alexander-Walker,PTS,21.733333333333334,OVER,0.5804,0.108564,21,0,A,22.994378937333067,8.387632619063675,24.2,23.5,0.2706766917293233,33.8,1.124260355029586,0.8,0.7,0.4666666666666667,0.08823529411764706,0.5988302262880995,0.36476882641286457,0.9623991505324059,1.0271587743732593,1.014,1.001254924836918,1.0063529549021508,0.9682203389830508,1.0,1.0,1.0,102,1,0,-2.28,1,229.99999999999997,118.0,118.0,100,1629638
2025-12-05,Nickeil Alexander-Walker,PTS,21.733333333333334,OVER,0.6049,0.1553589999999999,30,1,A,22.070412501473584,8.387632619063675,23.8,24.0,0.11764705882352966,33.733333333333334,1.0869565217391304,0.6,0.7,0.4666666666666667,0.08737864077669903,0.5418439957964133,0.3800396851895566,0.9973305282378511,1.0045264623955434,0.996,1.0016480887324666,0.9993888532394799,0.9734405002633859,1.0,1.0,1.0,103,1,0,2.6399999999999997,1,234.04799999999997,115.4,115.4,100,1629638
2025-12-06,Nickeil Alexander-Walker,PTS,22.666666666666668,OVER,0.5668,0.08258799999999988,17,0,A,23.601346193743666,8.482474930843058,28.2,24.4,0.08860759493670889,33.733333333333334,0.9881422924901186,0.8,0.7,0.5333333333333333,0.09615384615384616,0.6127756074841341,0.35940640255053014,1.0123152953785393,1.0680710306406687,1.07,1.0457687365358168,1.0554612419214902,1.0162920841231158,0.95,1.0,1.0,104,0,1,-3.3200000000000003,0,235.78449999999998,122.7,122.7,100,1629638
2025-12-12,Nickeil Alexander-Walker,PTS,22.466666666666665,OVER,0.5185,-0.00966500000000009,22,0,D,22.776177919525708,8.584593065209212,25.6,23.7,0.12162162162162171,33.733333333333334,0.958498023715415,0.6,0.6,0.5333333333333333,0.09523809523809523,0.5544622985113605,0.3769110469518135,1.0052694777163613,0.9636142061281339,0.945,0.9802763147634248,0.9661657888580548,1.0178103146853146,1.03,1.0,1.0,105,0,0,4.279999999999999,5,234.96799999999996,110.7,110.7,100,1629638
2025-12-14,Nickeil Alexander-Walker,PTS,22.6,UNDER,0.5844,0.11620399999999997,12,1,A,21.869552797153574,8.559038664309378,23.2,22.1,0.1920529801324502,33.8,0.9566074950690336,0.4,0.5,0.5333333333333333,0.09433962264150944,0.5016982345833029,0.39136779538644145,0.9950480802627792,0.9853760445682453,0.989,0.9892448588460588,0.9891469153076353,0.9765826771653543,1.0,1.0,1.0,106,1,0,-0.4,1,233.78349999999998,113.2,113.2,100,1629638
2025-12-18,Nickeil Alexander-Walker,PTS,22.466666666666665,UNDER,0.5069,-0.03182099999999999,28,0,D,20.905726324986517,8.716705362747579,20.4,22.3,0.11724137931034484,34.6,0.9344894026974953,0.2,0.5,0.5333333333333333,0.09345794392523364,0.45395533521355497,0.41695300260050644,0.9908801317865614,1.021065459610028,1.048,1.0089913284806413,1.0245947970883846,1.0209006574548696,1.03,1.0,1.0,107,0,0,0.5599999999999999,3,233.3005,117.3,117.3,100,1629638
2025-12-19,Nickeil Alexander-Walker,PTS,23.266666666666666,UNDER,0.646,0.23385999999999996,23,1,A,23.141848671748903,8.631062396671576,21.8,22.8,-0.018867924528301994,34.86666666666667,0.9464627151051626,0.4,0.5,0.5333333333333333,0.08333333333333333,0.488187308798997,0.372963392816936,1.0000099236868483,0.9749303621169918,0.987,0.9849621867449343,0.9857773120469606,0.9712168837000449,0.95,1.0,1.0,108,1,1,2.0,0,234.35849999999996,112.0,112.0,100,1629638
2025-12-21,Nickeil Alexander-Walker,PTS,23.066666666666666,OVER,0.5136,-0.019024000000000152,9,0,D,22.85424996030315,8.597895645087204,20.4,24.3,-0.08383233532934131,34.733333333333334,0.9692898272552782,0.2,0.5,0.4666666666666667,0.08256880733944955,0.4143978406262285,0.3762055486406852,1.030674116047594,1.0201949860724235,1.037,1.0243866380624918,1.029431982837495,0.9764700790582261,1.0,1.0,1.0,109,1,0,-2.0799999999999996,1,237.91199999999998,117.2,117.2,100,1629638
2025-12-23,Nickeil Alexander-Walker,PTS,22.066666666666666,UNDER,0.5447,0.040376999999999885,21,1,B,23.011542107605237,9.323293920273539,18.8,22.2,-0.16568047337278102,34.2,0.935672514619883,0.4,0.5,0.5333333333333333,0.10909090909090909,0.4953630750048083,0.40515728483890795,1.030674116047594,1.0201949860724235,1.037,1.0243866380624918,1.029431982837495,0.9755644911846582,1.0,1.0,1.0,110,1,0,-2.0799999999999996,1,237.91199999999998,117.2,117.2,100,1629638
2025-12-26,Nickeil Alexander-Walker,PTS,20.933333333333334,UNDER,0.5607,0.07093699999999992,15,1,A,18.98195255947462,8.21554855717122,18.6,20.9,-0.13157894736842102,34.2,0.935672514619883,0.6,0.7,0.6666666666666666,0.16216216216216217,0.6727230313078645,0.43280840216147964,1.037422223104328,0.9758008356545962,0.993,1.000449390634489,0.9974696343806934,0.9795793592565419,1.02,1.0,1.0,111,1,0,-0.11999999999999993,2,238.694,112.1,112.1,100,1629638
2025-10-22,Harrison Barnes,PTS,14.733333333333333,OVER,0.6076,0.160516,7,0,A,15.0034909078488,6.787242935586339,16.2,16.7,0.6986301369863015,26.8,1.0572139303482586,0.8,0.7,0.4666666666666667,0.32926829268292684,0.5979951171917821,0.4523775818090254,1.0145977433536109,0.9845055710306407,0.995,0.9965424399598288,0.9959254639758973,0.9451038575667656,1.03,1.0,1.0,82,0,0,-2.96,191,233.46149999999997,113.1,113.1,100,203084
2025-10-24,Harrison Barnes,PTS,14.466666666666667,OVER,0.5197,-0.007372999999999963,7,0,D,14.40785598558341,7.019021774198073,14.2,16.1,0.2906976744186047,27.466666666666665,0.9587378640776699,0.6,0.7,0.4666666666666667,0.3253012048192771,0.5410883578379232,0.4871662918633661,1.0108267423513184,1.0332520891364905,1.026,1.0242819504224216,1.024969170253453,0.943575170736271,1.0,1.0,1.0,83,0,0,-4.279999999999999,1,233.0245,118.7,118.7,100,203084
2025-10-26,Harrison Barnes,PTS,14.0,OVER,0.6731,0.285621,4,0,A,12.942138732431204,7.280109889280518,10.8,16.2,0.032608695652173836,27.666666666666668,1.1807228915662649,0.4,0.7,0.4666666666666667,0.32142857142857145,0.48959699263538375,0.5625121195029051,0.9727197848544692,1.00974930362117,0.993,0.9949374961144897,0.9941624976686938,1.060666270077335,1.0,1.0,1.0,84,1,0,-5.640000000000001,1,228.60849999999996,116.0,116.0,100,203084
2025-10-27,Harrison Barnes,PTS,13.6,OVER,0.5235,-0.00011500000000008725,18,1,D,11.689437577138733,7.669978580711384,7.6,14.2,-0.21904761904761905,28.0,1.0595238095238095,0.2,0.6,0.4666666666666667,0.38823529411764707,0.4430056786943714,0.65614607461626,0.9889946312854152,0.9792827298050141,0.965,0.9831674903971745,0.9759004942383047,1.0556134018233143,0.95,1.0,1.0,85,1,1,-3.56,0,230.4945,112.5,112.5,100,203084
2025-10-30,Harrison Barnes,PTS,14.2,OVER,0.5731,0.09462100000000007,10,0,A,12.613191693734962,7.636379097077732,10.8,14.0,-0.327433628318584,28.6,1.0606060606060606,0.4,0.6,0.5333333333333333,0.32558139534883723,0.5233429998345029,0.6054279743382289,1.037422223104328,0.9758008356545962,1.008,1.000449390634489,1.0034696343806933,1.0568290353390641,1.02,1.0,1.0,86,1,0,-3.3200000000000003,2,236.10649999999998,112.1,112.1,100,203084
2025-11-02,Harrison Barnes,PTS,14.2,UNDER,0.5945,0.13549500000000003,13,1,A,12.691344173233801,7.636379097077733,9.2,12.7,-0.4803149606299212,28.866666666666667,1.0161662817551962,0.2,0.5,0.5333333333333333,0.3218390804597701,0.4735403287174452,0.6016997878903126,0.992070974208338,0.9871169916434542,0.975,0.9890985846694077,0.9834591508016446,0.9440826384457988,1.02,1.0,1.0,87,0,0,-1.1600000000000001,2,230.851,113.4,113.4,100,203084
2025-11-05,Harrison Barnes,PTS,14.2,UNDER,0.5978,0.14179799999999998,14,1,A,11.785389455409586,7.636379097077733,10.4,12.3,-0.4253731343283582,29.066666666666666,1.0321100917431192,0.2,0.4,0.5333333333333333,0.3181818181818182,0.4284770083725928,0.6479530545825599,0.9876053151266759,1.0280292479108637,1.007,1.0118596747971886,1.0099158048783132,0.9457943925233645,1.02,1.0,1.0,88,0,0,-1.8,2,230.3335,118.1,118.1,100,203084
2025-11-07,Harrison Barnes,PTS,14.733333333333333,UNDER,0.6713,0.28218299999999996,24,0,A,14.491024420777649,7.294485849566358,11.8,11.3,-0.43846153846153846,29.733333333333334,0.9641255605381166,0.2,0.3,0.5333333333333333,0.3146067415730337,0.387702029943629,0.5033795843382414,0.9642846510335521,0.982764623955432,0.948,0.97537263478668,0.964423580872008,1.0532644246897014,1.0,1.0,1.0,89,1,0,-0.6,1,227.63099999999997,112.9,112.9,100,203084
2025-11-08,Harrison Barnes,PTS,14.733333333333333,UNDER,0.6158,0.17617799999999995,15,0,A,15.139911113226162,7.294485849566357,15.8,11.7,-0.27419354838709675,30.4,1.030701754385965,0.4,0.3,0.5333333333333333,0.32222222222222224,0.445969885705534,0.4818050644428107,1.0108267423513184,1.0332520891364905,1.026,1.0242819504224216,1.024969170253453,1.0568592057761732,0.95,1.0,1.0,90,1,1,-6.68,0,233.0245,118.7,118.7,100,203084
2025-11-10,Harrison Barnes,PTS,14.4,UNDER,0.5683,0.085453,7,1,A,15.527223665288602,7.149425551349263,15.2,13.0,-0.11711711711711714,30.2,1.0485651214128036,0.4,0.4,0.5333333333333333,0.32967032967032966,0.4986928218676278,0.4604445524496396,1.030674116047594,1.0201949860724235,1.034,1.0243866380624918,1.028231982837495,0.9420797467102009,1.0,1.0,1.0,91,0,0,-2.88,1,235.32449999999997,117.2,117.2,100,203084
2025-11-12,Harrison Barnes,PTS,13.333333333333334,UNDER,0.533,0.01802999999999999,11,1,C,13.651717824696107,6.9659033530339425,14.6,11.9,0.06315789473684208,30.066666666666666,1.0532150776053215,0.6,0.4,0.5333333333333333,0.40217391304347827,0.5146500649535598,0.5102583749887173,1.000208397423811,0.9662256267409473,0.97,0.9798187350140928,0.9758912410084557,1.0592920353982302,1.0,1.0,1.0,92,1,0,-2.96,1,231.79399999999998,111.0,111.0,100,203084
2025-11-14,Harrison Barnes,PTS,12.933333333333334,UNDER,0.5785,0.104935,7,1,A,14.264789792779084,6.912376753400554,14.2,12.3,0.14634146341463428,29.533333333333335,0.9142212189616252,0.6,0.5,0.5333333333333333,0.45161290322580644,0.5126392362016455,0.48457613843700925,1.000208397423811,0.9662256267409473,0.97,0.9798187350140928,0.9758912410084557,1.057545639323475,1.0,1.0,1.0,93,1,0,-2.96,1,231.79399999999998,111.0,111.0,100,203084
2025-11-16,Harrison Barnes,PTS,11.8,OVER,0.5218,-0.003361999999999976,20,1,D,12.816955813727418,6.338093449250221,12.8,12.3,0.19736842105263142,29.333333333333332,0.9204545454545455,0.4,0.5,0.4666666666666667,0.4787234042553192,0.4365228594832436,0.4945084887053988,1.0066587938751006,1.0393454038997216,1.034,1.0262707598898733,1.029362455933924,1.054406213704994,1.0,1.0,1.0,94,1,0,-7.959999999999999,1,232.54149999999996,119.4,119.4,100,203084
2025-11-18,Harrison Barnes,PTS,11.8,OVER,0.6083,0.1618529999999999,23,1,A,11.28602768971723,6.338093449250222,12.0,13.9,0.48484848484848486,28.933333333333334,0.956221198156682,0.4,0.6,0.4666666666666667,0.4842105263157895,0.49014479905253266,0.5615876217479865,1.0086435312447282,0.9897284122562676,1.005,0.9972944598516518,1.000376675910991,1.0560700307520268,1.0,1.0,1.0,95,1,0,-4.24,1,232.77149999999997,113.7,113.7,100,203084
2025-11-20,Harrison Barnes,PTS,13.2,OVER,0.618,0.18037999999999998,16,1,A,14.909215248319697,6.338093449250222,13.6,14.4,0.38961038961038974,30.066666666666666,0.9977827050997783,0.4,0.5,0.4666666666666667,0.40625,0.5109557398441552,0.4251124786708368,1.0223382190951582,1.0053969359331478,1.023,1.012173449197952,1.016504069518771,1.0585894206549118,1.0,1.0,1.0,96,1,0,-4.4,1,234.35849999999996,115.5,115.5,100,203084
2025-11-23,Harrison Barnes,PTS,13.066666666666666,OVER,0.5786,0.10512599999999994,11,0,A,13.561291391155464,6.250333324444918,15.4,15.0,0.3561643835616437,30.066666666666666,1.06430155210643,0.6,0.6,0.4666666666666667,0.41237113402061853,0.5574944543352792,0.46089514222231975,0.992070974208338,0.9871169916434542,0.975,0.9890985846694077,0.9834591508016446,0.9350167501170707,1.02,1.0,1.0,97,0,0,-1.1600000000000001,2,230.851,113.4,113.4,100,203084
2025-11-26,Harrison Barnes,PTS,13.333333333333334,OVER,0.5926,0.13186599999999993,13,0,A,13.241129967261031,6.0553007081949835,15.4,14.8,0.05555555555555558,30.4,1.1074561403508771,0.6,0.6,0.4666666666666667,0.40816326530612246,0.5044418426301003,0.45730996698671794,1.0176740862765334,1.0149721448467968,1.021,1.0160529214186913,1.0180317528512148,0.9356810956224015,1.02,1.0,1.0,98,0,0,-3.0,2,233.81799999999998,116.6,116.6,100,203084
2025-11-28,Harrison Barnes,PTS,13.733333333333333,OVER,0.5202,-0.006418000000000035,10,0,D,12.806187280137692,5.799835794063073,16.6,14.7,0.030612244897959107,30.533333333333335,1.1462882096069869,0.6,0.5,0.4666666666666667,0.40404040404040403,0.4564378544347218,0.45289325130037555,0.9973305282378511,1.0045264623955434,0.98,1.0016480887324666,0.9929888532394799,0.9372969130787978,1.0,1.0,1.0,99,0,0,1.8399999999999999,1,231.46049999999997,115.4,115.4,100,203084
2025-11-30,Harrison Barnes,PTS,14.133333333333333,UNDER,0.5785,0.104935,5,1,A,14.344487262460461,5.262626539593903,14.6,13.3,-0.00990099009900991,30.933333333333334,1.0991379310344827,0.4,0.4,0.4,0.33,0.37222704446685334,0.36687449633464436,1.0027885560043268,0.9766713091922007,0.985,0.9871182079170511,0.9862709247502306,0.9374352480718315,1.0,1.0,1.0,100,0,0,0.2,1,232.09299999999996,112.2,112.2,100,203084
2025-12-02,Harrison Barnes,PTS,13.266666666666667,OVER,0.5196,-0.007564000000000126,31,1,D,12.096955844744343,5.637459745395295,11.0,12.3,0.042553191489361764,30.733333333333334,1.0412147505422993,0.2,0.3,0.4,0.39603960396039606,0.3463674049092584,0.46602300758537957,1.0086435312447282,0.9897284122562676,1.005,0.9972944598516518,1.000376675910991,1.063442230824914,1.0,1.0,1.0,101,1,0,-4.24,1,232.77149999999997,113.7,113.7,100,203084
2025-12-03,Harrison Barnes,PTS,14.666666666666666,UNDER,0.5736,0.095576,11,1,A,14.86463780536701,7.1680508076430645,14.0,14.7,0.19780219780219777,31.066666666666666,1.0300429184549356,0.2,0.4,0.4,0.3333333333333333,0.40251732295755593,0.4822216929533914,1.0031855034782524,0.9845055710306407,0.991,0.9919775440096854,0.9915865264058112,0.9289271730618638,0.95,1.0,1.0,102,0,1,-0.9600000000000002,0,232.139,113.1,113.1,100,203084
2025-12-05,Harrison Barnes,PTS,14.533333333333333,UNDER,0.5204,-0.006036000000000097,7,1,D,14.516491893434704,7.219682092987857,14.0,14.7,-0.010204081632653073,31.466666666666665,1.0381355932203389,0.2,0.4,0.4,0.3300970873786408,0.36421273521966135,0.49734344537147185,1.0140023221427226,0.9975626740947077,1.025,1.0041385333139137,1.0124831199883482,0.9296370722201923,1.0,1.0,1.0,103,0,0,-0.68,1,233.39249999999996,114.6,114.6,100,203084
2025-12-08,Harrison Barnes,PTS,14.066666666666666,OVER,0.5241,0.0010310000000000041,24,1,C,14.926268544141067,7.478222350519509,12.8,14.7,-0.17757009345794394,31.533333333333335,1.0359408033826638,0.2,0.4,0.4,0.3269230769230769,0.32955331095197293,0.501010840613269,1.0108267423513184,1.0332520891364905,1.026,1.0242819504224216,1.024969170253453,0.9285714285714286,1.02,1.0,1.0,104,0,0,-4.279999999999999,2,233.0245,118.7,118.7,100,203084
2025-12-10,Harrison Barnes,PTS,14.066666666666666,OVER,0.5099,-0.026090999999999975,16,1,D,14.846080652476303,7.478222350519509,15.6,15.1,0.020202020202020332,31.266666666666666,1.0341151385927507,0.4,0.4,0.4,0.3333333333333333,0.39335474895102535,0.5037169422403854,0.9876053151266759,1.0280292479108637,1.007,1.0118596747971886,1.0099158048783132,0.9348276996581172,1.0,1.0,1.0,105,0,0,-1.8,1,230.3335,118.1,118.1,100,203084
2025-12-13,Harrison Barnes,PTS,14.133333333333333,UNDER,0.5425,0.0361749999999999,6,1,B,13.910850061008205,7.491582578054487,17.8,14.4,0.09473684210526323,31.6,1.0232067510548524,0.6,0.4,0.4,0.33962264150943394,0.4510846773770693,0.5385424000114286,1.004674056505473,0.910515320334262,0.968,0.9481788148027464,0.9561072888816478,0.9374393119711473,1.02,1.0,1.0,106,0,0,3.88,2,232.31149999999997,104.6,104.6,100,203084
2025-12-18,Harrison Barnes,PTS,14.066666666666666,OVER,0.5327,0.01745699999999989,2,0,C,13.46172905833646,7.5636977603235716,12.8,13.4,-0.00990099009900991,31.533333333333335,1.0042283298097252,0.4,0.3,0.4,0.3364485981308411,0.4081582947934512,0.5618667355096998,1.0123152953785393,1.0680710306406687,1.069,1.0457687365358168,1.0550612419214902,1.0677450811679,1.03,0.95,1.0,107,1,0,-8.92,4,233.19699999999997,122.7,122.7,100,203084
2025-12-19,Harrison Barnes,PTS,13.466666666666667,UNDER,0.6687,0.2772169999999998,7,1,A,11.489277671090122,8.157964265206177,11.0,12.5,-0.030000000000000027,31.066666666666666,0.8369098712446352,0.4,0.3,0.4,0.39814814814814814,0.36931689761086645,0.7100502310718491,1.0223382190951582,1.0053969359331478,1.023,1.012173449197952,1.016504069518771,0.9393691193393353,0.95,1.0,1.0,108,0,1,-2.0,0,234.35849999999996,115.5,115.5,100,203084
2025-12-21,Harrison Barnes,PTS,13.466666666666667,UNDER,0.7063,0.34903300000000004,14,0,A,12.682257540805267,8.157964265206177,11.0,11.9,-0.2551020408163265,30.666666666666668,0.7282608695652173,0.4,0.3,0.4,0.3944954128440367,0.33417174807126726,0.6432580507814054,1.0123152953785393,1.0680710306406687,1.069,1.0457687365358168,1.0550612419214902,0.9383068783068783,1.0,1.0,1.0,109,0,0,-6.5200000000000005,1,233.19699999999997,122.7,122.7,100,203084
2025-12-23,Harrison Barnes,PTS,13.066666666666666,UNDER,0.6807,0.3001369999999999,20,0,A,13.251776789420319,7.959420893028648,9.0,12.3,-0.3027522935779816,30.4,0.7236842105263158,0.4,0.4,0.4,0.4,0.397533683669409,0.600630467861723,1.004674056505473,0.910515320334262,0.968,0.9481788148027464,0.9561072888816478,1.064516129032258,1.0,1.0,1.0,110,1,0,1.4799999999999998,1,232.31149999999997,104.6,104.6,100,203084
2025-12-25,Harrison Barnes,PTS,12.866666666666667,UNDER,0.6295,0.20234499999999989,15,0,A,13.150767994572789,7.726269351714196,9.8,13.8,-0.08247422680412375,30.0,0.8222222222222223,0.4,0.5,0.4666666666666667,0.4594594594594595,0.4917606843338865,0.5875146877279533,1.004674056505473,0.910515320334262,0.968,0.9481788148027464,0.9561072888816478,0.9375950714937633,1.0,1.0,1.0,111,0,0,3.88,1,232.31149999999997,104.6,104.6,100,203084
2025-10-22,Mikal Bridges,PTS,17.4,UNDER,0.7238,0.38245799999999996,16,1,A,15.223237144612995,7.307530362578044,14.0,16.6,-0.3422818791946308,33.733333333333334,0.6818181818181818,0.2,0.4,0.4,0.45121951219512196,0.3389206402989785,0.48002473410617136,1.0140023221427226,0.9975626740947077,1.029,1.0041385333139137,1.014083119988348,1.056786703601108,1.03,1.0,1.0,82,1,0,-3.08,191,231.73649999999998,114.6,114.6,100,1628969
2025-10-24,Mikal Bridges,PTS,17.533333333333335,UNDER,0.784,0.49744,12,1,A,15.59020012901351,7.259148579223193,12.8,15.6,-0.28859060402684567,33.8,0.6804733727810651,0.0,0.3,0.4,0.4457831325301205,0.30666807708722194,0.4656225397462248,0.9564449384235232,0.9949512534818943,0.973,0.9795487274585458,0.9769292364751274,1.0549575994781475,1.0,1.0,1.0,83,1,0,-1.1600000000000001,1,225.06649999999996,114.3,114.3,100,1628969
2025-10-26,Mikal Bridges,PTS,17.266666666666666,UNDER,0.8402,0.6047819999999998,20,0,A,16.625697064011092,7.391758602531284,12.4,14.0,-0.3049645390070922,34.0,0.6764705882352942,0.0,0.2,0.4,0.44047619047619047,0.2774847510656545,0.4445984173819632,1.037422223104328,0.9758008356545962,0.993,1.000449390634489,0.9974696343806934,0.9453870625662778,1.0,1.0,1.0,84,0,0,-0.9200000000000003,1,234.45049999999998,112.1,112.1,100,1628969
2025-10-28,Mikal Bridges,PTS,16.8,UNDER,0.6239,0.19164899999999996,24,0,A,16.237882048578285,6.9405639951972615,13.0,14.6,-0.28358208955223885,33.93333333333333,1.0412573673870336,0.4,0.5,0.6,0.5411764705882353,0.5360325992133722,0.42743037388949046,0.9885976838114898,1.0106197771587744,0.999,1.0018109398198605,1.0006865638919162,0.9476254308693987,1.0,1.0,1.0,85,0,0,-3.0,1,228.79249999999996,116.1,116.1,100,1628969
2025-10-31,Mikal Bridges,PTS,17.0,UNDER,0.5053,-0.0348770000000001,23,0,D,16.66841153755172,7.111359122659224,14.4,16.2,-0.2148148148148148,34.266666666666666,1.0894941634241246,0.4,0.4,0.4,0.45348837209302323,0.40845454612965776,0.4266368817831427,1.030674116047594,1.0201949860724235,1.037,1.0243866380624918,1.029431982837495,0.9511873350923483,1.02,1.0,1.0,86,0,0,-2.88,2,233.66849999999997,117.2,117.2,100,1628969
2025-11-02,Mikal Bridges,PTS,17.4,OVER,0.5403,0.031972999999999974,10,0,B,18.674264419004885,7.278147330978439,19.0,16.5,-0.1515151515151515,34.13333333333333,1.11328125,0.6,0.4,0.4666666666666667,0.45977011494252873,0.49207984225442936,0.38974211608417814,1.030674116047594,1.0201949860724235,1.037,1.0243866380624918,1.029431982837495,1.0468969581576681,1.0,1.0,1.0,87,1,0,-5.279999999999999,1,233.66849999999997,117.2,117.2,100,1628969
2025-11-03,Mikal Bridges,PTS,16.333333333333332,UNDER,0.5488,0.04820799999999986,10,1,B,17.859848994106414,7.097954098256228,17.8,15.3,-0.14634146341463417,33.93333333333333,1.100196463654224,0.6,0.5,0.5333333333333333,0.5454545454545454,0.5337896103455089,0.39742520222866873,1.0123152953785393,1.0680710306406687,1.07,1.0457687365358168,1.0554612419214902,1.0435765009683666,0.95,0.9199999999999999,1.0,88,1,1,-8.92,0,231.541,122.7,122.7,100,1628969
2025-11-05,Mikal Bridges,PTS,15.133333333333333,OVER,0.518,-0.010620000000000018,13,0,D,14.988294477503132,6.4792709760398495,17.4,14.9,0.02678571428571419,33.2,1.0240963855421685,0.6,0.6,0.5333333333333333,0.5955056179775281,0.5228871278558369,0.4322887427762373,1.0027885560043268,0.9766713091922007,0.967,0.9871182079170511,0.9790709247502306,1.0404319007911056,1.0,1.0,1.0,89,1,0,-2.2,1,230.43699999999998,112.2,112.2,100,1628969
2025-11-09,Mikal Bridges,PTS,15.066666666666666,UNDER,0.5031,-0.03907900000000003,16,0,D,13.93015478538382,6.49688570082034,16.0,14.5,0.1428571428571428,33.0,0.9797979797979799,0.4,0.5,0.5333333333333333,0.5888888888888889,0.47312783869331426,0.46639005818062995,0.9727197848544692,1.00974930362117,1.013,0.9949374961144897,1.0021624976686938,1.038292399601726,1.03,1.0,1.0,90,1,0,-5.640000000000001,3,226.9525,116.0,116.0,100,1628969
2025-11-11,Mikal Bridges,PTS,15.6,UNDER,0.6153,0.1752229999999999,22,0,A,15.808091202073683,6.196773353931866,14.4,14.4,0.09433962264150964,32.46666666666667,0.9240246406570841,0.4,0.5,0.6,0.5934065934065934,0.5505986573136125,0.3920001013859904,1.0086435312447282,0.9897284122562676,1.001,0.9972944598516518,0.9987766759109911,1.037079961412723,1.0,1.0,1.0,91,1,0,-4.24,1,231.11549999999997,113.7,113.7,100,1628969
2025-11-12,Mikal Bridges,PTS,15.733333333333333,OVER,0.5223,-0.002407000000000048,6,0,D,16.851947429291613,6.318529063303384,14.2,16.6,0.20408163265306123,32.8,1.0060975609756098,0.4,0.6,0.6,0.5978260869565217,0.5933648494217556,0.3749435541390713,1.0031855034782524,0.9845055710306407,0.979,0.9919775440096854,0.9867865264058113,1.0375,0.95,1.0,1.0,92,1,1,-3.3600000000000003,0,230.483,113.1,113.1,100,1628969
2025-11-14,Mikal Bridges,PTS,14.666666666666666,OVER,0.5438,0.03865799999999986,15,1,B,14.415983490721601,6.531972647421808,13.4,15.6,0.04166666666666674,32.06666666666667,0.977130977130977,0.4,0.5,0.5333333333333333,0.6559139784946236,0.5095664149186977,0.4531062796808771,1.037422223104328,0.9758008356545962,0.993,1.000449390634489,0.9974696343806934,1.0338010204081631,1.0,1.0,1.0,93,1,0,-3.3200000000000003,1,234.45049999999998,112.1,112.1,100,1628969
2025-11-17,Mikal Bridges,PTS,14.733333333333333,OVER,0.5782,0.10436200000000007,23,1,A,14.893786995597111,6.5297852367513,14.4,15.9,-0.13207547169811318,32.333333333333336,1.11340206185567,0.6,0.6,0.6,0.6595744680851063,0.583569644542295,0.43842343379032006,1.037422223104328,0.9758008356545962,0.993,1.000449390634489,0.9974696343806934,0.9630316035895434,1.02,1.0,1.0,94,0,0,-0.9200000000000003,2,234.45049999999998,112.1,112.1,100,1628969
2025-11-19,Mikal Bridges,PTS,15.133333333333333,OVER,0.5427,0.036556999999999895,16,1,B,15.907063621147472,6.854265269228525,16.4,16.2,-0.0625,32.733333333333334,1.109979633401222,0.6,0.5,0.5333333333333333,0.5894736842105263,0.5123602765936731,0.4308944398836877,1.0145977433536109,0.9845055710306407,0.974,0.9965424399598288,0.9875254639758972,0.9658739755474942,1.0,1.0,1.0,95,0,0,-2.96,1,231.80549999999997,113.1,113.1,100,1628969
2025-11-22,Mikal Bridges,PTS,15.066666666666666,OVER,0.5166,-0.013294000000000139,18,1,D,13.624805834948347,6.83966025332782,16.4,15.4,0.05714285714285716,32.666666666666664,1.183673469387755,0.6,0.5,0.5333333333333333,0.59375,0.5587653317412498,0.5020005669206478,1.0031855034782524,0.9845055710306407,0.979,0.9919775440096854,0.9867865264058113,0.9661286123405364,1.02,1.0,1.0,96,0,0,-0.9600000000000002,2,230.483,113.1,113.1,100,1628969
2025-11-24,Mikal Bridges,PTS,16.266666666666666,UNDER,0.5773,0.10264300000000004,16,1,A,16.330646125396925,5.444088099773482,15.6,14.9,0.008695652173913215,35.2,1.0606060606060606,0.4,0.3,0.4,0.5257731958762887,0.4198152243606912,0.33336636272504866,0.9727197848544692,1.00974930362117,1.013,0.9949374961144897,1.0021624976686938,0.9670515276797419,1.0,1.0,1.0,97,0,0,-3.2400000000000007,1,226.9525,116.0,116.0,100,1628969
2025-11-26,Mikal Bridges,PTS,16.266666666666666,UNDER,0.5512,0.05279199999999995,18,0,A,15.749580104768029,5.444088099773482,17.6,15.5,0.03571428571428581,35.266666666666666,1.0113421550094517,0.4,0.3,0.4,0.5204081632653061,0.37986452366271484,0.34566560273726527,0.9908801317865614,1.021065459610028,1.048,1.0089913284806413,1.0245947970883846,0.9672828638497653,1.0,1.0,1.0,98,0,0,-2.6400000000000006,1,229.057,117.3,117.3,100,1628969
2025-11-28,Mikal Bridges,PTS,16.666666666666668,OVER,0.5185,-0.00966500000000009,14,0,D,17.110353101580586,5.327377627027427,18.2,16.3,-0.034482758620689724,35.266666666666666,1.0207939508506616,0.6,0.4,0.4666666666666667,0.5252525252525253,0.46621052014385067,0.31135404368337116,0.9885976838114898,1.0106197771587744,0.999,1.0018109398198605,1.0006865638919162,1.031219512195122,1.0,1.0,1.0,99,1,0,-5.4,1,228.79249999999996,116.1,116.1,100,1628969
2025-11-30,Mikal Bridges,PTS,16.266666666666666,UNDER,0.5058,-0.03392200000000001,14,1,D,17.261294218837293,5.2842983946603095,16.4,16.4,0.016949152542372836,35.13333333333333,0.9962049335863378,0.4,0.4,0.4,0.52,0.39451241992278385,0.3061357003516887,0.9889946312854152,0.9792827298050141,0.948,0.9831674903971745,0.9691004942383047,1.0297280202403543,1.0,1.0,1.0,100,1,0,-3.56,1,228.83849999999998,112.5,112.5,100,1628969
2025-12-02,Mikal Bridges,PTS,15.6,UNDER,0.5253,0.003322999999999965,35,0,C,16.71869862774406,4.852098220652293,16.0,16.2,0.18999999999999995,34.733333333333334,0.9980806142034548,0.6,0.6,0.5333333333333333,0.594059405940594,0.5397439926389506,0.29021985076041834,0.9564449384235232,0.9949512534818943,0.973,0.9795487274585458,0.9769292364751274,0.9699591836734693,1.0,1.0,1.0,101,0,0,1.2399999999999998,1,225.06649999999996,114.3,114.3,100,1628969
2025-12-03,Mikal Bridges,PTS,16.4,OVER,0.5361,0.023951,16,0,B,17.249721720674643,6.769680304753795,19.4,17.5,0.423913043478261,34.46666666666667,0.9864603481624757,0.4,0.4,0.3333333333333333,0.5196078431372549,0.39343074180183585,0.39245156613975973,0.9908801317865614,1.021065459610028,1.048,1.0089913284806413,1.0245947970883846,1.023076923076923,0.95,1.0,1.0,102,1,1,-5.040000000000001,0,229.057,117.3,117.3,100,1628969
2025-12-05,Mikal Bridges,PTS,16.8,OVER,0.648,0.23768,10,0,A,17.093506505590312,6.537802164554778,19.4,18.5,0.24761904761904763,34.53333333333333,0.9942084942084943,0.4,0.4,0.3333333333333333,0.5145631067961165,0.35599085658794544,0.3824728508698104,1.0237275352538975,1.0576253481894151,1.101,1.044066223015208,1.066839733809125,1.0222675033786262,1.0,1.0,1.0,103,1,0,-6.720000000000001,1,232.8635,121.5,121.5,100,1628969
2025-12-07,Mikal Bridges,PTS,16.8,UNDER,0.5516,0.05355599999999994,12,1,A,16.611619633607233,6.537802164554778,17.8,18.0,0.10810810810810811,33.93333333333333,0.8840864440078586,0.2,0.4,0.3333333333333333,0.5096153846153846,0.3221138475194461,0.393568014965142,1.0031855034782524,0.9845055710306407,0.979,0.9919775440096854,0.9867865264058113,1.020031903797779,1.0,1.0,1.0,104,1,0,-3.3600000000000003,1,230.483,113.1,113.1,100,1628969
2025-12-09,Mikal Bridges,PTS,16.733333333333334,UNDER,0.6375,0.21762499999999985,15,1,A,16.43996862062204,6.584252497617399,17.4,16.9,0.025862068965517127,34.0,0.8823529411764706,0.2,0.3,0.3333333333333333,0.5047619047619047,0.2914606621031244,0.4005027411888254,0.9889946312854152,0.9792827298050141,0.948,0.9831674903971745,0.9691004942383047,0.979786066922655,1.0,1.0,1.0,105,0,0,-1.1600000000000001,1,228.83849999999998,112.5,112.5,100,1628969
2025-12-13,Mikal Bridges,PTS,16.666666666666668,UNDER,0.6196,0.18343600000000004,16,1,A,17.069575425475705,6.597257727556922,17.6,16.8,0.0,34.53333333333333,0.8687258687258688,0.2,0.3,0.3333333333333333,0.5,0.2637245129564423,0.3864921981428291,1.0031855034782524,0.9845055710306407,0.979,0.9919775440096854,0.9867865264058113,0.9794640380635389,1.03,1.0,1.0,106,0,0,-0.9600000000000002,3,230.483,113.1,113.1,100,1628969
2025-12-18,Mikal Bridges,PTS,16.266666666666666,OVER,0.5492,0.048972000000000016,22,1,B,14.776937477474121,6.4305816962683044,13.8,16.6,0.0535714285714286,34.86666666666667,1.0803059273422562,0.0,0.2,0.26666666666666666,0.4953271028037383,0.21129550399091857,0.43517689007421506,1.0028877928728082,1.013231197771588,0.966,1.009093835812076,0.9918563014872457,0.9794622852875281,1.03,1.0,1.0,107,0,0,-5.0,4,230.44849999999997,116.4,116.4,100,1628969
2025-12-19,Mikal Bridges,PTS,17.333333333333332,UNDER,0.5087,-0.028382999999999936,21,0,D,16.894224616436986,5.912053869204928,15.0,17.2,0.050000000000000044,35.46666666666667,1.0902255639097742,0.2,0.3,0.3333333333333333,0.42592592592592593,0.31368296362316966,0.3499452625634492,0.9950480802627792,0.9853760445682453,0.989,0.9892448588460588,0.9891469153076353,1.0181236673773988,0.95,1.0,1.0,108,1,1,-3.6,0,229.53999999999996,113.2,113.2,100,1628969
2025-12-21,Mikal Bridges,PTS,17.733333333333334,OVER,0.5447,0.040376999999999885,24,1,B,18.486917049290923,5.945786823657652,17.2,17.5,-0.05882352941176472,35.13333333333333,1.110056925996205,0.4,0.3,0.4,0.43119266055045874,0.40632696823607667,0.321621328629573,1.037422223104328,0.9758008356545962,0.993,1.000449390634489,0.9974696343806934,1.0186713984486784,1.0,1.0,1.0,109,1,0,-3.3200000000000003,1,234.45049999999998,112.1,112.1,100,1628969
2025-12-23,Mikal Bridges,PTS,17.8,OVER,0.5425,0.0361749999999999,15,0,B,18.231515721959568,6.014268747855268,19.6,18.5,-0.08396946564885499,35.2,1.0795454545454544,0.6,0.4,0.4,0.43636363636363634,0.46282242678115143,0.3298830903352253,1.0027885560043268,0.9766713091922007,0.967,0.9871182079170511,0.9790709247502306,0.9786225727559348,1.0,1.0,1.0,110,0,0,0.2,1,230.43699999999998,112.2,112.2,100,1628969
2025-12-25,Mikal Bridges,PTS,17.733333333333334,OVER,0.6178,0.179998,12,0,A,18.09744388419176,6.041128875900438,19.6,18.6,-0.04580152671755733,35.4,1.0828625235404898,0.6,0.4,0.4,0.43243243243243246,0.418779049657794,0.3338111677294606,1.0140023221427226,0.9975626740947077,1.029,1.0041385333139137,1.014083119988348,1.0205388212266202,1.0,1.0,1.0,111,1,0,-3.08,1,231.73649999999998,114.6,114.6,100,1628969
2025-10-23,Bruce Brown,PTS,9.466666666666667,OVER,0.6362,0.21514199999999994,4,0,A,8.801332474621404,6.978197338513586,9.0,10.6,0.4150943396226414,25.533333333333335,1.0182767624020888,0.4,0.6,0.5333333333333333,0.3902439024390244,0.5409356810761682,0.7928569178172943,1.000208397423811,0.9662256267409473,0.952,0.9798187350140928,0.9686912410084557,1.1397875816993464,1.03,1.0,1.0,41,0,0,-1.2,197,231.4835,111.0,111.0,100,1628971
2025-10-25,Bruce Brown,PTS,9.733333333333333,UNDER,0.5512,0.05279199999999995,11,0,A,8.875834983986579,6.659758325373448,9.2,10.8,0.0,25.533333333333335,0.9268929503916449,0.4,0.6,0.5333333333333333,0.38095238095238093,0.48945884498848335,0.7503247116906425,0.992070974208338,0.9871169916434542,0.973,0.9890985846694077,0.9826591508016446,0.8954752275025278,1.0,1.0,1.0,42,1,0,-4.2,1,230.54049999999998,113.4,113.4,100,1628971
2025-10-27,Bruce Brown,PTS,10.133333333333333,UNDER,0.5632,0.075712,2,1,A,10.085892307158247,6.53415932582288,8.2,10.4,-0.18918918918918914,25.666666666666668,0.7922077922077921,0.4,0.6,0.6,0.3488372093023256,0.5653755628836623,0.647851387545096,1.0027885560043268,0.9766713091922007,0.967,0.9871182079170511,0.9790709247502306,1.1215715344699777,1.0,1.0,1.0,43,0,0,-0.43999999999999984,1,231.7825,112.2,112.2,100,1628971
2025-10-29,Bruce Brown,PTS,9.466666666666667,UNDER,0.657,0.25487000000000004,5,1,A,7.455950003900625,6.833391405095869,8.4,9.2,-0.26249999999999996,24.533333333333335,0.733695652173913,0.4,0.5,0.5333333333333333,0.38636363636363635,0.4842406611549006,0.9165017739551551,1.0108267423513184,1.0332520891364905,1.038,1.0242819504224216,1.029769170253453,0.9108309990662933,1.0,1.0,1.0,44,1,0,-7.32,1,232.714,118.7,118.7,100,1628971
2025-10-31,Bruce Brown,PTS,9.8,UNDER,0.6615,0.26346499999999995,5,1,A,9.712698714445878,6.449806198638838,6.2,8.5,-0.42168674698795183,24.866666666666667,0.7238605898123325,0.2,0.4,0.5333333333333333,0.37777777777777777,0.4381590695474262,0.664059123860799,1.0176740862765334,1.0149721448467968,1.02,1.0160529214186913,1.0176317528512149,1.1122237569060773,1.0,1.0,1.0,45,0,0,-3.6399999999999997,1,233.5075,116.6,116.6,100,1628971
2025-11-03,Bruce Brown,PTS,8.866666666666667,UNDER,0.7317,0.397547,13,0,A,6.829736541584452,6.022181221672648,5.4,7.2,-0.35,24.066666666666666,0.7202216066481995,0.2,0.4,0.5333333333333333,0.41304347826086957,0.4434273214153592,0.8817589353564644,1.0066587938751006,1.0393454038997216,1.037,1.0262707598898733,1.030562455933924,0.9136239782016349,1.02,0.95,1.0,46,1,0,-8.6,2,232.23099999999997,119.4,119.4,100,1628971
2025-11-05,Bruce Brown,PTS,9.6,UNDER,0.6974,0.33203399999999994,5,1,A,9.355159052487807,5.791619561302101,7.2,8.2,-0.379746835443038,24.466666666666665,0.8310626702997276,0.4,0.4,0.5333333333333333,0.3829787234042553,0.45649789950372976,0.6190829604080267,1.037422223104328,0.9758008356545962,0.993,1.000449390634489,0.9974696343806934,0.9233805668016194,1.0,1.0,1.0,47,1,0,-3.96,1,235.796,112.1,112.1,100,1628971
2025-11-07,Bruce Brown,PTS,8.933333333333334,UNDER,0.6732,0.28581199999999995,6,1,A,8.67583035718826,5.700459463520295,6.0,7.1,-0.4375,24.266666666666666,0.9615384615384616,0.2,0.4,0.5333333333333333,0.4166666666666667,0.4465532371945498,0.6570505909900883,1.000208397423811,0.9662256267409473,0.952,0.9798187350140928,0.9686912410084557,0.9225108225108225,1.0,1.0,1.0,48,1,0,-3.6,1,231.4835,111.0,111.0,100,1628971
2025-11-08,Bruce Brown,PTS,8.4,UNDER,0.6621,0.26461100000000004,6,1,A,8.071483935062588,5.565197981332611,6.8,7.6,-0.3733333333333333,24.0,0.9444444444444445,0.2,0.4,0.4666666666666667,0.40816326530612246,0.3767257747733362,0.6894888258598085,1.0028877928728082,1.013231197771588,0.966,1.009093835812076,0.9918563014872457,0.9229539641943734,0.95,0.95,1.0,49,1,1,-8.040000000000001,0,231.79399999999998,116.4,116.4,100,1628971
2025-11-11,Bruce Brown,PTS,8.0,UNDER,0.5354,0.022613999999999912,14,0,B,8.622151325611185,5.503245795502349,7.0,6.6,-0.3731343283582089,23.266666666666666,1.002865329512894,0.2,0.3,0.4,0.4,0.3135432739681223,0.6382682914826073,1.0066587938751006,1.0393454038997216,1.037,1.0262707598898733,1.030562455933924,1.1057334772700012,1.02,1.0,1.0,50,0,0,-6.2,2,232.23099999999997,119.4,119.4,100,1628971
2025-11-12,Bruce Brown,PTS,7.733333333333333,UNDER,0.52,-0.006800000000000028,2,1,D,7.270375203831236,5.063407473045719,8.8,7.1,-0.09999999999999998,22.933333333333334,1.002906976744186,0.4,0.3,0.4,0.49019607843137253,0.37886826842389776,0.6964437640546361,0.9623991505324059,1.0271587743732593,1.014,1.001254924836918,1.0063529549021508,1.1091572660915727,0.95,1.0,1.0,51,0,1,-3.72,0,227.102,118.0,118.0,100,1628971
2025-11-15,Bruce Brown,PTS,7.666666666666667,OVER,0.5087,-0.028382999999999936,7,0,D,8.365717881953742,5.136239128092886,6.6,6.9,-0.13559322033898313,22.733333333333334,1.158357771260997,0.2,0.3,0.4,0.4807692307692308,0.3428141857764345,0.6139627466009362,1.0027885560043268,0.9766713091922007,0.967,0.9871182079170511,0.9790709247502306,1.0966943888830403,1.02,1.0,1.0,52,0,0,-0.43999999999999984,2,231.7825,112.2,112.2,100,1628971
2025-11-17,Bruce Brown,PTS,7.066666666666666,UNDER,0.5501,0.05069100000000004,0,1,A,6.170995940630974,4.589843860815601,7.0,6.5,0.10416666666666674,23.2,1.221264367816092,0.2,0.2,0.3333333333333333,0.4716981132075472,0.28285879933866914,0.7437768400713447,1.030674116047594,1.0201949860724235,1.037,1.0243866380624918,1.029431982837495,0.9242610837438423,1.0,1.0,1.0,53,1,0,-5.92,1,235.014,117.2,117.2,100,1628971
2025-11-19,Bruce Brown,PTS,7.0,OVER,0.5386,0.02872599999999992,12,1,B,7.423628654130653,4.69041575982343,5.8,6.3,-0.23076923076923073,23.0,1.173913043478261,0.2,0.2,0.3333333333333333,0.46296296296296297,0.25594122566235294,0.6318225194647351,1.0108267423513184,1.0332520891364905,1.038,1.0242819504224216,1.029769170253453,1.1026785714285714,1.0,1.0,1.0,54,0,0,-4.92,1,232.714,118.7,118.7,100,1628971
2025-11-21,Bruce Brown,PTS,6.733333333333333,OVER,0.5815,0.11066500000000001,10,1,A,7.051138376194331,4.233652031498281,7.0,7.0,-0.04081632653061218,22.666666666666668,1.1764705882352942,0.6,0.4,0.4,0.509090909090909,0.42703810949165444,0.6004210675813293,0.9642846510335521,0.982764623955432,0.955,0.97537263478668,0.967223580872008,1.1034722222222224,1.0,1.0,1.0,55,0,0,1.1600000000000001,1,227.3205,112.9,112.9,100,1628971
2025-11-22,Bruce Brown,PTS,6.8,UNDER,0.5237,0.00026700000000007273,2,1,C,6.745077010477189,4.279519332154689,6.2,7.5,0.1333333333333333,22.733333333333334,1.0410557184750733,0.6,0.5,0.4,0.5178571428571429,0.4815626423594265,0.6344655999490106,1.0066587938751006,1.0393454038997216,1.037,1.0262707598898733,1.030562455933924,0.9117647058823529,0.95,0.95,1.0,56,1,1,-8.6,0,232.23099999999997,119.4,119.4,100,1628971
2025-11-24,Bruce Brown,PTS,6.666666666666667,OVER,0.5458,0.04247799999999985,9,1,B,7.096479080337531,4.402380308532236,6.2,6.4,0.0,23.266666666666666,1.0744985673352436,0.6,0.4,0.4,0.5087719298245614,0.4357358979350777,0.6203612042949678,1.0086435312447282,0.9897284122562676,1.001,0.9972944598516518,0.9987766759109911,1.1097972972972974,1.0,1.0,1.0,57,0,0,-2.4799999999999995,1,232.46099999999996,113.7,113.7,100,1628971
2025-11-28,Bruce Brown,PTS,6.533333333333333,UNDER,0.502,-0.04118000000000005,3,1,D,6.120014871648209,4.290632099064637,6.6,6.8,0.0,23.666666666666668,1.0704225352112675,0.6,0.5,0.4,0.5172413793103449,0.4894327267971965,0.7010819726830348,1.0000099236868483,0.9749303621169918,0.987,0.9849621867449343,0.9857773120469606,0.9068219041515345,1.03,1.0,1.0,58,1,0,-1.8399999999999999,3,231.46049999999997,112.0,112.0,100,1628971
2025-11-29,Bruce Brown,PTS,6.6,OVER,0.5154,-0.0155860000000001,4,0,D,6.134814453907893,4.222389303293981,7.2,6.5,-0.20370370370370372,24.066666666666666,1.0249307479224377,0.6,0.5,0.4,0.5084745762711864,0.44285704481747445,0.6882668310537587,0.992070974208338,0.9871169916434542,0.973,0.9890985846694077,0.9826591508016446,1.113385315139701,0.95,1.0,1.0,59,0,1,-1.8,0,230.54049999999998,113.4,113.4,100,1628971
2025-12-01,Bruce Brown,PTS,6.533333333333333,UNDER,0.5846,0.11658599999999997,7,0,A,5.867962647169406,4.257206774847743,5.6,6.3,-0.21568627450980393,24.6,1.002710027100271,0.4,0.5,0.4,0.5,0.40071362499167884,0.7254999785830843,1.0145977433536109,0.9845055710306407,0.974,0.9965424399598288,0.9875254639758972,0.9076086956521738,1.0,1.0,1.0,60,1,0,-6.0,1,233.15099999999998,113.1,113.1,100,1628971
2025-12-03,Bruce Brown,PTS,6.666666666666667,UNDER,0.6051,0.1557409999999999,14,0,A,7.088937826181791,4.2370250120079485,5.0,5.6,-0.1132075471698113,24.6,0.8943089430894309,0.4,0.5,0.4666666666666667,0.5081967213114754,0.4850755671587205,0.5976953269866769,1.0028877928728082,1.013231197771588,0.966,1.009093835812076,0.9918563014872457,1.1064545732639952,1.0,1.0,1.0,61,0,0,-5.640000000000001,1,231.79399999999998,116.4,116.4,100,1628971
2025-12-05,Bruce Brown,PTS,6.733333333333333,OVER,0.5584,0.06654399999999994,13,1,A,6.873350088000507,4.350150517374027,7.4,6.8,0.22499999999999987,24.866666666666667,0.9785522788203753,0.6,0.6,0.4666666666666667,0.5161290322580645,0.5340771057042658,0.6329010543153504,1.0223382190951582,1.0053969359331478,1.026,1.012173449197952,1.0177040695187711,1.108932539967023,1.0,1.0,1.0,62,0,0,-2.6399999999999997,1,234.04799999999997,115.5,115.5,100,1628971
2025-12-07,Bruce Brown,PTS,7.266666666666667,OVER,0.6012,0.14829199999999987,0,0,A,7.774115140739013,4.605379876787995,8.2,7.4,0.1063829787234043,25.133333333333333,1.0344827586206897,0.4,0.5,0.4,0.47619047619047616,0.46039415500794995,0.5923992368796076,0.9908801317865614,1.021065459610028,1.048,1.0089913284806413,1.0245947970883846,1.1100202429149797,1.0,1.0,1.0,63,0,0,-3.28,1,230.40249999999997,117.3,117.3,100,1628971
2025-12-11,Bruce Brown,PTS,6.866666666666666,OVER,0.6248,0.19336799999999998,8,1,A,6.802350748146637,4.96943035923013,7.6,7.4,-0.019607843137254832,25.266666666666666,1.029023746701847,0.6,0.6,0.5333333333333333,0.515625,0.5481033067371427,0.730546033749303,1.0066587938751006,1.0393454038997216,1.037,1.0262707598898733,1.030562455933924,1.0997126812067388,1.03,1.0,1.0,64,0,0,-6.2,3,232.23099999999997,119.4,119.4,100,1628971
2025-12-15,Bruce Brown,PTS,7.0,UNDER,0.5461,0.043051000000000006,2,1,B,8.031527414536868,4.971346468944376,8.4,7.0,0.042553191489361764,25.4,1.0236220472440944,0.6,0.5,0.4666666666666667,0.47692307692307695,0.49943373859178003,0.6189789578438544,0.9642846510335521,0.982764623955432,0.955,0.97537263478668,0.967223580872008,0.9061028612821441,1.03,1.0,1.0,65,1,0,-1.2399999999999998,3,227.3205,112.9,112.9,100,1628971
2025-12-18,Bruce Brown,PTS,6.2,UNDER,0.5645,0.0781949999999999,11,0,A,5.6583807228569185,4.723799923185328,7.4,6.2,0.1428571428571428,25.4,0.958005249343832,0.6,0.5,0.5333333333333333,0.5151515151515151,0.5322546854862333,0.834832464366286,1.0031855034782524,0.9845055710306407,0.979,0.9919775440096854,0.9867865264058113,0.9024859943977591,1.02,1.0,1.0,66,1,0,-4.0,2,231.8285,113.1,113.1,100,1628971
2025-12-20,Bruce Brown,PTS,6.8,UNDER,0.5208,-0.005271999999999943,12,0,D,7.000752201192654,4.723799923185328,6.8,7.1,0.2790697674418603,25.8,1.124031007751938,0.6,0.6,0.6,0.5223880597014925,0.6040988407023252,0.6747560529825034,0.9642846510335521,0.982764623955432,0.955,0.97537263478668,0.967223580872008,0.908876560332871,1.0,1.0,1.0,67,1,0,-1.2399999999999998,1,227.3205,112.9,112.9,100,1628971
2025-12-22,Bruce Brown,PTS,7.133333333333334,OVER,0.5281,0.008670999999999984,15,1,C,6.681121479873582,4.911599487316685,6.6,7.4,0.5,25.666666666666668,1.155844155844156,0.6,0.5,0.5333333333333333,0.4852941176470588,0.5809446573695132,0.7351459634602573,1.0237275352538975,1.0576253481894151,1.101,1.044066223015208,1.066839733809125,0.9157706093189965,1.0,1.0,1.0,68,1,0,-7.359999999999999,1,234.20899999999997,121.5,121.5,100,1628971
2025-12-23,Bruce Brown,PTS,8.133333333333333,OVER,0.5692,0.08717200000000003,13,1,A,9.340187059752225,4.8824271871780365,9.6,8.6,0.2978723404255317,25.933333333333334,1.1439588688946016,0.6,0.5,0.5333333333333333,0.42028985507246375,0.5660445719588819,0.522733340985952,1.0145977433536109,0.9845055710306407,0.974,0.9965424399598288,0.9875254639758972,1.086802352398524,0.95,1.0,1.0,69,0,1,-3.6,0,233.15099999999998,113.1,113.1,100,1628971
2025-12-25,Bruce Brown,PTS,8.2,OVER,0.5357,0.023186999999999847,7,0,B,9.527796049806057,4.945416348210013,10.6,9.5,0.2448979591836733,25.866666666666667,1.0438144329896908,0.8,0.6,0.5333333333333333,0.42857142857142855,0.6073408909485851,0.5190514492919566,1.0027885560043268,0.9766713091922007,0.967,0.9871182079170511,0.9790709247502306,0.9209885561236912,1.0,1.0,1.0,70,1,0,-2.84,1,231.7825,112.2,112.2,100,1628971
2025-10-22,Matas Buzelis,PTS,14.4,OVER,0.5005,-0.04404500000000017,21,1,D,14.706780664349026,7.734893110352038,14.6,14.8,-0.12962962962962965,27.466666666666665,0.9708737864077671,0.6,0.4,0.4,0.1625,0.42789710052266866,0.5259406043296976,1.0052694777163613,0.9636142061281339,0.965,0.9802763147634248,0.9741657888580548,1.007657402155417,1.03,1.0,1.0,80,1,0,2.7599999999999993,191,235.93399999999997,110.7,110.7,100,1641824
2025-10-25,Matas Buzelis,PTS,14.666666666666666,OVER,0.5105,-0.024945000000000106,3,0,D,13.874227316442557,7.89816132912923,16.8,15.7,0.00952380952380949,27.733333333333334,0.9615384615384616,0.8,0.5,0.4,0.1728395061728395,0.4823398895860454,0.5692685544923283,1.0031855034782524,0.9845055710306407,0.991,0.9919775440096854,0.9915865264058112,0.9833459911033959,1.02,1.0,1.0,81,0,0,3.12,2,235.69249999999997,113.1,113.1,100,1641824
2025-10-27,Matas Buzelis,PTS,14.533333333333333,UNDER,0.6832,0.30491199999999996,16,0,A,12.514948901887237,8.087615458806372,13.6,13.2,-0.11009174311926606,26.866666666666667,0.7444168734491315,0.6,0.4,0.4,0.17073170731707318,0.43643918030878714,0.6462363947476262,1.0223382190951582,1.0053969359331478,1.023,1.012173449197952,1.016504069518771,1.0196294810058855,1.0,1.0,1.0,82,1,0,-0.3200000000000001,1,237.91199999999998,115.5,115.5,100,1641824
2025-10-29,Matas Buzelis,PTS,15.266666666666667,UNDER,0.6016,0.14905599999999997,27,0,A,16.458859446354154,7.64821796860145,13.4,13.4,-0.11206896551724155,28.0,0.9285714285714286,0.6,0.5,0.4666666666666667,0.1686746987951807,0.5174013863897536,0.46468699690461407,1.0066587938751006,1.0393454038997216,1.034,1.0262707598898733,1.029362455933924,1.0236551239458216,1.0,1.0,1.0,83,1,0,-3.88,1,236.095,119.4,119.4,100,1641824
2025-10-31,Matas Buzelis,PTS,15.0,UNDER,0.5458,0.04247799999999985,13,1,B,14.942891927049914,7.111359122659224,14.8,15.2,0.16842105263157903,28.266666666666666,0.919811320754717,0.6,0.6,0.4666666666666667,0.17857142857142858,0.5633267165131709,0.4759024663616889,0.9857198146255297,0.9932103064066854,0.98,0.9902141096942231,0.9861284658165338,1.033534015653221,1.0,1.0,1.0,84,1,0,2.88,1,233.66849999999997,114.1,114.1,100,1641824
2025-11-02,Matas Buzelis,PTS,15.2,UNDER,0.5128,-0.02055199999999996,14,1,D,14.969898063645815,7.002040518918141,16.0,15.3,0.028846153846153966,28.6,1.1072261072261071,0.6,0.6,0.4666666666666667,0.17647058823529413,0.5097190916804526,0.4677413626431096,0.9857198146255297,0.9932103064066854,0.98,0.9902141096942231,0.9861284658165338,0.960693359375,1.0,1.0,1.0,85,0,0,5.279999999999999,1,233.66849999999997,114.1,114.1,100,1641824
2025-11-04,Matas Buzelis,PTS,15.333333333333334,OVER,0.5662,0.08144200000000001,10,0,A,17.00760182550721,6.955641766289606,14.6,15.7,-0.07339449541284404,29.0,1.0804597701149425,0.4,0.6,0.4666666666666667,0.1744186046511628,0.4612129068397752,0.40897251932708456,0.9950480802627792,0.9853760445682453,0.989,0.9892448588460588,0.9891469153076353,1.0315430520034101,1.0,1.0,1.0,86,1,0,0.4800000000000001,1,234.74949999999998,113.2,113.2,100,1641824
2025-11-07,Matas Buzelis,PTS,14.133333333333333,OVER,0.5427,0.036556999999999895,20,1,B,14.242578204978827,6.116332545694667,16.0,14.8,0.02970297029702973,28.466666666666665,1.053864168618267,0.4,0.5,0.4,0.1839080459770115,0.38999039240438216,0.4294399832438034,0.9885976838114898,1.0106197771587744,1.0,1.0018109398198605,1.0010865638919162,0.9648466371027347,1.02,1.0,1.0,87,0,0,1.0799999999999998,2,234.002,116.1,116.1,100,1641824
2025-11-08,Matas Buzelis,PTS,14.533333333333333,OVER,0.5103,-0.0253270000000001,4,0,D,14.287586860663623,6.300415708128956,16.8,15.1,0.0957446808510638,28.8,1.1226851851851853,0.4,0.5,0.4666666666666667,0.19318181818181818,0.47537278507143205,0.4409712969427447,1.0140023221427226,0.9975626740947077,1.025,1.0041385333139137,1.0124831199883482,0.9734928454140277,0.95,1.0,1.0,88,0,1,3.4,0,236.946,114.6,114.6,100,1641824
2025-11-10,Matas Buzelis,PTS,14.2,UNDER,0.541,0.033310000000000006,15,0,B,13.40643994429638,6.731588647138631,12.2,13.5,-0.01886792452830177,28.066666666666666,0.997624703087886,0.2,0.4,0.4666666666666667,0.19101123595505617,0.43013508344859763,0.5021160483400748,1.0000099236868483,0.9749303621169918,0.973,0.9849621867449343,0.9801773120469606,1.0275602088661553,1.0,1.0,1.0,89,1,0,2.88,1,235.32449999999997,112.0,112.0,100,1641824
2025-11-12,Matas Buzelis,PTS,14.4,UNDER,0.5877,0.12250699999999992,21,0,A,13.335767323782193,6.706074005812087,12.6,14.3,0.061855670103092786,27.466666666666665,0.9587378640776699,0.4,0.5,0.5333333333333333,0.2,0.5116972036637312,0.5028637530180122,1.0052694777163613,0.9636142061281339,0.965,0.9802763147634248,0.9741657888580548,0.967215179246075,1.0,1.0,1.0,90,0,0,5.159999999999999,1,235.93399999999997,110.7,110.7,100,1641824
2025-11-16,Matas Buzelis,PTS,15.133333333333333,UNDER,0.5748,0.09786799999999996,18,0,A,15.50820073195655,6.791451208969223,14.0,14.3,-0.05825242718446588,28.133333333333333,0.9123222748815166,0.4,0.4,0.5333333333333333,0.18681318681318682,0.47465970614655095,0.43792644461807906,1.0237275352538975,1.0576253481894151,1.07,1.044066223015208,1.054439733809125,0.975778915919761,1.03,1.0,1.0,91,0,0,-0.2400000000000002,3,238.07299999999995,121.5,121.5,100,1641824
2025-11-17,Matas Buzelis,PTS,15.066666666666666,OVER,0.5083,-0.02914700000000009,13,0,D,15.54980801298484,6.755597326520818,15.6,15.8,-0.08108108108108114,28.533333333333335,1.074766355140187,0.6,0.5,0.5333333333333333,0.1956521739130435,0.5246524449193929,0.4344489218696185,0.9973305282378511,1.0045264623955434,0.98,1.0016480887324666,0.9929888532394799,0.9817369093231161,0.95,1.0,1.0,92,0,1,5.92,0,235.014,115.4,115.4,100,1641824
2025-11-19,Matas Buzelis,PTS,14.8,OVER,0.5758,0.09977799999999992,11,0,A,15.635883452577445,6.7527772064536515,14.2,15.5,-0.05607476635514019,28.2,1.1347517730496455,0.6,0.5,0.5333333333333333,0.21505376344086022,0.5381393032489057,0.43187692124556687,1.0176740862765334,1.0149721448467968,1.021,1.0160529214186913,1.0180317528512148,0.98425574868285,1.0,1.0,1.0,93,0,0,1.0799999999999998,1,237.37149999999997,116.6,116.6,100,1641824
2025-11-21,Matas Buzelis,PTS,14.2,UNDER,0.5179,-0.010811000000000015,6,1,D,13.302258442403854,6.656897604311315,15.6,13.9,0.00990099009900991,27.333333333333332,0.9878048780487805,0.6,0.4,0.4666666666666667,0.2127659574468085,0.4595962743100305,0.5004336393804378,1.037422223104328,0.9758008356545962,1.008,1.000449390634489,1.0034696343806933,1.0145413870246085,1.0,1.0,1.0,94,1,0,0.7600000000000001,1,239.66,112.1,112.1,100,1641824
2025-11-22,Matas Buzelis,PTS,14.133333333333333,UNDER,0.6673,0.274543,13,1,A,14.278549529443353,6.738658902891866,13.8,13.2,-0.15384615384615385,27.666666666666668,0.8072289156626505,0.4,0.4,0.4666666666666667,0.21052631578947367,0.41585990618563456,0.47194281807100136,1.0123152953785393,1.0680710306406687,1.069,1.0457687365358168,1.0550612419214902,1.0123842592592593,0.95,1.0,1.0,95,1,1,-4.840000000000001,0,236.7505,122.7,122.7,100,1641824
2025-11-24,Matas Buzelis,PTS,13.6,UNDER,0.6465,0.23481499999999988,10,1,A,11.689922190968673,6.467501173449559,12.2,13.1,-0.05825242718446588,27.333333333333332,0.8170731707317073,0.2,0.4,0.4666666666666667,0.25,0.39401665036101097,0.5532544244345938,1.0108267423513184,1.0332520891364905,1.026,1.0242819504224216,1.024969170253453,0.9854699261261681,1.0,1.0,1.0,96,0,0,-0.2,1,236.57799999999997,118.7,118.7,100,1641824
2025-11-28,Matas Buzelis,PTS,14.066666666666666,UNDER,0.6787,0.29631699999999994,8,1,A,13.232821495699,5.873264687994071,10.6,13.1,-0.11538461538461542,27.933333333333334,0.8233890214797136,0.0,0.4,0.4,0.20618556701030927,0.315746003342101,0.44384069488907035,0.9908801317865614,1.021065459610028,1.012,1.0089913284806413,1.0101947970883849,0.9860509209100758,1.03,1.0,1.0,97,0,0,1.44,3,234.26649999999995,117.3,117.3,100,1641824
2025-11-29,Matas Buzelis,PTS,13.533333333333333,UNDER,0.6576,0.2560159999999999,8,1,A,14.062990759860895,6.045856511064494,9.6,11.9,-0.23300970873786397,27.8,0.9592326139088729,0.0,0.3,0.4,0.24489795918367346,0.2952612454899547,0.4299125708253183,1.0028877928728082,1.013231197771588,1.009,1.009093835812076,1.0090563014872456,0.985499462943072,0.95,1.0,1.0,98,0,1,-0.9199999999999999,0,235.658,116.4,116.4,100,1641824
2025-12-01,Matas Buzelis,PTS,12.266666666666667,UNDER,0.5119,-0.022270999999999985,21,0,D,11.416043522538303,4.905778905196061,9.0,12.3,-0.28865979381443296,27.8,1.0191846522781773,0.2,0.5,0.5333333333333333,0.29292929292929293,0.4280110479043085,0.4297267170986822,1.0031855034782524,0.9845055710306407,0.991,0.9919775440096854,0.9915865264058112,0.9849840255591054,1.0,1.0,1.0,99,0,0,3.12,1,235.69249999999997,113.1,113.1,100,1641824
2025-12-03,Matas Buzelis,PTS,12.8,OVER,0.5412,0.033692,14,1,B,12.748971895959585,5.401058097394304,12.0,12.9,-0.2450980392156863,28.266666666666666,1.179245283018868,0.4,0.5,0.5333333333333333,0.3,0.48244299344064034,0.4236465607949149,0.9727197848544692,1.00974930362117,0.993,0.9949374961144897,0.9941624976686938,1.0091411564625852,1.0,1.0,1.0,100,1,0,-1.56,1,232.16199999999998,116.0,116.0,100,1641824
2025-12-05,Matas Buzelis,PTS,12.8,OVER,0.5053,-0.0348770000000001,19,1,D,12.365615154010356,5.401058097394304,12.2,12.2,-0.20792079207920788,28.4,1.2089201877934275,0.4,0.5,0.5333333333333333,0.3069306930693069,0.5316950544984088,0.43678038092934335,1.0028877928728082,1.013231197771588,1.009,1.009093835812076,1.0090563014872456,1.0112217659137577,1.0,1.0,1.0,101,1,0,-3.3200000000000003,1,235.658,116.4,116.4,100,1641824
2025-12-07,Matas Buzelis,PTS,13.4,UNDER,0.5358,0.023378000000000065,16,0,B,14.544251397144762,5.565197981332612,14.0,12.3,-0.08823529411764697,28.733333333333334,1.2064965197215776,0.6,0.3,0.4666666666666667,0.2647058823529412,0.48656314334600625,0.38263901175588433,1.000208397423811,0.9662256267409473,0.97,0.9798187350140928,0.9758912410084557,1.0156092648539778,1.0,1.0,1.0,102,1,0,1.1199999999999999,1,235.3475,111.0,111.0,100,1641824
2025-12-12,Matas Buzelis,PTS,13.133333333333333,OVER,0.5174,-0.01176600000000011,10,0,D,12.567278952684546,5.316640543300503,15.6,12.6,0.09090909090909083,28.0,1.1071428571428572,0.8,0.4,0.4666666666666667,0.27184466019417475,0.5354231203007013,0.4230542318124318,0.9908801317865614,1.021065459610028,1.012,1.0089913284806413,1.0101947970883849,0.9813832371402476,1.03,1.0,1.0,103,0,0,1.44,4,234.26649999999995,117.3,117.3,100,1641824
2025-12-14,Matas Buzelis,PTS,13.533333333333333,UNDER,0.555,0.06005000000000005,9,1,A,13.730641034723249,4.778921974472405,16.0,12.5,-0.010309278350515538,28.4,0.9859154929577465,0.8,0.4,0.4666666666666667,0.2692307692307692,0.4844708737296435,0.3480479871542085,1.0108267423513184,1.0332520891364905,1.026,1.0242819504224216,1.024969170253453,1.0181550539744846,1.0,1.0,1.0,104,1,0,-2.6,1,236.57799999999997,118.7,118.7,100,1641824
2025-12-17,Matas Buzelis,PTS,13.133333333333333,UNDER,0.6281,0.19967099999999993,9,1,A,13.948913787814263,4.897035060212698,13.6,12.8,0.05434782608695654,28.333333333333332,0.8588235294117647,0.6,0.4,0.4,0.26666666666666666,0.41103507111377635,0.35106927569447993,1.0140023221427226,0.9975626740947077,1.025,1.0041385333139137,1.0124831199883482,1.0174454885838045,1.02,1.0,1.0,105,1,0,1.0,2,236.946,114.6,114.6,100,1641824
2025-12-19,Matas Buzelis,PTS,12.333333333333334,UNDER,0.6421,0.22641099999999992,24,0,A,12.92549812312177,4.482771251718973,12.6,12.4,0.240506329113924,27.533333333333335,0.8474576271186439,0.4,0.4,0.4666666666666667,0.3113207547169811,0.4230347097939146,0.3468161311090959,1.0140023221427226,0.9975626740947077,1.025,1.0041385333139137,1.0124831199883482,0.9825866033677026,1.0,1.0,1.0,106,0,0,3.4,1,236.946,114.6,114.6,100,1641824
2025-12-21,Matas Buzelis,PTS,12.733333333333333,OVER,0.5349,0.02165900000000004,28,1,B,13.635141789038698,5.229950377621278,13.6,13.8,0.46376811594202905,27.533333333333335,0.956416464891041,0.4,0.5,0.4666666666666667,0.3177570093457944,0.47794021651355756,0.38356406251863395,1.0223382190951582,1.0053969359331478,1.023,1.012173449197952,1.016504069518771,0.9899703021357567,1.0,1.0,1.0,107,0,0,2.0799999999999996,1,237.91199999999998,115.5,115.5,100,1641824
2025-12-23,Matas Buzelis,PTS,13.733333333333333,OVER,0.6169,0.17827899999999997,15,1,A,15.160881437931721,6.551626479265246,16.0,15.8,0.49350649350649345,27.533333333333335,1.0169491525423728,0.4,0.6,0.4,0.2777777777777778,0.49072602299362117,0.4321402093992651,1.0223382190951582,1.0053969359331478,1.023,1.012173449197952,1.016504069518771,0.9986225895316805,1.0,1.0,1.0,108,0,0,2.0799999999999996,1,237.91199999999998,115.5,115.5,100,1641824
2025-12-26,Matas Buzelis,PTS,14.0,OVER,0.6004,0.146764,10,0,A,14.466102189497406,6.513721780101713,17.0,16.5,0.38749999999999996,27.466666666666665,0.9708737864077671,0.6,0.6,0.4,0.23853211009174313,0.5114816530143105,0.4502748352511133,0.9950480802627792,0.9853760445682453,0.989,0.9892448588460588,0.9891469153076353,0.9991445249597424,1.02,1.0,1.0,109,1,0,0.4800000000000001,2,234.74949999999998,113.2,113.2,100,1641824
2025-10-22,Wendell Carter Jr.,PTS,9.666666666666666,UNDER,0.5349,0.02165900000000004,9,1,B,9.296420587089415,4.450789122113495,9.4,9.7,0.04615384615384599,26.6,0.9523809523809523,0.4,0.5,0.4666666666666667,0.4411764705882353,0.4508533553146773,0.47876374357401763,1.037422223104328,0.9758008356545962,1.008,1.000449390634489,1.0034696343806933,0.9778548312528894,1.03,1.0,1.0,68,1,0,-1.16,191,236.47449999999998,112.1,112.1,100,1628976
2025-10-24,Wendell Carter Jr.,PTS,9.733333333333333,UNDER,0.6357,0.21418700000000002,10,0,A,8.719632758748958,4.43148905426779,9.6,9.4,-0.05797101449275355,26.8,0.8582089552238805,0.4,0.4,0.4666666666666667,0.43478260869565216,0.4079489859357817,0.5082196896218362,1.0223382190951582,1.0053969359331478,1.023,1.012173449197952,1.016504069518771,0.9784024455077087,1.0,1.0,1.0,69,1,0,-2.2399999999999998,1,234.7265,115.5,115.5,100,1628976
2025-10-25,Wendell Carter Jr.,PTS,10.133333333333333,UNDER,0.5872,0.1215520000000001,8,1,A,10.498884428768179,4.138092498218174,9.6,9.9,-0.1428571428571428,26.8,0.9701492537313433,0.2,0.3,0.4,0.37142857142857144,0.2948306035021136,0.39414592343538074,1.030674116047594,1.0201949860724235,1.034,1.0243866380624918,1.028231982837495,0.9796554796554797,0.95,1.0,1.0,70,1,1,-3.12,0,235.69249999999997,117.2,117.2,100,1628976
2025-10-27,Wendell Carter Jr.,PTS,9.6,OVER,0.5333,0.018602999999999925,10,1,C,8.567318110309316,3.8321944477954517,7.8,9.5,-0.05714285714285716,26.533333333333335,1.1557788944723617,0.2,0.4,0.4666666666666667,0.43661971830985913,0.4175060328694021,0.4473038585066726,0.9950480802627792,0.9853760445682453,0.989,0.9892448588460588,0.9891469153076353,1.0237021376556261,1.0,1.0,1.0,71,0,0,0.96,1,231.564,113.2,113.2,100,1628976
2025-10-29,Wendell Carter Jr.,PTS,10.0,UNDER,0.5329,0.01783900000000005,8,1,C,10.365609111383492,3.5050983275386565,8.2,9.3,-0.10810810810810811,27.533333333333335,1.162227602905569,0.0,0.1,0.3333333333333333,0.3611111111111111,0.21665559121151884,0.33814687490862105,1.0052694777163613,0.9636142061281339,0.965,0.9802763147634248,0.9741657888580548,1.023753929052537,1.0,1.0,1.0,72,0,0,3.2399999999999998,1,232.74849999999998,110.7,110.7,100,1628976
2025-10-30,Wendell Carter Jr.,PTS,9.466666666666667,UNDER,0.5584,0.06654399999999994,18,0,A,9.530172717506275,3.113717728895491,9.0,9.2,-0.16176470588235292,26.6,1.0025062656641603,0.4,0.4,0.4666666666666667,0.4383561643835616,0.4253306811025667,0.326722066975324,0.9908801317865614,1.021065459610028,1.012,1.0089913284806413,1.0101947970883849,1.0222150398620986,0.95,1.0,1.0,73,0,1,-0.4800000000000001,0,231.081,117.3,117.3,100,1628976
2025-11-01,Wendell Carter Jr.,PTS,9.866666666666667,OVER,0.5605,0.07055499999999992,16,1,A,9.644364431648,3.777124126457412,10.8,10.2,-0.0821917808219178,26.266666666666666,0.9644670050761421,0.6,0.5,0.4666666666666667,0.44594594594594594,0.480017697264363,0.3916405433688063,1.0123152953785393,1.0680710306406687,1.069,1.0457687365358168,1.0550612419214902,1.0282264643498122,1.0,1.0,1.0,74,0,0,-4.36,1,233.565,122.7,122.7,100,1628976
2025-11-04,Wendell Carter Jr.,PTS,10.6,UNDER,0.5451,0.04114100000000004,11,0,B,11.38335557386199,3.8321944477954513,12.0,10.8,0.03947368421052633,26.4,0.8838383838383839,0.4,0.3,0.3333333333333333,0.37333333333333335,0.34672616255539307,0.33664892771994087,1.0223382190951582,1.0053969359331478,1.023,1.012173449197952,1.016504069518771,1.0322036527201521,1.02,1.0,1.0,75,0,0,0.15999999999999998,2,234.7265,115.5,115.5,100,1628976
2025-11-07,Wendell Carter Jr.,PTS,10.533333333333333,UNDER,0.5347,0.02127699999999988,18,0,B,11.335436127129242,3.8147583085145715,12.6,10.2,0.19117647058823528,26.533333333333335,1.0678391959798994,0.6,0.3,0.3333333333333333,0.3815789473684211,0.4088933876561787,0.3365338806316117,0.9564449384235232,0.9949512534818943,0.975,0.9795487274585458,0.9777292364751274,0.9675141242937854,1.02,1.0,1.0,76,1,0,1.0,2,227.0905,114.3,114.3,100,1628976
2025-11-09,Wendell Carter Jr.,PTS,10.933333333333334,OVER,0.5131,-0.019979000000000025,12,1,D,11.763705170022376,4.267261863247182,14.2,11.2,0.36923076923076903,27.466666666666665,1.0800970873786409,0.8,0.4,0.3333333333333333,0.38961038961038963,0.46514461910283383,0.3627481139294028,0.9564449384235232,0.9949512534818943,0.975,0.9795487274585458,0.9777292364751274,0.9745532245532246,1.0,1.0,1.0,77,1,0,1.0,1,227.0905,114.3,114.3,100,1628976
2025-11-10,Wendell Carter Jr.,PTS,11.133333333333333,OVER,0.5593,0.06826299999999996,19,1,A,11.65830821003101,4.2403953095144775,15.0,12.0,0.40909090909090917,27.533333333333335,1.12590799031477,0.8,0.4,0.3333333333333333,0.32051282051282054,0.44308481178141634,0.36372304052366433,1.0176740862765334,1.0149721448467968,1.021,1.0160529214186913,1.0180317528512148,0.9769308943089431,0.95,1.0,1.0,78,1,1,-3.2399999999999998,0,234.18599999999998,116.6,116.6,100,1628976
2025-11-12,Wendell Carter Jr.,PTS,11.866666666666667,OVER,0.6234,0.1906939999999998,13,1,A,12.845887311254273,4.596064569151474,15.2,13.0,0.5454545454545454,28.333333333333332,1.0941176470588236,0.8,0.5,0.4,0.3291139240506329,0.523414602412666,0.35778490483291603,0.9857198146255297,0.9932103064066854,0.98,0.9902141096942231,0.9861284658165338,1.01767711882083,1.0,1.0,1.0,79,0,0,3.3600000000000003,1,230.483,114.1,114.1,100,1628976
2025-11-14,Wendell Carter Jr.,PTS,12.066666666666666,OVER,0.6014,0.14867400000000008,7,0,A,13.80968809351748,4.574255078568479,14.6,13.3,0.6212121212121213,28.4,1.091549295774648,0.6,0.5,0.4,0.25,0.4958096730284834,0.33123522034619435,0.9727197848544692,1.00974930362117,0.993,0.9949374961144897,0.9941624976686938,0.9814697497624327,1.0,1.0,1.0,80,1,0,-3.4799999999999995,1,228.9765,116.0,116.0,100,1628976
2025-11-16,Wendell Carter Jr.,PTS,11.4,OVER,0.6395,0.2214449999999999,15,1,A,11.744072758180664,4.532422877761644,13.8,13.2,0.6842105263157894,28.066666666666666,1.1045130641330165,0.8,0.6,0.4,0.3333333333333333,0.512041284002135,0.38593279955664933,0.9642846510335521,0.982764623955432,0.948,0.97537263478668,0.964423580872008,1.0212355212355213,1.0,1.0,1.0,81,0,0,3.96,1,227.99899999999997,112.9,112.9,100,1628976
2025-11-18,Wendell Carter Jr.,PTS,11.866666666666667,OVER,0.619,0.18228999999999995,17,1,A,11.6113284084538,4.5176900966670805,13.2,13.7,0.4179104477611941,29.066666666666666,1.146788990825688,0.8,0.7,0.4666666666666667,0.34146341463414637,0.5858089986937294,0.38907607620312495,1.000208397423811,0.9662256267409473,0.97,0.9798187350140928,0.9758912410084557,0.9770021645021645,1.0,1.0,1.0,82,1,0,-0.8,1,232.16199999999998,111.0,111.0,100,1628976
2025-11-20,Wendell Carter Jr.,PTS,12.733333333333333,OVER,0.6791,0.29708100000000004,7,0,A,12.959581426089926,4.131182235954578,14.2,14.6,0.2784810126582278,30.266666666666666,1.145374449339207,0.8,0.7,0.4666666666666667,0.26506024096385544,0.5782598835672779,0.31877435698947637,0.9623991505324059,1.0271587743732593,1.004,1.001254924836918,1.0023529549021508,0.9819616523413919,1.0,1.0,1.0,83,1,0,-3.3200000000000003,1,227.78049999999996,118.0,118.0,100,1628976
2025-11-22,Wendell Carter Jr.,PTS,12.6,OVER,0.5741,0.09653100000000003,11,0,A,12.349567561567255,4.2895221179054435,11.8,13.5,0.11111111111111116,30.4,1.1403508771929824,0.6,0.6,0.4666666666666667,0.2619047619047619,0.5232311800007904,0.3473418884119267,0.9857198146255297,0.9932103064066854,0.98,0.9902141096942231,0.9861284658165338,0.9807820855614975,1.0,1.0,1.0,84,1,0,0.9600000000000002,1,230.483,114.1,114.1,100,1628976
2025-11-25,Wendell Carter Jr.,PTS,12.666666666666666,OVER,0.5444,0.03980399999999995,12,0,B,11.911003988894208,4.253849796976628,11.4,13.0,0.0,29.8,0.9955257270693513,0.4,0.5,0.4666666666666667,0.25882352941176473,0.47343914994782355,0.3571361239525154,0.9950480802627792,0.9853760445682453,0.989,0.9892448588460588,0.9891469153076353,1.0203295042321645,1.02,1.0,1.0,85,0,0,0.96,2,231.564,113.2,113.2,100,1628976
2025-11-28,Wendell Carter Jr.,PTS,12.933333333333334,UNDER,0.6207,0.18553699999999995,8,1,A,12.191996117759572,4.0614330100640705,12.4,13.1,-0.11827956989247324,29.2,0.867579908675799,0.4,0.5,0.4666666666666667,0.2558139534883721,0.42838545803592815,0.3331228923332702,1.0052694777163613,0.9636142061281339,0.965,0.9802763147634248,0.9741657888580548,1.021265153056775,1.02,1.0,1.0,86,0,0,3.2399999999999998,2,232.74849999999998,110.7,110.7,100,1628976
2025-12-01,Wendell Carter Jr.,PTS,12.8,UNDER,0.6636,0.26747599999999994,17,0,A,11.398128975562486,4.1952353926806065,11.0,12.1,-0.2450980392156863,29.066666666666666,0.8715596330275229,0.2,0.4,0.4666666666666667,0.25287356321839083,0.3876191917733811,0.36806351302702084,1.030674116047594,1.0201949860724235,1.034,1.0243866380624918,1.028231982837495,0.9816214088941362,1.02,1.0,1.0,87,1,0,-3.12,2,235.69249999999997,117.2,117.2,100,1628976
2025-12-03,Wendell Carter Jr.,PTS,13.4,UNDER,0.663,0.26633000000000007,5,1,A,13.447700991002876,4.102264183176338,11.0,12.6,-0.1869158878504673,30.066666666666666,0.9312638580931264,0.2,0.4,0.4666666666666667,0.23863636363636365,0.41818673407111895,0.30505319726553554,1.0000099236868483,0.9749303621169918,0.973,0.9849621867449343,0.9801773120469606,0.9860104669887277,1.0,1.0,1.0,88,1,0,0.9600000000000002,1,232.139,112.0,112.0,100,1628976
2025-12-05,Wendell Carter Jr.,PTS,12.533333333333333,UNDER,0.614,0.1727399999999999,7,1,A,12.121870739650376,4.421807430495018,10.6,11.2,-0.19791666666666663,30.2,1.0044150110375276,0.2,0.4,0.4666666666666667,0.25842696629213485,0.40086140518489954,0.364779292360492,1.037422223104328,0.9758008356545962,1.008,1.000449390634489,1.0034696343806933,0.9837548661949417,1.0,1.0,1.0,89,1,0,-1.16,1,236.47449999999998,112.1,112.1,100,1628976
2025-12-07,Wendell Carter Jr.,PTS,11.933333333333334,UNDER,0.6346,0.212086,8,1,A,10.806967828501229,4.527166674117277,9.8,10.6,-0.2947368421052632,30.2,0.9602649006622517,0.4,0.4,0.5333333333333333,0.34444444444444444,0.45438762311503916,0.41891183040054725,0.9857198146255297,0.9932103064066854,0.98,0.9902141096942231,0.9861284658165338,1.0198140900195694,1.0,1.0,1.0,90,0,0,3.3600000000000003,1,230.483,114.1,114.1,100,1628976
2025-12-09,Wendell Carter Jr.,PTS,11.733333333333333,UNDER,0.5924,0.13148400000000005,14,0,A,11.400633546108565,4.636295729916082,9.0,10.7,-0.3267326732673268,30.4,0.986842105263158,0.2,0.4,0.5333333333333333,0.34065934065934067,0.4111469236869087,0.40667000751889015,1.037422223104328,0.9758008356545962,1.008,1.000449390634489,1.0034696343806933,0.983609068627451,1.0,1.0,1.0,91,1,0,-1.16,1,236.47449999999998,112.1,112.1,100,1628976
2025-12-13,Wendell Carter Jr.,PTS,11.466666666666667,UNDER,0.5589,0.06749899999999986,14,0,A,10.915951470413574,4.356713483917938,10.2,10.6,-0.21111111111111114,30.4,1.0087719298245614,0.4,0.4,0.5333333333333333,0.34782608695652173,0.46718370282633065,0.3991144057140879,0.9857198146255297,0.9932103064066854,0.98,0.9902141096942231,0.9861284658165338,0.986114267533294,1.03,1.0,1.0,92,1,0,0.9600000000000002,3,230.483,114.1,114.1,100,1628976
2025-12-18,Wendell Carter Jr.,PTS,11.6,UNDER,0.5281,0.008670999999999984,26,0,C,12.245994232781868,4.404543109109048,9.6,10.3,-0.1797752808988763,30.6,1.0784313725490196,0.4,0.4,0.5333333333333333,0.3548387096774194,0.5178878773778965,0.3596721528186191,0.9973305282378511,1.0045264623955434,0.98,1.0016480887324666,0.9929888532394799,1.0134256425948593,1.03,1.0,1.0,93,0,0,4.0,4,231.8285,115.4,115.4,100,1628976
2025-12-20,Wendell Carter Jr.,PTS,12.066666666666666,OVER,0.5961,0.13855099999999987,14,1,A,13.155642071252714,5.483308003994183,13.8,12.2,0.10975609756097571,30.533333333333335,1.037117903930131,0.6,0.4,0.4666666666666667,0.2765957446808511,0.5087264118190671,0.41680276601444877,1.0237275352538975,1.0576253481894151,1.07,1.044066223015208,1.054439733809125,1.0227030432254312,1.0,1.0,1.0,94,0,0,-2.16,1,234.8875,121.5,121.5,100,1628976
2025-12-22,Wendell Carter Jr.,PTS,12.133333333333333,OVER,0.5523,0.05489299999999997,9,0,A,12.451583929914705,5.501514942874069,15.2,12.5,0.1428571428571428,30.933333333333334,1.0883620689655171,0.8,0.5,0.4666666666666667,0.28421052631578947,0.5554772749211034,0.4418325390440311,1.000208397423811,0.9662256267409473,0.97,0.9798187350140928,0.9758912410084557,1.024451447245565,1.0,1.0,1.0,95,0,0,1.6,1,232.16199999999998,111.0,111.0,100,1628976
2025-12-23,Wendell Carter Jr.,PTS,12.266666666666667,OVER,0.5009,-0.043281000000000014,14,1,D,13.099606448583927,5.391351098441527,15.4,12.2,0.05747126436781613,30.733333333333334,1.0303687635574836,0.8,0.5,0.4666666666666667,0.28125,0.5026166232172621,0.4115658832654728,1.0176740862765334,1.0149721448467968,1.021,1.0160529214186913,1.0180317528512148,1.0233678686151202,0.95,1.0,1.0,96,0,1,-0.8399999999999999,0,234.18599999999998,116.6,116.6,100,1628976
2025-12-26,Wendell Carter Jr.,PTS,12.2,OVER,0.5702,0.089082,16,1,A,13.482023269988076,5.361236531142526,15.4,12.8,0.2857142857142856,30.333333333333332,1.0659340659340661,0.8,0.6,0.4666666666666667,0.28865979381443296,0.5499489095779005,0.3976581573684873,0.9908801317865614,1.021065459610028,1.012,1.0089913284806413,1.0101947970883849,0.9765435897435897,1.02,1.0,1.0,97,1,0,-2.88,2,231.081,117.3,117.3,100,1628976
2025-10-22,Julian Champagnie,PTS,11.6,OVER,0.5785,0.104935,5,0,A,11.82105042276794,6.674043537680673,12.8,12.3,0.5,25.066666666666666,1.25,0.6,0.6,0.5333333333333333,0.4146341463414634,0.6179339532050389,0.5645897191019613,1.0145977433536109,0.9845055710306407,0.995,0.9965424399598288,0.9959254639758973,1.0079754601226993,1.03,1.0,1.0,82,0,0,-2.96,191,233.46149999999997,113.1,113.1,100,1630577
2025-10-24,Julian Champagnie,PTS,11.6,OVER,0.5979,0.14198899999999992,7,0,A,11.103352933660517,6.674043537680673,12.4,12.8,0.10526315789473673,25.4,1.1811023622047245,0.6,0.6,0.5333333333333333,0.40963855421686746,0.5591297627348009,0.6010836165936766,1.0108267423513184,1.0332520891364905,1.026,1.0242819504224216,1.024969170253453,1.0048925667828108,1.0,1.0,1.0,83,0,0,-4.279999999999999,1,233.0245,118.7,118.7,100,1630577
2025-10-26,Julian Champagnie,PTS,11.666666666666666,OVER,0.5477,0.0461069999999999,13,1,B,12.479507209292933,6.618876325292972,12.6,12.4,-0.09523809523809523,26.666666666666668,1.2,0.6,0.6,0.5333333333333333,0.40476190476190477,0.505921530860016,0.5303796227117198,0.9727197848544692,1.00974930362117,0.993,0.9949374961144897,0.9941624976686938,0.9967115934762734,1.0,1.0,1.0,84,1,0,-5.640000000000001,1,228.60849999999996,116.0,116.0,100,1630577
2025-10-27,Julian Champagnie,PTS,11.2,OVER,0.5001,-0.04480900000000004,9,0,D,10.385627788314196,6.224376044460773,12.4,11.8,0.037974683544303556,27.2,1.1274509803921569,0.6,0.6,0.5333333333333333,0.4117647058823529,0.5529393136762173,0.5993259311164972,0.9889946312854152,0.9792827298050141,0.965,0.9831674903971745,0.9759004942383047,0.9987244897959184,0.95,1.0,1.0,85,1,1,-3.56,0,230.4945,112.5,112.5,100,1630577
2025-10-30,Julian Champagnie,PTS,11.533333333333333,OVER,0.5355,0.02280499999999991,2,0,B,11.831630079637762,5.938574464184706,9.6,11.3,0.03658536585365857,27.266666666666666,1.1002444987775062,0.4,0.5,0.5333333333333333,0.4069767441860465,0.500320180917364,0.5019236085148566,1.037422223104328,0.9758008356545962,1.008,1.000449390634489,1.0034696343806933,0.9982332155477032,1.02,1.0,1.0,86,1,0,-3.3200000000000003,2,236.10649999999998,112.1,112.1,100,1630577
2025-11-02,Julian Champagnie,PTS,10.6,UNDER,0.5225,-0.00202500000000011,9,1,D,8.44373529986592,6.276941930590086,7.2,10.0,0.01388888888888884,27.733333333333334,1.0216346153846152,0.2,0.4,0.5333333333333333,0.4367816091954023,0.45875986804894536,0.7433844984091055,0.992070974208338,0.9871169916434542,0.975,0.9890985846694077,0.9834591508016446,1.006408329461919,1.02,1.0,1.0,87,0,0,-1.1600000000000001,2,230.851,113.4,113.4,100,1630577
2025-11-05,Julian Champagnie,PTS,11.2,UNDER,0.569,0.08678999999999981,14,0,A,9.997540338506951,5.583137878597355,8.0,10.2,-0.313953488372093,28.6,0.9673659673659674,0.2,0.4,0.4666666666666667,0.3977272727272727,0.38489622767838305,0.5584511479381687,0.9876053151266759,1.0280292479108637,1.007,1.0118596747971886,1.0099158048783132,1.005813953488372,1.02,1.0,1.0,88,0,0,-1.8,2,230.3335,118.1,118.1,100,1630577
2025-11-07,Julian Champagnie,PTS,11.4,UNDER,0.5342,0.02032199999999995,22,0,B,11.577318306102143,5.629006509652862,9.4,11.0,-0.3979591836734694,29.0,1.0689655172413792,0.4,0.5,0.5333333333333333,0.4044943820224719,0.4707633942137091,0.48620987700458573,0.9642846510335521,0.982764623955432,0.948,0.97537263478668,0.964423580872008,0.9917958185978781,1.0,1.0,1.0,89,1,0,-0.6,1,227.63099999999997,112.9,112.9,100,1630577
2025-11-08,Julian Champagnie,PTS,11.6,OVER,0.5199,-0.0069909999999999695,14,1,D,12.205484449146525,5.961783050636541,11.2,11.8,-0.18279569892473124,28.933333333333334,1.0714285714285714,0.4,0.5,0.5333333333333333,0.4111111111111111,0.5211269160902176,0.48845116107238346,1.0108267423513184,1.0332520891364905,1.026,1.0242819504224216,1.024969170253453,0.9988839285714286,0.95,1.0,1.0,90,1,1,-6.68,0,233.0245,118.7,118.7,100,1630577
2025-11-10,Julian Champagnie,PTS,11.6,UNDER,0.5025,-0.04022500000000012,0,1,D,12.564732706741779,5.961783050636541,12.2,10.9,-0.011904761904761862,28.533333333333335,1.0514018691588785,0.6,0.5,0.5333333333333333,0.4175824175824176,0.566697715188155,0.4744854657702081,1.030674116047594,1.0201949860724235,1.034,1.0243866380624918,1.028231982837495,0.9988888888888889,1.0,1.0,1.0,91,0,0,-2.88,1,235.32449999999997,117.2,117.2,100,1630577
2025-11-12,Julian Champagnie,PTS,10.6,UNDER,0.6091,0.1633809999999999,6,1,A,9.914670608490496,6.577016257935117,11.8,9.5,-0.07894736842105265,28.133333333333333,0.9360189573459715,0.6,0.4,0.4666666666666667,0.44565217391304346,0.4854369940323481,0.6633620538339261,1.000208397423811,0.9662256267409473,0.97,0.9798187350140928,0.9758912410084557,1.0065934065934066,1.0,1.0,1.0,92,1,0,-2.96,1,231.79399999999998,111.0,111.0,100,1630577
2025-11-14,Julian Champagnie,PTS,10.533333333333333,UNDER,0.6659,0.271869,14,0,A,9.290402968690614,6.62103430274268,11.2,9.6,-0.18292682926829262,28.133333333333333,0.8056872037914693,0.6,0.4,0.4666666666666667,0.44086021505376344,0.43924155629936734,0.7126746089546475,1.000208397423811,0.9662256267409473,0.97,0.9798187350140928,0.9758912410084557,1.0044016538139924,1.0,1.0,1.0,93,1,0,-2.96,1,231.79399999999998,111.0,111.0,100,1630577
2025-11-16,Julian Champagnie,PTS,11.066666666666666,UNDER,0.66,0.26060000000000005,12,0,A,10.958573107512848,6.551626479265246,11.2,10.3,-0.07058823529411751,28.266666666666666,0.7665094339622642,0.6,0.5,0.5333333333333333,0.4148936170212766,0.5199370810454362,0.5978539737781792,1.0066587938751006,1.0393454038997216,1.034,1.0262707598898733,1.029362455933924,1.0064292114695341,1.0,1.0,1.0,94,1,0,-7.959999999999999,1,232.54149999999996,119.4,119.4,100,1630577
2025-11-18,Julian Champagnie,PTS,10.933333333333334,UNDER,0.6469,0.23557899999999998,9,1,A,12.303155792720872,6.507870692659846,9.2,10.2,0.12328767123287654,28.066666666666666,0.8194774346793349,0.6,0.5,0.5333333333333333,0.45263157894736844,0.5656211079183464,0.5289594639214606,1.0086435312447282,0.9897284122562676,1.005,0.9972944598516518,1.000376675910991,1.0073335066510682,1.0,1.0,1.0,95,1,0,-4.24,1,232.77149999999997,113.7,113.7,100,1630577
2025-11-20,Julian Champagnie,PTS,10.0,UNDER,0.5491,0.04878100000000002,20,0,B,10.675856994983633,5.593363414414826,8.2,10.2,0.3050847457627117,27.666666666666668,0.8795180722891566,0.4,0.5,0.4666666666666667,0.4479166666666667,0.48446283949009566,0.52392640862865,1.0223382190951582,1.0053969359331478,1.023,1.012173449197952,1.016504069518771,1.006750788643533,1.0,1.0,1.0,96,1,0,-4.4,1,234.35849999999996,115.5,115.5,100,1630577
2025-11-23,Julian Champagnie,PTS,10.4,OVER,0.5627,0.07475699999999996,10,0,A,10.626970546963548,6.092149515096105,12.2,12.0,0.27118644067796605,27.4,0.9854014598540146,0.6,0.6,0.4666666666666667,0.4536082474226804,0.5335226867826282,0.5732724569220548,0.992070974208338,0.9871169916434542,0.975,0.9890985846694077,0.9834591508016446,0.9875408588187884,1.02,1.0,1.0,97,0,0,-1.1600000000000001,2,230.851,113.4,113.4,100,1630577
2025-11-26,Julian Champagnie,PTS,10.733333333333333,OVER,0.6058,0.15707799999999994,12,1,A,10.818466856070245,5.909637004403022,13.0,12.1,-0.06578947368421062,27.733333333333334,1.0216346153846152,0.6,0.6,0.4666666666666667,0.4489795918367347,0.48275129037200126,0.546254574056131,1.0176740862765334,1.0149721448467968,1.021,1.0160529214186913,1.0180317528512148,0.9878001171188757,1.02,1.0,1.0,98,0,0,-3.0,2,233.81799999999998,116.6,116.6,100,1630577
2025-11-28,Julian Champagnie,PTS,11.066666666666666,OVER,0.5609,0.07131899999999991,25,1,A,11.775761381492885,5.824414951204071,12.6,11.9,0.0,27.466666666666665,1.1286407766990292,0.6,0.6,0.5333333333333333,0.42424242424242425,0.5593063164831495,0.4946104767678024,0.9973305282378511,1.0045264623955434,0.98,1.0016480887324666,0.9929888532394799,0.9891427492447129,1.0,1.0,1.0,99,0,0,1.8399999999999999,1,231.46049999999997,115.4,115.4,100,1630577
2025-11-30,Julian Champagnie,PTS,11.866666666666667,OVER,0.5281,0.008670999999999984,5,0,C,12.889055953851994,6.843836295389832,15.2,12.2,0.4571428571428571,27.8,1.175059952038369,0.6,0.6,0.5333333333333333,0.43,0.6012438652618567,0.5309804162456521,1.0027885560043268,0.9766713091922007,0.985,0.9871182079170511,0.9862709247502306,0.9971733290565736,1.0,1.0,1.0,100,0,0,0.2,1,232.09299999999996,112.2,112.2,100,1630577
2025-12-02,Julian Champagnie,PTS,11.6,OVER,0.5014,-0.04232600000000014,7,0,D,10.958387263450504,7.038668705292013,14.4,11.3,0.3880597014925373,27.933333333333334,1.1097852028639619,0.6,0.5,0.5333333333333333,0.42574257425742573,0.5440279466534987,0.6423088120610663,1.0086435312447282,0.9897284122562676,1.005,0.9972944598516518,1.000376675910991,1.0052613420734864,1.0,1.0,1.0,101,1,0,-4.24,1,232.77149999999997,113.7,113.7,100,1630577
2025-12-03,Julian Champagnie,PTS,11.933333333333334,UNDER,0.5145,-0.017305000000000126,14,0,D,11.408125551689182,6.659758325373447,11.8,12.0,0.11392405063291133,28.2,1.1347517730496455,0.4,0.5,0.5333333333333333,0.4215686274509804,0.4922568425893566,0.5837732320878384,1.0031855034782524,0.9845055710306407,0.991,0.9919775440096854,0.9915865264058112,0.9961359223300971,0.95,1.0,1.0,102,0,1,-0.9600000000000002,0,232.139,113.1,113.1,100,1630577
2025-12-05,Julian Champagnie,PTS,12.266666666666667,OVER,0.5474,0.04553399999999996,11,0,B,12.406778926420884,6.627504019146991,12.6,12.8,0.13414634146341475,28.133333333333333,1.0426540284360188,0.4,0.4,0.4666666666666667,0.3300970873786408,0.43075601867824087,0.5341840987456764,1.0140023221427226,0.9975626740947077,1.025,1.0041385333139137,1.0124831199883482,0.9981312448350987,1.0,1.0,1.0,103,0,0,-0.68,1,233.39249999999996,114.6,114.6,100,1630577
2025-12-08,Julian Champagnie,PTS,12.066666666666666,OVER,0.5747,0.0976769999999999,17,1,A,13.310402070526834,6.616717644040161,12.4,12.5,0.09090909090909083,28.266666666666666,1.1556603773584906,0.4,0.3,0.4,0.3269230769230769,0.36243186035888936,0.4971087731971321,1.0108267423513184,1.0332520891364905,1.026,1.0242819504224216,1.024969170253453,0.9985781990521326,1.02,1.0,1.0,104,0,0,-4.279999999999999,2,233.0245,118.7,118.7,100,1630577
2025-12-10,Julian Champagnie,PTS,11.733333333333333,OVER,0.6017,0.14924700000000002,16,1,A,12.69213130180242,6.192929916637273,10.8,13.0,0.21333333333333337,28.133333333333333,1.090047393364929,0.4,0.5,0.5333333333333333,0.42857142857142855,0.5353944591156173,0.48793459265252087,0.9876053151266759,1.0280292479108637,1.007,1.0118596747971886,1.0099158048783132,1.0017512672486624,1.0,1.0,1.0,105,0,0,-1.8,1,230.3335,118.1,118.1,100,1630577
2025-12-13,Julian Champagnie,PTS,11.866666666666667,OVER,0.6127,0.170257,3,0,A,11.216541496737136,6.26631204670392,13.0,13.7,0.3380281690140845,28.333333333333332,1.0941176470588236,0.6,0.6,0.5333333333333333,0.4339622641509434,0.5796075219809748,0.5586670408634226,1.004674056505473,0.910515320334262,0.968,0.9481788148027464,0.9561072888816478,1.0042721949891067,1.02,1.0,1.0,106,0,0,3.88,2,232.31149999999997,104.6,104.6,100,1630577
2025-12-18,Julian Champagnie,PTS,12.066666666666666,OVER,0.5017,-0.041752999999999985,12,0,D,10.999076692076414,5.897537823613544,12.2,12.0,-0.12048192771084343,28.666666666666668,0.9883720930232557,0.6,0.4,0.4,0.3364485981308411,0.43251532326367903,0.5361848079359289,1.0123152953785393,1.0680710306406687,1.069,1.0457687365358168,1.0550612419214902,0.998863075512938,1.03,0.95,1.0,107,1,0,-8.92,4,233.19699999999997,122.7,122.7,100,1630577
2025-12-19,Julian Champagnie,PTS,12.466666666666667,UNDER,0.5933,0.13320300000000007,6,1,A,12.203662615475423,5.655170411309669,11.8,12.2,-0.21568627450980393,29.066666666666666,0.9403669724770641,0.4,0.4,0.4,0.3333333333333333,0.39135604836289567,0.4633994391272639,1.0223382190951582,1.0053969359331478,1.023,1.012173449197952,1.016504069518771,1.0002555015247672,0.95,1.0,1.0,108,0,1,-2.0,0,234.35849999999996,115.5,115.5,100,1630577
2025-12-21,Julian Champagnie,PTS,11.933333333333334,UNDER,0.6138,0.172358,3,1,A,11.158337161063855,5.873264687994071,10.8,11.6,-0.15053763440860213,28.733333333333334,0.8236658932714618,0.6,0.5,0.5333333333333333,0.43119266055045874,0.5128894655244859,0.5263566249358703,1.0123152953785393,1.0680710306406687,1.069,1.0457687365358168,1.0550612419214902,0.9984542058482545,1.0,1.0,1.0,109,0,0,-6.5200000000000005,1,233.19699999999997,122.7,122.7,100,1630577
2025-12-23,Julian Champagnie,PTS,11.333333333333334,UNDER,0.7485,0.429635,4,1,A,9.733743574715163,6.309478885734051,8.0,9.4,-0.2272727272727273,28.2,0.7328605200945627,0.4,0.4,0.4666666666666667,0.42727272727272725,0.4367492763376395,0.6482068114187695,1.004674056505473,0.910515320334262,0.968,0.9481788148027464,0.9561072888816478,1.004869689154337,1.0,1.0,1.0,110,1,0,1.4799999999999998,1,232.31149999999997,104.6,104.6,100,1630577
2025-12-25,Julian Champagnie,PTS,11.0,UNDER,0.7578,0.44739799999999996,0,1,A,10.501297579000038,6.568322247184371,5.6,9.3,-0.3440860215053765,28.066666666666666,0.6888361045130641,0.2,0.4,0.4666666666666667,0.42342342342342343,0.39518708753042353,0.6254772039142447,1.004674056505473,0.910515320334262,0.968,0.9481788148027464,0.9561072888816478,0.9981843048481418,1.0,1.0,1.0,111,0,0,3.88,1,232.31149999999997,104.6,104.6,100,1630577
2025-04-09,Nicolas Batum,PTS,4.666666666666667,UNDER,0.6748,0.2888679999999999,15,0,A,4.9116964690933855,3.598941643369749,3.6,3.9,-0.22222222222222232,17.666666666666668,0.830188679245283,0.4,0.5,0.5333333333333333,0.35064935064935066,0.5116766913073882,0.7327288373815273,0.9642846510335521,0.982764623955432,0.955,0.97537263478668,0.967223580872008,0.9803390122182069,0.95,1.0,1.0,77,1,1,3.6799999999999997,0,223.27249999999998,112.9,112.9,100,201587
2025-10-22,Nicolas Batum,PTS,5.133333333333334,UNDER,0.502,-0.04118000000000005,3,1,D,5.902866782979572,4.421807430495018,6.6,4.9,0.0,16.4,0.9756097560975611,0.6,0.5,0.4666666666666667,0.2948717948717949,0.5130834482270957,0.7490949047410207,1.0237275352538975,1.0576253481894151,1.101,1.044066223015208,1.066839733809125,1.0016815200941651,1.03,1.0,1.0,78,0,0,-0.040000000000000216,195,230.16099999999997,121.5,121.5,100,201587
2025-10-24,Nicolas Batum,PTS,4.933333333333334,UNDER,0.508,-0.029720000000000024,3,1,D,6.214677503799976,4.4475782602392036,6.6,5.2,-0.027027027027026973,15.2,0.986842105263158,0.6,0.5,0.4666666666666667,0.35443037974683544,0.4776998043791461,0.7156571290336021,0.992070974208338,0.9871169916434542,0.973,0.9890985846694077,0.9826591508016446,1.0,1.0,1.0,1.0,79,1,0,0.72,1,226.49249999999998,113.4,113.4,100,201587
2025-10-26,Nicolas Batum,PTS,4.4,UNDER,0.5711,0.09080100000000002,3,1,A,4.7333723059164186,4.136941589421552,7.2,4.9,0.4444444444444444,14.2,0.7511737089201878,0.6,0.4,0.4,0.35,0.4049083542053299,0.8739945480837487,1.0176740862765334,1.0149721448467968,1.02,1.0160529214186913,1.0176317528512149,0.998509060325713,1.0,1.0,1.0,80,1,0,-1.12,1,229.4595,116.6,116.6,100,201587
2025-10-28,Nicolas Batum,PTS,4.4,UNDER,0.5547,0.05947699999999989,3,1,A,4.516700767676866,4.136941589421552,6.6,4.3,0.625,14.2,0.892018779342723,0.4,0.3,0.4,0.345679012345679,0.3663762297603405,0.915921111937942,1.000208397423811,0.9662256267409473,0.952,0.9798187350140928,0.9686912410084557,1.0031055900621118,1.0,1.0,1.0,81,0,0,3.72,1,227.4355,111.0,111.0,100,201587
2025-10-31,Nicolas Batum,PTS,4.4,OVER,0.5144,-0.017496000000000123,3,0,D,4.596980799194398,4.136941589421552,5.4,4.5,0.75,14.4,0.9953703703703703,0.2,0.3,0.4,0.34146341463414637,0.331510921766096,0.8999257926303572,1.0108267423513184,1.0332520891364905,1.038,1.0242819504224216,1.029769170253453,0.9986080586080586,1.02,1.0,1.0,82,1,0,-2.4,2,228.666,118.7,118.7,100,201587
2025-11-03,Nicolas Batum,PTS,4.266666666666667,OVER,0.5646,0.07838599999999996,0,0,A,3.722689130602248,4.148436308963151,3.0,4.8,1.0526315789473681,14.666666666666666,1.1590909090909092,0.0,0.3,0.3333333333333333,0.3373493975903614,0.2726311831161756,1.1143654931756353,1.037422223104328,0.9758008356545962,0.993,1.000449390634489,0.9974696343806934,0.9972702779353375,1.02,1.0,1.0,83,1,0,0.9600000000000002,2,231.748,112.1,112.1,100,201587
2025-11-04,Nicolas Batum,PTS,4.266666666666667,UNDER,0.5463,0.043432999999999944,3,1,B,4.066955871708387,4.148436308963151,2.4,4.5,0.19999999999999996,14.8,0.9684684684684685,0.0,0.3,0.3333333333333333,0.3333333333333333,0.2466868958069292,1.0200347483043963,1.004674056505473,0.910515320334262,0.953,0.9481788148027464,0.9501072888816477,0.9918237250554324,0.95,1.0,1.0,84,1,1,5.76,0,227.95299999999997,104.6,104.6,100,201587
2025-11-06,Nicolas Batum,PTS,4.066666666666666,OVER,0.5137,-0.018832999999999933,0,0,D,4.338387828960549,4.1311822359545785,2.4,4.8,-0.3571428571428571,14.8,0.9234234234234233,0.0,0.3,0.26666666666666666,0.32941176470588235,0.19587923047986797,0.9522390341354946,0.992070974208338,0.9871169916434542,0.973,0.9890985846694077,0.9826591508016446,1.0103851963746224,1.0,1.0,1.0,85,0,0,3.12,1,226.49249999999998,113.4,113.4,100,201587
2025-11-08,Nicolas Batum,PTS,3.466666666666667,OVER,0.546,0.04286000000000001,9,1,B,2.71661884043192,4.015446366695678,1.8,4.2,-0.5588235294117647,14.733333333333333,0.9728506787330318,0.0,0.2,0.2,0.36046511627906974,0.14990655376889475,1.4781044388462148,0.992070974208338,0.9871169916434542,0.973,0.9890985846694077,0.9826591508016446,0.9965424639140652,1.0,1.0,1.0,86,1,0,0.72,1,226.49249999999998,113.4,113.4,100,201587
2025-11-10,Nicolas Batum,PTS,4.0,OVER,0.5403,0.031972999999999974,2,0,B,3.36710767163936,4.191828786034631,3.0,4.2,-0.41666666666666674,15.333333333333334,1.326086956521739,0.2,0.2,0.26666666666666666,0.3333333333333333,0.25813594440833554,1.244934583275068,1.0223382190951582,1.0053969359331478,1.026,1.012173449197952,1.0177040695187711,1.0034207161125321,1.0,1.0,1.0,87,1,0,-0.1200000000000001,1,229.99999999999997,115.5,115.5,100,201587
2025-11-12,Nicolas Batum,PTS,4.133333333333334,UNDER,0.6085,0.16223500000000002,6,0,A,3.60102065390015,4.085980677296222,2.8,2.9,-0.4871794871794871,15.266666666666667,1.3755458515283843,0.2,0.1,0.26666666666666666,0.32954545454545453,0.23357106144071232,1.1346729358163572,0.9973305282378511,1.0045264623955434,0.996,1.0016480887324666,0.9993888532394799,1.0009331840238895,1.0,1.0,1.0,88,1,0,3.72,1,227.102,115.4,115.4,100,201587
2025-11-14,Nicolas Batum,PTS,4.333333333333333,UNDER,0.5865,0.12021499999999996,7,0,A,3.496091630946921,4.099941927579439,4.0,3.2,-0.41025641025641024,15.8,1.4135021097046412,0.4,0.2,0.3333333333333333,0.33707865168539325,0.3338387215113527,1.1727215303189764,1.0145977433536109,0.9845055710306407,0.974,0.9965424399598288,0.9875254639758972,0.9958999158957107,1.0,1.0,1.0,89,0,0,1.3199999999999998,1,229.10299999999998,113.1,113.1,100,201587
2025-11-16,Nicolas Batum,PTS,4.8,UNDER,0.6031,0.15192099999999986,6,0,A,4.743683059509976,3.9677269491305904,4.8,3.6,-0.3571428571428571,17.133333333333333,1.3035019455252919,0.6,0.3,0.4,0.34444444444444444,0.42456465216217815,0.836423281099319,0.9564449384235232,0.9949512534818943,0.973,0.9795487274585458,0.9769292364751274,1.0010060362173037,1.0,1.0,1.0,90,0,0,5.5200000000000005,1,222.364,114.3,114.3,100,201587
2025-11-17,Nicolas Batum,PTS,4.8,UNDER,0.594,0.13453999999999988,11,0,A,5.3055241182869395,3.9677269491305904,6.0,3.9,-0.15384615384615374,17.266666666666666,1.2934362934362935,0.8,0.4,0.4,0.3516483516483517,0.47932456561580106,0.74784825413473,0.9950480802627792,0.9853760445682453,0.989,0.9892448588460588,0.9891469153076353,1.0041551246537397,0.95,1.0,1.0,91,0,1,3.08,0,226.83749999999998,113.2,113.2,100,201587
2025-11-20,Nicolas Batum,PTS,4.933333333333334,OVER,0.5101,-0.025709000000000037,3,0,D,6.826936485932492,4.14843630896315,6.4,4.7,0.3666666666666667,17.266666666666666,1.2741312741312742,0.8,0.5,0.4,0.358695652173913,0.5288733843170498,0.6076570827209791,1.0031855034782524,0.9845055710306407,0.979,0.9919775440096854,0.9867865264058113,1.0142961876832843,1.02,1.0,1.0,92,0,0,3.3200000000000003,2,227.78049999999996,113.1,113.1,100,201587
2025-11-22,Nicolas Batum,PTS,4.133333333333334,OVER,0.5587,0.06711699999999987,9,1,A,4.72936366032809,3.0906926331133207,6.6,4.7,1.4444444444444442,17.266666666666666,0.9652509652509653,0.8,0.5,0.3333333333333333,0.3548387096774194,0.4512121241479993,0.6535113083054623,0.9908801317865614,1.021065459610028,1.048,1.0089913284806413,1.0245947970883846,1.0125333333333333,1.0,1.0,1.0,93,0,0,1.64,1,226.35449999999997,117.3,117.3,100,201587
2025-11-23,Nicolas Batum,PTS,4.533333333333333,OVER,0.5552,0.06043200000000004,6,1,A,5.263193202787079,3.3137520095734954,7.2,5.6,1.9333333333333336,17.533333333333335,0.9315589353612166,0.8,0.6,0.4,0.3617021276595745,0.5307684987500166,0.6296086580706797,1.0140023221427226,0.9975626740947077,1.029,1.0041385333139137,1.014083119988348,1.018851902173913,0.95,1.0,1.0,94,0,1,3.6,0,229.03400000000002,114.6,114.6,100,201587
2025-11-25,Nicolas Batum,PTS,4.733333333333333,OVER,0.6009,0.14771899999999993,6,1,A,5.355294052438694,3.305118685283408,7.0,5.9,1.2857142857142856,18.666666666666668,0.9464285714285714,0.8,0.7,0.4666666666666667,0.3684210526315789,0.6027540833332077,0.6171684790638756,0.9876053151266759,1.0280292479108637,1.038,1.0118596747971886,1.0223158048783132,1.0208674304418985,1.0,1.0,1.0,95,0,0,2.4799999999999995,1,225.975,118.1,118.1,100,201587
2025-11-28,Nicolas Batum,PTS,4.933333333333334,OVER,0.679,0.29689,2,0,A,5.435882295883857,3.283436063174123,7.0,6.5,1.4,19.133333333333333,1.1498257839721255,0.8,0.8,0.5333333333333333,0.375,0.6678893338232713,0.6040300147154394,1.0086435312447282,0.9897284122562676,1.001,0.9972944598516518,0.9987766759109911,0.9772727272727273,1.02,1.0,1.0,96,1,0,0.039999999999999855,2,228.41299999999998,113.7,113.7,100,201587
2025-11-29,Nicolas Batum,PTS,4.866666666666666,OVER,0.5608,0.07112799999999986,0,0,A,5.006397008898375,3.3352375513311676,5.2,5.8,0.8695652173913044,19.333333333333332,1.206896551724138,0.6,0.7,0.5333333333333333,0.3711340206185567,0.6043312603504059,0.6661951789686501,1.0145977433536109,0.9845055710306407,0.974,0.9965424399598288,0.9875254639758972,0.9750025638396063,0.95,1.0,1.0,97,1,1,-1.08,0,229.10299999999998,113.1,113.1,100,201587
2025-12-01,Nicolas Batum,PTS,4.666666666666667,OVER,0.627,0.1975699999999999,6,1,A,3.975795941570368,3.5388994791897552,4.6,5.6,0.37037037037037024,20.133333333333333,1.2086092715231789,0.6,0.7,0.5333333333333333,0.3673469387755102,0.5468215372538786,0.890110944122538,1.037422223104328,0.9758008356545962,0.993,1.000449390634489,0.9974696343806934,1.0309359296482412,1.0,1.0,1.0,98,0,0,3.3600000000000003,1,231.748,112.1,112.1,100,201587
2025-12-03,Nicolas Batum,PTS,5.066666666666666,OVER,0.605,0.15554999999999997,6,1,A,4.633622890089782,3.305118685283408,4.0,5.6,-0.030303030303030387,21.0,1.126984126984127,0.6,0.7,0.6,0.32323232323232326,0.6172794732446738,0.7132903914887574,1.0223382190951582,1.0053969359331478,1.026,1.012173449197952,1.0177040695187711,1.0326075974944433,1.0,1.0,1.0,99,0,0,2.28,1,229.99999999999997,115.5,115.5,100,201587
2025-12-05,Nicolas Batum,PTS,5.266666666666667,OVER,0.5639,0.07704899999999992,6,1,A,4.399618587612849,3.2616093018777157,4.0,5.5,-0.14634146341463405,21.133333333333333,1.0725552050473186,0.6,0.7,0.6666666666666666,0.33,0.681032450126728,0.7413391040443358,1.0086435312447282,0.9897284122562676,1.001,0.9972944598516518,0.9987766759109911,1.0341463414634147,1.0,1.0,1.0,100,0,0,2.44,1,228.41299999999998,113.7,113.7,100,201587
2025-12-06,Nicolas Batum,PTS,5.666666666666667,UNDER,0.528,0.008479999999999988,3,1,C,5.814070587808374,2.919556391613206,4.0,5.5,-0.2727272727272727,22.0,1.075757575757576,0.6,0.7,0.7333333333333333,0.33663366336633666,0.738718529120792,0.5021535854303653,1.0027885560043268,0.9766713091922007,0.967,0.9871182079170511,0.9790709247502306,1.03556278280543,0.95,1.0,1.0,101,0,1,4.4799999999999995,0,227.7345,112.2,112.2,100,201587
2025-12-11,Nicolas Batum,PTS,5.266666666666667,UNDER,0.5294,0.011153999999999942,6,0,C,4.5177750681623365,2.840187787218772,4.2,4.7,-0.34090909090909083,21.466666666666665,1.0559006211180126,0.6,0.6,0.6666666666666666,0.3333333333333333,0.6410878631595995,0.6286695872121086,0.9642846510335521,0.982764623955432,0.955,0.97537263478668,0.967223580872008,1.033688268771801,1.03,1.0,1.0,102,0,0,6.08,4,223.27249999999998,112.9,112.9,100,201587
2025-12-18,Nicolas Batum,PTS,5.533333333333333,UNDER,0.5682,0.08526200000000006,6,0,A,5.242788439596325,2.695675549220764,5.4,5.0,-0.39583333333333326,22.0,1.1515151515151514,0.8,0.7,0.7333333333333333,0.33980582524271846,0.7025751721849428,0.5141682866433422,1.004674056505473,0.910515320334262,0.953,0.9481788148027464,0.9501072888816477,1.0350055493895671,1.03,0.95,1.0,103,0,0,8.16,6,227.95299999999997,104.6,104.6,100,201587
2025-12-20,Nicolas Batum,PTS,5.533333333333333,UNDER,0.6293,0.2019629999999999,3,1,A,5.472373698385354,2.695675549220764,5.4,4.7,-0.3124999999999999,21.866666666666667,0.9908536585365854,0.8,0.7,0.7333333333333333,0.34615384615384615,0.7308788867400338,0.4925971247205091,0.9876053151266759,1.0280292479108637,1.038,1.0118596747971886,1.0223158048783132,0.9608816705336427,1.0,1.0,1.0,104,1,0,0.07999999999999989,1,225.975,118.1,118.1,100,201587
2025-12-23,Nicolas Batum,PTS,5.266666666666667,UNDER,0.6191,0.1824809999999999,6,0,A,5.028393172348615,2.737743248596934,4.8,4.4,-0.16279069767441856,21.533333333333335,1.0526315789473684,0.6,0.6,0.6666666666666666,0.34285714285714286,0.633994261389469,0.5444568781239941,0.9642846510335521,0.982764623955432,0.955,0.97537263478668,0.967223580872008,0.9601518026565464,1.02,1.0,1.0,105,1,0,3.6799999999999997,2,223.27249999999998,112.9,112.9,100,201587
2025-12-26,Nicolas Batum,PTS,5.266666666666667,UNDER,0.5865,0.12021499999999996,3,1,A,5.824513094497888,2.737743248596934,4.8,4.4,-0.027027027027026973,21.866666666666667,0.9908536585365854,0.6,0.6,0.6666666666666666,0.3490566037735849,0.6688243124893029,0.47003813094405034,1.0176740862765334,1.0149721448467968,1.02,1.0160529214186913,1.0176317528512149,1.0353535353535355,1.02,1.0,1.0,106,0,0,1.2799999999999998,2,229.4595,116.6,116.6,100,201587
2025-04-13,Bub Carrington,PTS,11.866666666666667,OVER,0.6341,0.21113099999999996,15,1,A,12.631685764029726,7.605136109110425,17.8,14.8,1.2307692307692308,32.13333333333333,1.0788381742738589,1.0,0.7,0.5333333333333333,0.37037037037037035,0.6808811445904784,0.6020681840239394,1.037422223104328,0.9758008356545962,0.993,1.000449390634489,0.9974696343806934,0.9742897727272727,1.0,1.0,1.0,81,0,0,6.8,1,237.5325,112.1,112.1,100,1642267
2025-10-22,Bub Carrington,PTS,12.666666666666666,OVER,0.6387,0.21991700000000003,11,0,A,13.33252648474172,7.227592630889987,14.4,15.4,1.0847457627118646,33.2,1.0240963855421685,0.8,0.7,0.5333333333333333,0.32926829268292684,0.6382912924797057,0.5421022518996332,0.9885976838114898,1.0106197771587744,0.999,1.0018109398198605,1.0006865638919162,0.9783147459727385,1.03,1.0,1.0,82,0,0,4.720000000000001,191,231.87449999999998,116.1,116.1,100,1642267
2025-10-24,Bub Carrington,PTS,13.0,OVER,0.6105,0.16605500000000006,7,0,A,12.501225419194725,7.010196655077313,13.8,15.2,0.8852459016393444,33.6,1.0416666666666665,0.4,0.5,0.4,0.24096385542168675,0.4503757178869143,0.5607607590463624,1.0145977433536109,0.9845055710306407,0.974,0.9965424399598288,0.9875254639758972,0.9795523343811852,1.0,1.0,1.0,83,0,0,4.76,1,234.8875,113.1,113.1,100,1642267
2025-10-26,Bub Carrington,PTS,13.333333333333334,OVER,0.5676,0.08411599999999997,4,0,A,12.083439869272524,6.553806600166117,12.6,14.9,0.15384615384615397,33.6,0.9523809523809523,0.4,0.5,0.4,0.23809523809523808,0.4075168017188872,0.5423792124651574,0.9908801317865614,1.021065459610028,1.048,1.0089913284806413,1.0245947970883846,1.022749445676275,1.0,1.0,1.0,84,1,0,2.6799999999999997,1,232.139,117.3,117.3,100,1642267
2025-10-28,Bub Carrington,PTS,13.333333333333334,UNDER,0.5913,0.12938300000000003,10,1,A,12.55728183673773,6.553806600166116,11.0,14.5,-0.24528301886792447,33.0,0.8181818181818182,0.4,0.5,0.4,0.23529411764705882,0.36873645067359,0.5219128379353741,0.9950480802627792,0.9853760445682453,0.989,0.9892448588460588,0.9891469153076353,1.0187690275145038,1.0,1.0,1.0,85,1,0,4.12,1,232.62199999999999,113.2,113.2,100,1642267
2025-10-30,Bub Carrington,PTS,13.0,UNDER,0.6432,0.22851199999999994,3,1,A,11.428018724714093,6.590035768383312,9.4,13.6,-0.2666666666666667,33.46666666666667,0.896414342629482,0.2,0.4,0.3333333333333333,0.23255813953488372,0.3063142345778555,0.5766560177340085,1.004674056505473,0.910515320334262,0.953,0.9481788148027464,0.9501072888816477,0.9815256257449345,1.0,0.9199999999999999,1.0,86,0,0,11.6,1,233.73749999999998,104.6,104.6,100,1642267
2025-11-01,Bub Carrington,PTS,12.6,UNDER,0.6605,0.26155499999999987,7,1,A,10.914251639079112,7.018343312858303,7.0,10.7,-0.37614678899082576,33.06666666666667,0.8669354838709676,0.0,0.4,0.4666666666666667,0.3103448275862069,0.36241194789234293,0.6430439342014725,1.0031855034782524,0.9845055710306407,0.979,0.9919775440096854,0.9867865264058113,1.0226343699939235,1.0,1.0,1.0,87,1,0,4.36,1,233.565,113.1,113.1,100,1642267
2025-11-03,Bub Carrington,PTS,12.2,UNDER,0.7205,0.376155,0,1,A,10.020168742978512,7.16339903357936,6.2,10.0,-0.4722222222222222,32.46666666666667,0.8418891170431211,0.0,0.3,0.4,0.3068181818181818,0.30059158781091067,0.7148980438676751,0.9857198146255297,0.9932103064066854,0.982,0.9902141096942231,0.9869284658165338,0.9793875147232037,1.0,0.9199999999999999,1.0,88,0,0,8.92,1,231.541,114.1,114.1,100,1642267
2025-11-05,Bub Carrington,PTS,11.533333333333333,UNDER,0.7705,0.4716549999999998,3,1,A,8.497780022629058,7.818171750723408,4.8,8.7,-0.6379310344827587,32.666666666666664,0.7040816326530612,0.0,0.3,0.4666666666666667,0.34831460674157305,0.32178922005463123,0.9200251983346361,0.9564449384235232,0.9949512534818943,0.973,0.9795487274585458,0.9769292364751274,0.9740609867818348,1.0,0.9199999999999999,1.0,89,0,0,8.959999999999999,1,228.14849999999996,114.3,114.3,100,1642267
2025-11-07,Bub Carrington,PTS,11.2,UNDER,0.6976,0.33241599999999993,6,1,A,9.294829470924697,8.081725416907314,4.6,7.8,-0.7235772357723578,32.2,0.8074534161490683,0.0,0.2,0.4666666666666667,0.34444444444444444,0.29116692702603775,0.8694861419661208,1.0140023221427226,0.9975626740947077,1.029,1.0041385333139137,1.014083119988348,1.0305697823303457,1.0,1.0,1.0,90,1,0,4.640000000000001,1,234.81849999999997,114.6,114.6,100,1642267
2025-11-08,Bub Carrington,PTS,10.333333333333334,UNDER,0.7145,0.364695,9,1,A,10.63711536566052,7.88005317845242,3.8,6.6,-0.7130434782608696,31.333333333333332,0.8936170212765958,0.0,0.2,0.4666666666666667,0.4065934065934066,0.29116692702603775,0.7408073436799754,1.0145977433536109,0.9845055710306407,0.974,0.9965424399598288,0.9875254639758972,1.027946127946128,0.95,1.0,1.0,91,1,1,2.3600000000000003,0,234.8875,113.1,113.1,100,1642267
2025-11-10,Bub Carrington,PTS,8.8,UNDER,0.7499,0.43230899999999994,11,0,A,8.003667297658694,5.115801850289803,5.0,6.0,-0.5777777777777777,30.733333333333334,0.9436008676789588,0.2,0.3,0.5333333333333333,0.5217391304347826,0.4258479308735105,0.6391822223527862,1.0052694777163613,0.9636142061281339,0.945,0.9802763147634248,0.9661657888580548,0.9728950403690888,1.0,0.95,1.0,92,0,0,8.8,1,233.80649999999997,110.7,110.7,100,1642267
2025-11-12,Bub Carrington,PTS,8.6,UNDER,0.72,0.37519999999999987,7,1,A,8.243275071712787,4.954074801903696,5.8,6.0,-0.5125,30.333333333333332,1.0,0.4,0.3,0.5333333333333333,0.5268817204301075,0.4804857242115834,0.600983803015849,0.9642846510335521,0.982764623955432,0.955,0.97537263478668,0.967223580872008,0.9743978093345611,1.0,0.95,1.0,93,0,0,9.52,1,229.057,112.9,112.9,100,1642267
2025-11-16,Bub Carrington,PTS,8.2,UNDER,0.6652,0.270532,5,1,A,7.952931874010119,4.813671007809796,7.2,6.0,-0.4415584415584415,28.733333333333334,0.9512761020881669,0.4,0.3,0.4666666666666667,0.5212765957446809,0.4074291587133676,0.6052699915034719,0.9727197848544692,1.00974930362117,1.013,0.9949374961144897,1.0021624976686938,1.0276099238516334,1.03,1.0,1.0,94,1,0,2.0799999999999996,3,230.03449999999998,116.0,116.0,100,1642267
2025-11-19,Bub Carrington,PTS,7.733333333333333,UNDER,0.6888,0.3156079999999999,3,1,A,8.393418272190274,4.757950739351473,7.6,6.1,-0.3970588235294118,28.333333333333332,0.8705882352941178,0.4,0.3,0.4,0.5894736842105263,0.3413248446173871,0.5668668693797716,1.0027885560043268,0.9766713091922007,0.967,0.9871182079170511,0.9790709247502306,0.9758895131086143,1.02,1.0,1.0,95,0,0,7.92,2,233.51899999999998,112.2,112.2,100,1642267
2025-11-21,Bub Carrington,PTS,6.733333333333333,UNDER,0.7701,0.47089099999999995,7,0,A,7.31443954695078,3.954503159449394,7.0,5.4,-0.22807017543859642,27.133333333333333,0.687960687960688,0.6,0.4,0.5333333333333333,0.6666666666666666,0.47373676785988056,0.5406433581227607,0.9889946312854152,0.9792827298050141,0.948,0.9831674903971745,0.9691004942383047,0.9727929245606417,1.0,1.0,1.0,96,0,0,6.56,1,231.9205,112.5,112.5,100,1642267
2025-11-22,Bub Carrington,PTS,6.2,UNDER,0.7512,0.43479199999999985,8,0,A,6.735399348627652,3.2337505867247796,6.6,5.8,0.1428571428571428,25.466666666666665,0.693717277486911,0.6,0.5,0.5333333333333333,0.6701030927835051,0.5238173358230755,0.48011267325725254,1.030674116047594,1.0201949860724235,1.037,1.0243866380624918,1.029431982837495,0.9720666666666666,0.95,1.0,1.0,97,0,1,4.840000000000001,0,236.7505,117.2,117.2,100,1642267
2025-11-25,Bub Carrington,PTS,6.0,UNDER,0.6497,0.240927,10,0,A,6.3537391750949155,3.0,6.0,5.9,0.47058823529411775,25.133333333333333,0.7559681697612732,0.6,0.5,0.5333333333333333,0.673469387755102,0.5691321076326672,0.4721629134162852,1.0223382190951582,1.0053969359331478,1.026,1.012173449197952,1.0177040695187711,1.0304620864185958,1.02,1.0,1.0,98,1,0,3.3200000000000003,2,235.78449999999998,115.5,115.5,100,1642267
2025-11-28,Bub Carrington,PTS,6.2,UNDER,0.5718,0.09213799999999994,6,1,A,6.404720336992341,3.1667919774704854,6.6,6.9,0.5454545454545454,24.866666666666667,0.8310991957104558,0.6,0.6,0.5333333333333333,0.6767676767676768,0.6101346087557469,0.4944465661021527,1.0028877928728082,1.013231197771588,0.966,1.009093835812076,0.9918563014872457,0.9715494040753556,1.02,1.0,1.0,99,0,0,2.72,2,233.53049999999996,116.4,116.4,100,1642267
2025-12-01,Bub Carrington,PTS,6.333333333333333,OVER,0.6068,0.15898800000000002,5,0,A,7.163733177299719,3.109126351029605,6.8,7.2,0.21052631578947367,24.933333333333334,0.9759358288770053,0.6,0.6,0.5333333333333333,0.67,0.5520726240409304,0.4340092343028265,0.9885976838114898,1.0106197771587744,0.999,1.0018109398198605,1.0006865638919162,1.0321067821067822,1.02,1.0,1.0,100,1,0,2.3200000000000003,2,231.87449999999998,116.1,116.1,100,1642267
2025-12-02,Bub Carrington,PTS,6.0,OVER,0.5424,0.03598399999999996,10,1,B,5.948729833967263,2.951996902824546,7.2,7.1,0.1282051282051282,23.866666666666667,0.9916201117318436,0.6,0.6,0.4666666666666667,0.6633663366336634,0.4722036643201528,0.49623986720133695,0.9950480802627792,0.9853760445682453,0.989,0.9892448588460588,0.9891469153076353,0.9725097292373934,0.95,1.0,1.0,101,0,1,6.5200000000000005,0,232.62199999999999,113.2,113.2,100,1642267
2025-12-04,Bub Carrington,PTS,6.466666666666667,OVER,0.5918,0.13033799999999995,7,1,A,6.994873859675636,2.9968237153613795,7.8,7.2,0.13953488372093026,24.066666666666666,1.0249307479224377,0.6,0.6,0.5333333333333333,0.6666666666666666,0.5497624297599861,0.4284314164173287,0.9564449384235232,0.9949512534818943,0.973,0.9795487274585458,0.9769292364751274,1.0287213927104388,1.0,1.0,1.0,102,1,0,6.56,1,228.14849999999996,114.3,114.3,100,1642267
2025-12-06,Bub Carrington,PTS,6.466666666666667,OVER,0.5757,0.09958699999999998,14,1,A,6.050977931046191,2.9968237153613795,7.6,6.8,0.29268292682926833,24.466666666666665,1.021798365122616,0.6,0.6,0.5333333333333333,0.6699029126213593,0.5926081994412419,0.4952627078650145,1.0223382190951582,1.0053969359331478,1.026,1.012173449197952,1.0177040695187711,1.0269767441860465,1.0,1.0,1.0,103,1,0,3.3200000000000003,1,235.78449999999998,115.5,115.5,100,1642267
2025-12-12,Bub Carrington,PTS,7.4,OVER,0.6046,0.15478599999999998,27,1,A,7.449407130881127,3.0189875313233268,8.4,7.5,0.36363636363636354,25.266666666666666,1.187335092348285,0.4,0.4,0.4,0.5769230769230769,0.441978492833752,0.40526547660528206,1.0140023221427226,0.9975626740947077,1.029,1.0041385333139137,1.014083119988348,1.028921568627451,1.03,1.0,1.0,104,1,0,4.640000000000001,5,234.81849999999997,114.6,114.6,100,1642267
2025-12-14,Bub Carrington,PTS,9.0,OVER,0.5447,0.040376999999999885,11,1,B,10.298032680736696,5.694608979427072,12.6,9.7,0.6458333333333335,25.933333333333334,1.3624678663239076,0.6,0.4,0.3333333333333333,0.47619047619047616,0.4282006530366282,0.5529802784641865,1.0028877928728082,1.013231197771588,0.966,1.009093835812076,0.9918563014872457,0.9636692091529506,1.0,1.0,1.0,105,0,0,2.72,1,233.53049999999996,116.4,116.4,100,1642267
2025-12-18,Bub Carrington,PTS,9.333333333333334,OVER,0.5545,0.0590949999999999,15,1,A,10.79058003686032,5.652643713553946,13.8,10.5,0.5999999999999999,26.466666666666665,1.4357682619647356,0.8,0.5,0.4,0.4811320754716981,0.5099468586443945,0.523849848130932,1.0000099236868483,0.9749303621169918,0.987,0.9849621867449343,0.9857773120469606,0.9651710829065538,1.03,0.95,1.0,106,0,0,8.92,3,233.19699999999997,112.0,112.0,100,1642267
2025-12-20,Bub Carrington,PTS,9.733333333333333,OVER,0.5948,0.13606799999999997,14,1,A,11.58662515972992,5.836665714829542,14.8,11.3,0.7450980392156863,26.8,1.3681592039800994,0.8,0.6,0.4666666666666667,0.48598130841121495,0.5839138842607624,0.5037416533603986,1.0086435312447282,0.9897284122562676,1.001,0.9972944598516518,0.9987766759109911,0.9685991205240959,1.0,1.0,1.0,107,0,0,5.880000000000001,1,234.1975,113.7,113.7,100,1642267
2025-12-21,Bub Carrington,PTS,9.933333333333334,OVER,0.6201,0.18439099999999997,21,1,A,11.3485617598094,5.933761354278061,16.2,11.9,1.1304347826086958,26.8,1.2935323383084576,1.0,0.7,0.4666666666666667,0.49074074074074076,0.6235097133538968,0.5228646131435177,1.0000099236868483,0.9749303621169918,0.987,0.9849621867449343,0.9857773120469606,1.030859111677028,0.95,1.0,1.0,108,1,1,6.5200000000000005,0,233.19699999999997,112.0,112.0,100,1642267
2025-12-23,Bub Carrington,PTS,10.866666666666667,OVER,0.6265,0.19661499999999987,6,0,A,12.285123912356084,6.512259501088989,17.6,13.0,1.477272727272727,28.2,1.2765957446808511,1.0,0.6,0.4,0.4036697247706422,0.5807772946780612,0.5300931067157666,0.9908801317865614,1.021065459610028,1.048,1.0089913284806413,1.0245947970883846,0.9661770719738276,1.0,1.0,1.0,109,0,0,5.08,1,232.139,117.3,117.3,100,1642267
2025-12-26,Bub Carrington,PTS,10.933333333333334,OVER,0.6478,0.237298,15,1,A,11.229615795834434,6.452758730813917,13.4,13.0,1.2040816326530615,27.866666666666667,1.076555023923445,0.8,0.6,0.4,0.4,0.5255090277704065,0.5746197241411887,0.9889946312854152,0.9792827298050141,0.948,0.9831674903971745,0.9691004942383047,1.0375747377465898,1.02,1.0,1.0,110,1,0,4.16,2,231.9205,112.5,112.5,100,1642267
2025-04-11,Goga Bitadze,PTS,3.6,OVER,0.5232,-0.0006880000000000219,11,1,D,3.488684270796284,5.329165037789691,4.0,4.4,-0.13793103448275867,12.266666666666667,0.9782608695652173,0.4,0.3,0.26666666666666666,0.6617647058823529,0.2877921171342244,1.5275572749302766,1.0028877928728082,1.013231197771588,1.009,1.009093835812076,1.0090563014872456,0.9263253638253639,1.0,1.0,1.0,68,0,0,-2.84,1,232.4725,116.4,116.4,100,1629048
2025-04-13,Goga Bitadze,PTS,4.133333333333334,UNDER,0.5421,0.035411000000000026,10,0,B,4.562532550685319,5.65517041130967,3.8,3.6,0.3076923076923075,13.2,1.1868686868686869,0.4,0.3,0.26666666666666666,0.5942028985507246,0.35269309472271193,1.2394805622724228,1.0223382190951582,1.0053969359331478,1.023,1.012173449197952,1.016504069518771,0.9334811529933481,1.0,1.0,1.0,69,0,0,0.15999999999999998,1,234.7265,115.5,115.5,100,1629048
2025-10-22,Goga Bitadze,PTS,4.533333333333333,OVER,0.5412,0.033692,8,1,B,4.702480726895374,5.853773711604051,5.8,4.6,0.7083333333333333,14.133333333333333,1.650943396226415,0.6,0.4,0.3333333333333333,0.6,0.44162479453743086,1.244826731159996,1.037422223104328,0.9758008356545962,1.008,1.000449390634489,1.0034696343806933,1.0577689243027888,1.03,1.0,1.0,70,1,0,-1.16,191,236.47449999999998,112.1,112.1,100,1629048
2025-10-24,Goga Bitadze,PTS,5.066666666666666,OVER,0.5719,0.09232899999999988,3,0,A,5.114670636033452,5.775152028508076,7.0,5.4,0.37037037037037024,15.066666666666666,1.504424778761062,0.8,0.5,0.4,0.6056338028169014,0.5220935241793302,1.1291346871529626,1.0223382190951582,1.0053969359331478,1.023,1.012173449197952,1.016504069518771,1.0568627450980392,1.0,1.0,1.0,71,1,0,-2.2399999999999998,1,234.7265,115.5,115.5,100,1629048
2025-10-25,Goga Bitadze,PTS,5.266666666666667,OVER,0.5322,0.01650199999999996,3,0,C,5.255138247744981,5.637459745395295,7.6,5.5,0.025641025641025772,15.8,1.3080168776371308,0.8,0.5,0.4,0.5972222222222222,0.4724097563917199,1.0727519390787428,1.030674116047594,1.0201949860724235,1.034,1.0243866380624918,1.028231982837495,1.0521698984302863,0.95,1.0,1.0,72,1,1,-3.12,0,235.69249999999997,117.2,117.2,100,1629048
2025-10-27,Goga Bitadze,PTS,5.266666666666667,OVER,0.5044,-0.03659600000000013,5,0,D,7.132186986593979,5.637459745395295,7.0,5.5,0.13888888888888884,16.533333333333335,1.0685483870967742,0.6,0.5,0.4,0.589041095890411,0.4274540242284805,0.790425118689646,0.9950480802627792,0.9853760445682453,0.989,0.9892448588460588,0.9891469153076353,0.9452234382124943,1.0,1.0,1.0,73,0,0,0.96,1,231.564,113.2,113.2,100,1629048
2025-10-29,Goga Bitadze,PTS,4.333333333333333,OVER,0.5046,-0.03621399999999997,10,1,D,4.3019211522369005,4.16904693916396,5.8,4.8,1.4210526315789473,15.933333333333334,1.00418410041841,0.6,0.5,0.4,0.5945945945945946,0.4819389775760193,0.9691128199772213,1.0052694777163613,0.9636142061281339,0.965,0.9802763147634248,0.9741657888580548,0.9443652316972855,1.0,1.0,1.0,74,0,0,3.2399999999999998,1,232.74849999999998,110.7,110.7,100,1629048
2025-10-30,Goga Bitadze,PTS,5.0,OVER,0.5373,0.02624299999999996,6,1,B,5.014181008207288,4.225771273642583,5.8,5.8,1.6315789473684212,17.266666666666666,1.1196911196911197,0.4,0.5,0.4,0.5866666666666667,0.4477333496880154,0.8427640060711363,0.9908801317865614,1.021065459610028,1.012,1.0089913284806413,1.0101947970883849,0.9492310106716886,0.95,1.0,1.0,75,0,1,-0.4800000000000001,0,231.081,117.3,117.3,100,1629048
2025-11-01,Goga Bitadze,PTS,5.4,OVER,0.5818,0.11123799999999995,15,1,A,5.407276009658517,3.996426975615665,5.4,6.2,0.8,17.533333333333335,1.026615969581749,0.4,0.6,0.4666666666666667,0.5921052631578947,0.5276207734497153,0.73908322202847,1.0123152953785393,1.0680710306406687,1.069,1.0457687365358168,1.0550612419214902,0.9494438572650863,1.0,1.0,1.0,76,0,0,-4.36,1,233.565,122.7,122.7,100,1629048
2025-11-04,Goga Bitadze,PTS,6.266666666666667,OVER,0.6201,0.18439099999999997,4,0,A,6.7413003221897725,4.574255078568479,7.8,7.7,0.47058823529411775,17.4,1.149425287356322,0.4,0.5,0.4,0.5064935064935064,0.43926524406113887,0.6785419518415144,1.0223382190951582,1.0053969359331478,1.023,1.012173449197952,1.016504069518771,0.9588577421815407,1.02,1.0,1.0,77,0,0,0.15999999999999998,2,234.7265,115.5,115.5,100,1629048
2025-11-07,Goga Bitadze,PTS,6.333333333333333,OVER,0.5435,0.038084999999999924,0,0,B,7.613042105563181,4.5303211281110665,8.0,7.5,0.12195121951219523,17.066666666666666,0.8984375,0.4,0.5,0.4,0.5,0.3974636292692165,0.5950736992247243,0.9564449384235232,0.9949512534818943,0.975,0.9795487274585458,0.9777292364751274,1.0431654676258992,1.02,1.0,1.0,78,1,0,1.0,2,227.0905,114.3,114.3,100,1629048
2025-11-09,Goga Bitadze,PTS,5.533333333333333,OVER,0.535,0.021850000000000036,2,0,B,5.042206077504943,4.5176900966670805,7.0,6.4,0.16216216216216228,16.866666666666667,0.9486166007905138,0.6,0.5,0.4666666666666667,0.5822784810126582,0.463829108926682,0.8959749021013018,0.9564449384235232,0.9949512534818943,0.975,0.9795487274585458,0.9777292364751274,1.0363758992805754,1.0,1.0,1.0,79,1,0,1.0,1,227.0905,114.3,114.3,100,1629048
2025-11-10,Goga Bitadze,PTS,5.666666666666667,UNDER,0.5837,0.11486699999999994,7,0,A,4.931797945293965,4.369809846576633,5.4,5.6,0.050000000000000044,17.0,0.8431372549019608,0.4,0.4,0.4666666666666667,0.575,0.41968993333113874,0.8860480285382344,1.0176740862765334,1.0149721448467968,1.021,1.0160529214186913,1.0180317528512148,1.0315149925692806,0.95,1.0,1.0,80,1,1,-3.2399999999999998,0,234.18599999999998,116.6,116.6,100,1629048
2025-11-12,Goga Bitadze,PTS,6.0,UNDER,0.6102,0.1654819999999999,10,0,A,4.9204555746550795,4.2594432902501635,5.6,5.5,0.07317073170731714,17.4,0.9195402298850576,0.4,0.3,0.4,0.49382716049382713,0.39456538663627133,0.8656603490518756,0.9857198146255297,0.9932103064066854,0.98,0.9902141096942231,0.9861284658165338,0.9668481960517359,1.0,1.0,1.0,81,0,0,3.3600000000000003,1,230.483,114.1,114.1,100,1629048
2025-11-14,Goga Bitadze,PTS,6.666666666666667,UNDER,0.5939,0.13434899999999994,6,1,A,6.365001510254615,4.029651999626672,4.6,6.2,-0.04347826086956519,18.266666666666666,0.8941605839416058,0.4,0.4,0.4666666666666667,0.5,0.47951241103974385,0.6330952150026241,0.9727197848544692,1.00974930362117,0.993,0.9949374961144897,0.9941624976686938,1.027991718426501,1.0,1.0,1.0,82,1,0,-3.4799999999999995,1,228.9765,116.0,116.0,100,1629048
2025-11-16,Goga Bitadze,PTS,6.666666666666667,UNDER,0.596,0.13835999999999993,4,1,A,6.994045390165638,4.029651999626672,5.0,6.5,-0.1200000000000001,17.933333333333334,0.9293680297397771,0.4,0.4,0.4666666666666667,0.4939759036144578,0.4338807719213996,0.5761546822805562,0.9642846510335521,0.982764623955432,0.948,0.97537263478668,0.964423580872008,0.9714285714285714,1.0,1.0,1.0,83,0,0,3.96,1,227.99899999999997,112.9,112.9,100,1629048
2025-11-18,Goga Bitadze,PTS,6.2,UNDER,0.5387,0.02891699999999986,6,1,B,6.4848559026563635,3.895051806000604,5.8,6.4,-0.2666666666666667,17.466666666666665,0.9160305343511451,0.4,0.4,0.4,0.4880952380952381,0.3652592540154286,0.6006381428467965,1.000208397423811,0.9662256267409473,0.97,0.9798187350140928,0.9758912410084557,1.02927847346452,1.0,1.0,1.0,84,1,0,-0.8,1,232.16199999999998,111.0,111.0,100,1629048
2025-11-20,Goga Bitadze,PTS,5.933333333333334,UNDER,0.5269,0.0063790000000000235,10,0,C,6.154381287347178,3.7505555144093874,6.6,6.0,-0.30000000000000004,16.666666666666668,0.9199999999999999,0.8,0.6,0.5333333333333333,0.5882352941176471,0.5757558558679108,0.6094122770911469,0.9623991505324059,1.0271587743732593,1.004,1.001254924836918,1.0023529549021508,1.0278995539147822,1.0,1.0,1.0,85,1,0,-3.3200000000000003,1,227.78049999999996,118.0,118.0,100,1629048
2025-11-22,Goga Bitadze,PTS,6.066666666666666,UNDER,0.5155,-0.015395000000000103,6,1,D,5.96041455773593,3.8631346758570975,7.2,6.4,-0.021739130434782483,16.466666666666665,0.931174089068826,0.4,0.4,0.3333333333333333,0.4883720930232558,0.3694802752485918,0.6481318771432089,0.9857198146255297,0.9932103064066854,0.98,0.9902141096942231,0.9861284658165338,1.0294509151414308,1.0,1.0,1.0,86,1,0,0.9600000000000002,1,230.483,114.1,114.1,100,1629048
2025-11-25,Goga Bitadze,PTS,6.266666666666667,UNDER,0.5931,0.13282099999999986,10,0,A,5.965362738018939,3.7695522027853405,6.4,5.5,0.13953488372093026,16.6,0.9839357429718874,0.2,0.3,0.3333333333333333,0.4827586206896552,0.3343195782711514,0.6319066196529712,0.9950480802627792,0.9853760445682453,0.989,0.9892448588460588,0.9891469153076353,0.968437336762165,1.02,1.0,1.0,87,0,0,0.96,2,231.564,113.2,113.2,100,1629048
2025-11-28,Goga Bitadze,PTS,6.733333333333333,UNDER,0.5541,0.05833100000000002,4,1,A,6.739560023243712,3.7695522027853405,7.2,6.1,0.23809523809523814,16.8,1.0912698412698412,0.4,0.4,0.4,0.48863636363636365,0.4249997493511596,0.5593172536166651,1.0052694777163613,0.9636142061281339,0.965,0.9802763147634248,0.9741657888580548,0.9720228447943196,1.02,1.0,1.0,88,0,0,3.2399999999999998,2,232.74849999999998,110.7,110.7,100,1629048
2025-12-01,Goga Bitadze,PTS,6.666666666666667,OVER,0.5452,0.04133199999999998,8,1,B,7.071784089031098,3.811011614231781,7.2,6.5,0.045454545454545414,16.8,1.0515873015873016,0.4,0.4,0.4,0.48314606741573035,0.38455567586883327,0.5389038418385771,1.030674116047594,1.0201949860724235,1.034,1.0243866380624918,1.028231982837495,1.0280928376391514,1.02,1.0,1.0,89,1,0,-3.12,2,235.69249999999997,117.2,117.2,100,1629048
2025-12-03,Goga Bitadze,PTS,6.533333333333333,OVER,0.58,0.1077999999999999,8,1,A,6.648075822947931,3.7199590371528606,7.6,7.1,0.09090909090909083,16.2,1.0699588477366255,0.6,0.5,0.4,0.4888888888888889,0.4431229468082689,0.5595542433966003,1.0000099236868483,0.9749303621169918,0.973,0.9849621867449343,0.9801773120469606,1.0281940263166796,1.0,1.0,1.0,90,1,0,0.9600000000000002,1,232.139,112.0,112.0,100,1629048
2025-12-05,Goga Bitadze,PTS,6.666666666666667,OVER,0.5805,0.10875499999999994,8,1,A,8.03147066872657,3.735288603626359,7.2,7.2,0.18181818181818188,16.6,1.0240963855421685,0.6,0.5,0.4666666666666667,0.4945054945054945,0.5234491084119,0.46508152213903403,1.037422223104328,0.9758008356545962,1.008,1.000449390634489,1.0034696343806933,1.0282738095238095,1.0,1.0,1.0,91,1,0,-1.16,1,236.47449999999998,112.1,112.1,100,1629048
2025-12-07,Goga Bitadze,PTS,6.2,OVER,0.5868,0.1207879999999999,2,0,A,6.543264884011478,2.980891525318271,7.6,7.0,0.6363636363636362,16.6,1.1445783132530118,0.8,0.5,0.4666666666666667,0.5,0.5687989216926891,0.45556638439047514,0.9857198146255297,0.9932103064066854,0.98,0.9902141096942231,0.9861284658165338,0.9677122769064359,1.0,1.0,1.0,92,0,0,3.3600000000000003,1,230.483,114.1,114.1,100,1629048
2025-12-09,Goga Bitadze,PTS,6.066666666666666,OVER,0.6009,0.14771899999999993,7,1,A,5.435621518555763,3.1274514194392182,6.0,6.6,0.3142857142857143,16.533333333333335,1.0282258064516128,0.6,0.5,0.4666666666666667,0.4946236559139785,0.5146705476860507,0.5753622485971351,1.037422223104328,0.9758008356545962,1.008,1.000449390634489,1.0034696343806933,1.0324259533798061,1.0,1.0,1.0,93,1,0,-1.16,1,236.47449999999998,112.1,112.1,100,1629048
2025-12-13,Goga Bitadze,PTS,6.533333333333333,OVER,0.5597,0.06902699999999995,0,0,A,5.901036456213433,2.6421491973301547,6.6,6.9,0.04444444444444451,16.666666666666668,0.9799999999999999,0.8,0.6,0.5333333333333333,0.5,0.5881880548568194,0.44774324255328607,0.9857198146255297,0.9932103064066854,0.98,0.9902141096942231,0.9861284658165338,1.0318042813455657,1.03,1.0,1.0,94,1,0,0.9600000000000002,3,230.483,114.1,114.1,100,1629048
2025-12-18,Goga Bitadze,PTS,6.4,UNDER,0.6314,0.20597399999999988,6,1,A,5.838075967879604,2.922816645439317,5.0,6.3,-0.24489795918367352,16.533333333333335,0.846774193548387,0.6,0.6,0.5333333333333333,0.49473684210526314,0.5322145608762379,0.5006472443182146,0.9973305282378511,1.0045264623955434,0.98,1.0016480887324666,0.9929888532394799,0.9687934389769252,1.03,1.0,1.0,95,0,0,4.0,4,231.8285,115.4,115.4,100,1629048
2025-12-20,Goga Bitadze,PTS,6.333333333333333,UNDER,0.5518,0.05393799999999982,5,1,A,6.263117913110364,2.919556391613206,4.6,5.9,-0.2500000000000001,16.6,0.9839357429718874,0.4,0.5,0.4666666666666667,0.4895833333333333,0.4542353457190174,0.46615063489413183,1.0237275352538975,1.0576253481894151,1.07,1.044066223015208,1.054439733809125,0.9686868686868687,1.0,1.0,1.0,96,0,0,-2.16,1,234.8875,121.5,121.5,100,1629048
2025-12-22,Goga Bitadze,PTS,6.0,UNDER,0.5997,0.14542699999999997,2,1,A,5.565492919017288,2.7516228977511745,4.0,5.8,-0.21739130434782605,16.6,0.9638554216867469,0.2,0.5,0.4,0.4845360824742268,0.3836768340156876,0.4944077618621847,1.000208397423811,0.9662256267409473,0.97,0.9798187350140928,0.9758912410084557,0.9677182085648905,1.0,1.0,1.0,97,0,0,1.6,1,232.16199999999998,111.0,111.0,100,1629048
2025-04-06,Jaylen Brown,PTS,21.466666666666665,UNDER,0.6587,0.2581169999999998,15,1,A,20.87245832089593,8.484158908280325,20.4,19.5,-0.31818181818181823,32.733333333333334,0.8859470468431772,0.6,0.5,0.6,0.5901639344262295,0.5960658003369225,0.40647626541367315,1.0123152953785393,1.0680710306406687,1.07,1.0457687365358168,1.0554612419214902,1.0497128144186967,1.0,0.9199999999999999,1.0,61,1,0,-8.959999999999999,1,228.14849999999996,122.7,122.7,100,1627759
2025-04-08,Jaylen Brown,PTS,21.133333333333333,UNDER,0.7519,0.436129,6,1,A,20.67813628573822,8.642640689930253,21.6,19.2,-0.3131868131868132,32.4,0.8127572016460906,0.6,0.5,0.6,0.5806451612903226,0.5393426397563987,0.41796033116829356,0.9857198146255297,0.9932103064066854,0.982,0.9902141096942231,0.9869284658165338,0.9438115763546797,1.0,1.0,1.0,62,0,0,1.1600000000000001,1,225.06649999999996,114.1,114.1,100,1627759
2025-10-22,Jaylen Brown,PTS,19.933333333333334,UNDER,0.7279,0.3902889999999999,25,0,A,18.84336925002094,9.429942180300445,18.0,16.7,-0.2678571428571428,31.4,0.7643312101910829,0.4,0.4,0.5333333333333333,0.6507936507936508,0.4606850982084988,0.5004382207438813,0.9950480802627792,0.9853760445682453,0.989,0.9892448588460588,0.9891469153076353,1.052701338045948,1.03,1.0,1.0,63,1,0,-3.6399999999999997,196,226.14749999999995,113.2,113.2,100,1627759
2025-10-24,Jaylen Brown,PTS,20.0,UNDER,0.7467,0.42619700000000005,23,0,A,21.367087672369735,9.464218328601078,20.2,16.6,-0.08552631578947367,31.6,0.8438818565400844,0.6,0.4,0.5333333333333333,0.625,0.512007696754661,0.4429344079885755,0.9857198146255297,0.9932103064066854,0.982,0.9902141096942231,0.9869284658165338,0.9373470327380231,1.0,1.0,1.0,64,0,0,1.1600000000000001,1,225.06649999999996,114.1,114.1,100,1627759
2025-10-26,Jaylen Brown,PTS,19.066666666666666,UNDER,0.6356,0.21399600000000008,41,0,A,19.547194507244967,8.284811116621503,20.0,17.9,0.11290322580645151,31.666666666666668,0.9789473684210526,0.6,0.5,0.5333333333333333,0.6615384615384615,0.5584463043100665,0.4238363266683013,1.0052694777163613,0.9636142061281339,0.945,0.9802763147634248,0.9661657888580548,0.9397763946519133,1.0,1.0,1.0,65,0,0,1.0399999999999998,1,227.332,110.7,110.7,100,1627759
2025-10-27,Jaylen Brown,PTS,20.333333333333332,UNDER,0.5003,-0.044427000000000105,15,1,D,21.689059938885066,10.03327796219494,22.0,21.2,0.30952380952380953,31.533333333333335,1.120507399577167,0.6,0.6,0.5333333333333333,0.6363636363636364,0.6004656940676847,0.4625962577661955,1.0108267423513184,1.0332520891364905,1.038,1.0242819504224216,1.029769170253453,0.9495737249712562,0.95,1.0,1.0,66,0,1,-4.32,0,227.976,118.7,118.7,100,1627759
2025-10-29,Jaylen Brown,PTS,20.133333333333333,OVER,0.611,0.16700999999999988,30,1,A,22.607067025125843,10.112698288126007,22.0,21.8,0.278688524590164,30.466666666666665,1.0284463894967177,0.6,0.6,0.5333333333333333,0.6268656716417911,0.5433238282393742,0.4473246475045435,1.0140023221427226,0.9975626740947077,1.029,1.0041385333139137,1.014083119988348,1.0473939509225794,1.0,1.0,1.0,67,1,0,-3.12,1,228.344,114.6,114.6,100,1627759
2025-10-31,Jaylen Brown,PTS,20.066666666666666,OVER,0.5312,0.014591999999999994,32,1,C,22.856514578292263,10.038971679457632,26.8,22.4,0.34782608695652173,29.8,1.017897091722595,0.8,0.6,0.5333333333333333,0.6323529411764706,0.586782311865569,0.439217083823972,0.9950480802627792,0.9853760445682453,0.989,0.9892448588460588,0.9891469153076353,0.9459448433420365,1.0,1.0,1.0,68,0,0,-1.2399999999999998,1,226.14749999999995,113.2,113.2,100,1627759
2025-11-01,Jaylen Brown,PTS,20.466666666666665,OVER,0.5685,0.085835,12,0,A,21.84050923618861,10.40512694140089,28.2,24.2,0.43333333333333357,29.4,0.9977324263038548,0.8,0.7,0.5333333333333333,0.6376811594202898,0.626105173981653,0.47641411786132376,0.9642846510335521,0.982764623955432,0.955,0.97537263478668,0.967223580872008,1.0447303921568627,0.95,1.0,1.0,69,1,1,-0.6399999999999999,0,222.58249999999998,112.9,112.9,100,1627759
2025-11-03,Jaylen Brown,PTS,20.6,OVER,0.6561,0.253151,36,1,A,20.340577954187893,10.273405333328242,26.0,23.0,0.42399999999999993,28.333333333333332,1.0117647058823531,0.6,0.6,0.5333333333333333,0.6285714285714286,0.5665233890445143,0.505069489985316,1.0237275352538975,1.0576253481894151,1.101,1.044066223015208,1.066839733809125,1.0407977774729043,1.0,1.0,1.0,70,1,0,-6.76,1,229.47099999999998,121.5,121.5,100,1627759
2025-11-05,Jaylen Brown,PTS,22.466666666666665,OVER,0.5859,0.11906899999999987,35,1,A,22.432939523652976,10.363856608884737,25.0,23.5,0.5365853658536583,29.266666666666666,1.0478359908883828,0.6,0.6,0.6,0.5492957746478874,0.6351064459494398,0.4619928029475242,1.0123152953785393,1.0680710306406687,1.07,1.0457687365358168,1.0554612419214902,1.0430243567977016,1.0,0.95,1.0,71,1,0,-8.959999999999999,1,228.14849999999996,122.7,122.7,100,1627759
2025-11-07,Jaylen Brown,PTS,24.2,UNDER,0.5335,0.01898499999999992,32,0,C,26.027829289274905,10.122111580947072,29.0,25.5,0.446043165467626,29.266666666666666,0.979498861047836,0.8,0.6,0.4666666666666667,0.4166666666666667,0.569232184944534,0.3888957265106244,1.0031855034782524,0.9845055710306407,0.979,0.9919775440096854,0.9867865264058113,0.9470938897168405,1.0,1.0,1.0,72,0,0,-1.0,1,227.0905,113.1,113.1,100,1627759
2025-11-09,Jaylen Brown,PTS,24.733333333333334,OVER,0.5796,0.10703599999999991,27,1,A,25.42501249072984,10.319653002656537,29.4,28.1,0.3913043478260869,29.8,1.1185682326621924,0.8,0.7,0.5333333333333333,0.4246575342465753,0.6375574658376,0.40588585773238706,1.0031855034782524,0.9845055710306407,0.979,0.9919775440096854,0.9867865264058113,0.9520460358056266,1.0,1.0,1.0,73,0,0,-1.0,1,227.0905,113.1,113.1,100,1627759
2025-11-11,Jaylen Brown,PTS,25.6,OVER,0.5715,0.09156500000000001,24,0,A,26.97122406677431,9.890832696420025,28.4,28.3,0.23636363636363633,30.066666666666666,1.06430155210643,0.8,0.7,0.5333333333333333,0.35135135135135137,0.6543173866187589,0.3667179758668974,0.9950480802627792,0.9853760445682453,0.989,0.9892448588460588,0.9891469153076353,0.954831686484676,1.0,1.0,1.0,74,0,0,-1.2399999999999998,1,226.14749999999995,113.2,113.2,100,1627759
2025-11-12,Jaylen Brown,PTS,25.6,OVER,0.6228,0.18954799999999994,19,0,A,27.544357754597513,9.890832696420025,30.8,28.4,0.26923076923076916,30.466666666666665,1.148796498905908,0.8,0.7,0.5333333333333333,0.3466666666666667,0.5920508546841546,0.35908743215365463,1.0086435312447282,0.9897284122562676,1.001,0.9972944598516518,0.9987766759109911,1.0402401067140952,0.95,1.0,1.0,75,1,1,-4.279999999999999,0,227.72299999999996,113.7,113.7,100,1627759
2025-11-16,Jaylen Brown,PTS,24.8,OVER,0.6301,0.20349099999999998,33,1,A,24.317372015455703,9.908149603807392,27.4,26.2,0.19354838709677424,30.266666666666666,1.0352422907488987,0.6,0.6,0.5333333333333333,0.42105263157894735,0.5452722137691081,0.4074514958898495,0.9623991505324059,1.0271587743732593,1.014,1.001254924836918,1.0063529549021508,1.0382790165809035,1.03,1.0,1.0,76,1,0,-5.5200000000000005,3,222.364,118.0,118.0,100,1627759
2025-11-18,Jaylen Brown,PTS,26.0,OVER,0.5509,0.052218999999999904,29,1,A,24.18829618987661,9.72478424292429,27.0,28.0,0.19767441860465107,31.4,1.0509554140127388,0.6,0.7,0.5333333333333333,0.33766233766233766,0.5824938366412384,0.4020450289919283,0.9727197848544692,1.00974930362117,1.013,0.9949374961144897,1.0021624976686938,0.9549039780521262,1.0,1.0,1.0,77,0,0,-3.28,1,223.55999999999995,116.0,116.0,100,1627759
2025-11-21,Jaylen Brown,PTS,27.533333333333335,OVER,0.5729,0.09423899999999985,26,0,A,27.353501627174865,8.00773435647122,26.4,27.9,0.1179775280898876,32.06666666666667,0.9979209979209979,0.4,0.6,0.5333333333333333,0.3076923076923077,0.5674463273311845,0.29274988137225477,0.9727197848544692,1.00974930362117,1.013,0.9949374961144897,1.0021624976686938,1.037851342069467,1.02,1.0,1.0,78,1,0,-5.68,2,223.55999999999995,116.0,116.0,100,1627759
2025-11-23,Jaylen Brown,PTS,27.6,OVER,0.5637,0.07666699999999993,35,1,A,26.914446296300866,7.989278529915667,26.2,27.3,0.005291005291005346,31.8,1.079664570230608,0.4,0.5,0.5333333333333333,0.3037974683544304,0.513446669696337,0.2968397878953845,1.0031855034782524,0.9845055710306407,0.979,0.9919775440096854,0.9867865264058113,1.0375612411540556,1.0,1.0,1.0,79,1,0,-3.4,1,227.0905,113.1,113.1,100,1627759
2025-11-26,Jaylen Brown,PTS,28.4,OVER,0.6314,0.20597399999999988,33,1,A,30.35394915655752,8.095854318282733,28.4,29.6,-0.03980099502487555,31.933333333333334,1.0542797494780793,0.6,0.6,0.6,0.25,0.5870806442566159,0.26671502533414976,1.0052694777163613,0.9636142061281339,0.945,0.9802763147634248,0.9661657888580548,1.0391572252037369,1.02,1.0,1.0,80,1,0,-1.36,2,227.332,110.7,110.7,100,1627759
2025-11-29,Jaylen Brown,PTS,27.866666666666667,OVER,0.5427,0.036556999999999895,41,1,B,27.176426354785008,7.443757371752777,31.2,29.3,0.03645833333333326,31.866666666666667,1.0774058577405858,0.8,0.6,0.6,0.32098765432098764,0.6263751162920844,0.27390493785221837,1.0027885560043268,0.9766713091922007,0.967,0.9871182079170511,0.9790709247502306,0.9522025962970845,1.02,1.0,1.0,81,0,0,0.16000000000000014,2,227.0445,112.2,112.2,100,1627759
2025-11-30,Jaylen Brown,PTS,29.6,UNDER,0.5348,0.021468000000000043,19,1,B,30.928380266515433,7.258492562902732,32.8,29.9,0.05882352941176472,32.86666666666667,1.1156186612576064,0.6,0.5,0.6,0.23170731707317074,0.60715175111057,0.2346871223243827,1.0140023221427226,0.9975626740947077,1.029,1.0041385333139137,1.014083119988348,0.9590793530589063,0.95,1.0,1.0,82,0,1,-0.72,0,228.344,114.6,114.6,100,1627759
2025-12-02,Jaylen Brown,PTS,28.866666666666667,OVER,0.5689,0.08659899999999987,42,1,A,29.707200360678144,7.75395444426968,30.8,28.6,0.09090909090909105,33.266666666666666,1.1122244488977957,0.6,0.5,0.6,0.26506024096385544,0.5963382230679273,0.26101262825605004,0.9857198146255297,0.9932103064066854,0.982,0.9902141096942231,0.9869284658165338,1.0366296553319454,1.0,1.0,1.0,83,1,0,-1.2399999999999998,1,225.06649999999996,114.1,114.1,100,1627759
2025-12-05,Jaylen Brown,PTS,29.533333333333335,OVER,0.6641,0.268431,30,1,A,28.545124040821975,8.441958698469607,34.0,30.1,0.21621621621621645,33.8,1.153846153846154,0.8,0.5,0.5333333333333333,0.23809523809523808,0.5675251015592103,0.2957408307771542,0.9876053151266759,1.0280292479108637,1.038,1.0118596747971886,1.0223158048783132,1.039445274871284,1.02,1.0,1.0,84,1,0,-4.24,2,225.28499999999997,118.1,118.1,100,1627759
2025-12-07,Jaylen Brown,PTS,30.733333333333334,UNDER,0.5453,0.04152299999999998,30,1,B,31.96539506544491,6.9123767534005545,33.0,30.7,0.09708737864077666,34.6,1.0789980732177264,0.6,0.5,0.5333333333333333,0.21176470588235294,0.5135179475654317,0.21624562246918516,0.9889946312854152,0.9792827298050141,0.948,0.9831674903971745,0.9691004942383047,0.953123623226716,1.0,1.0,1.0,85,0,0,-1.2,1,225.44599999999997,112.5,112.5,100,1627759
2025-12-11,Jaylen Brown,PTS,30.333333333333332,OVER,0.6052,0.15593199999999985,30,0,A,31.584786868525725,6.757711644237764,32.4,31.8,0.1557788944723617,34.666666666666664,1.0865384615384615,0.4,0.5,0.4666666666666667,0.20930232558139536,0.4373179504048508,0.2139546381100273,0.9885976838114898,1.0106197771587744,0.999,1.0018109398198605,1.0006865638919162,0.956107885824867,1.03,1.0,1.0,86,0,0,-3.04,3,225.39999999999998,116.1,116.1,100,1627759
2025-12-15,Jaylen Brown,PTS,30.0,OVER,0.5752,0.09863200000000005,34,1,A,30.9818870687443,6.6332495807108,30.2,31.5,0.1842105263157896,34.86666666666667,0.9751434034416826,0.2,0.4,0.4,0.20689655172413793,0.36836934171972335,0.2141008895291815,1.0052694777163613,0.9636142061281339,0.945,0.9802763147634248,0.9661657888580548,1.0366361883435964,1.03,1.0,1.0,87,1,0,-1.36,3,227.332,110.7,110.7,100,1627759
2025-12-19,Jaylen Brown,PTS,30.133333333333333,OVER,0.7065,0.34941500000000003,30,0,A,30.684482116458412,6.69612538996211,33.2,32.0,0.17098445595854916,35.13333333333333,1.0246679316888045,0.4,0.5,0.4,0.2159090909090909,0.428476946009321,0.21822513948737857,1.037422223104328,0.9758008356545962,0.993,1.000449390634489,0.9974696343806934,1.0377157862156414,1.03,1.0,1.0,88,1,0,-3.3600000000000003,3,231.058,112.1,112.1,100,1627759
2025-12-22,Jaylen Brown,PTS,30.333333333333332,OVER,0.6348,0.212468,31,1,A,30.1941204106854,6.6404245417923455,30.8,32.4,0.08040201005025138,35.2,0.9848484848484848,0.2,0.5,0.4,0.21348314606741572,0.3877019735150073,0.21992442407570068,1.0028877928728082,1.013231197771588,0.966,1.009093835812076,0.9918563014872457,1.037974317445627,1.02,1.0,1.0,89,1,0,-7.44,2,227.05599999999998,116.4,116.4,100,1627759
2025-12-26,Jaylen Brown,PTS,30.8,OVER,0.5638,0.07685799999999987,30,0,A,29.620186290656875,6.405354902624165,31.0,32.0,0.05092592592592604,35.06666666666667,1.026615969581749,0.4,0.5,0.4666666666666667,0.2222222222222222,0.47330213803218524,0.21624964947113154,1.0028877928728082,1.013231197771588,0.966,1.009093835812076,0.9918563014872457,0.9541458963859712,1.03,1.0,1.0,90,0,0,-5.04,3,227.05599999999998,116.4,116.4,100,1627759
2025-04-09,Cole Anthony,PTS,10.266666666666667,UNDER,0.7424,0.4179839999999998,18,0,A,8.709765995225553,6.32982358890567,5.8,9.5,-0.06578947368421062,22.133333333333333,0.6475903614457832,0.0,0.3,0.4,0.34375,0.30761752843948614,0.7267501322510272,0.9564449384235232,0.9949512534818943,0.973,0.9795487274585458,0.9769292364751274,1.006558118498417,0.95,1.0,1.0,64,1,1,1.0,0,227.0905,114.3,114.3,100,1630175
2025-04-11,Cole Anthony,PTS,11.0,UNDER,0.7005,0.337955,7,1,A,10.680648128253779,6.557438524302,7.6,10.7,-0.09210526315789469,22.4,0.6845238095238096,0.2,0.3,0.4,0.3230769230769231,0.3510360316687307,0.613955112607394,1.0028877928728082,1.013231197771588,0.966,1.009093835812076,0.9918563014872457,0.9862085086489014,1.0,1.0,1.0,65,0,0,-2.84,1,232.4725,116.4,116.4,100,1630175
2025-04-13,Cole Anthony,PTS,10.6,UNDER,0.6421,0.22641099999999992,2,1,A,10.760302367176337,6.609516947986009,8.6,10.3,-0.3493975903614458,22.266666666666666,0.7784431137724551,0.2,0.3,0.4,0.3484848484848485,0.3353615831160485,0.6142501132819416,1.0223382190951582,1.0053969359331478,1.026,1.012173449197952,1.0177040695187711,0.9844247611464968,1.0,1.0,1.0,66,0,0,0.15999999999999998,1,234.7265,115.5,115.5,100,1630175
2025-10-22,Cole Anthony,PTS,9.6,UNDER,0.5093,-0.027237000000000067,9,1,D,9.665264571279295,6.706074005812088,7.2,9.8,-0.46590909090909094,21.0,0.8730158730158729,0.2,0.3,0.3333333333333333,0.3880597014925373,0.2761154055897975,0.6938324301788328,1.0123152953785393,1.0680710306406687,1.07,1.0457687365358168,1.0554612419214902,1.020798319327731,1.03,1.0,1.0,67,1,0,-4.720000000000001,191,231.87449999999998,122.7,122.7,100,1630175
2025-10-24,Cole Anthony,PTS,9.066666666666666,UNDER,0.6533,0.24780299999999988,23,0,A,7.962900735006542,6.385996584790222,7.4,8.7,-0.32499999999999996,19.533333333333335,0.7679180887372014,0.2,0.2,0.26666666666666666,0.38235294117647056,0.22250724728844454,0.8019686289339353,0.9889946312854152,0.9792827298050141,0.948,0.9831674903971745,0.9691004942383047,0.9788732394366197,1.0,1.0,1.0,68,0,0,3.04,1,229.172,112.5,112.5,100,1630175
2025-10-28,Cole Anthony,PTS,10.266666666666667,UNDER,0.6324,0.20788399999999985,4,1,A,9.977471956869294,7.205817755384153,11.8,8.8,-0.11688311688311692,19.933333333333334,0.8695652173913043,0.4,0.2,0.3333333333333333,0.34782608695652173,0.323827768480185,0.7222087705716966,0.9857198146255297,0.9932103064066854,0.982,0.9902141096942231,0.9869284658165338,1.0092360811394046,1.03,1.0,1.0,69,1,0,3.0,3,228.79249999999996,114.1,114.1,100,1630175
2025-10-30,Cole Anthony,PTS,10.133333333333333,UNDER,0.5926,0.13186599999999993,16,0,A,9.904957030953483,7.30818197703942,9.0,8.3,-0.20000000000000007,20.133333333333333,1.0430463576158941,0.2,0.2,0.3333333333333333,0.34285714285714286,0.2930114819199571,0.7378307603153642,1.000208397423811,0.9662256267409473,0.952,0.9798187350140928,0.9686912410084557,1.0050884217550884,1.0,1.0,1.0,70,1,0,1.2399999999999998,1,230.47150000000002,111.0,111.0,100,1630175
2025-11-01,Cole Anthony,PTS,10.466666666666667,UNDER,0.5009,-0.043281000000000014,3,1,D,10.127102147130017,7.46292423217857,10.8,9.7,0.025974025974025983,19.8,1.2121212121212122,0.4,0.3,0.3333333333333333,0.352112676056338,0.36029033471938465,0.7369259363394033,1.0066587938751006,1.0393454038997216,1.037,1.0262707598898733,1.030562455933924,1.00927320282159,1.0,1.0,1.0,71,1,0,-3.7600000000000002,1,231.219,119.4,119.4,100,1630175
2025-11-03,Cole Anthony,PTS,10.2,UNDER,0.5569,0.06367899999999982,11,0,A,10.990353957340176,7.664388895590903,11.0,9.1,-0.09859154929577463,19.133333333333333,1.0104529616724738,0.4,0.3,0.3333333333333333,0.3472222222222222,0.3260041762107997,0.6973741633200135,1.0028877928728082,1.013231197771588,0.966,1.009093835812076,0.9918563014872457,0.9946328896522112,1.0,1.0,1.0,72,0,0,-0.8,1,230.78199999999998,116.4,116.4,100,1630175
2025-11-04,Cole Anthony,PTS,9.6,UNDER,0.5645,0.0781949999999999,12,0,A,11.261427340149794,7.179335424874446,11.4,9.4,-0.014492753623188581,19.066666666666666,0.9965034965034966,0.6,0.4,0.3333333333333333,0.3972602739726027,0.39014335903556036,0.6375155837731445,0.9889946312854152,0.9792827298050141,0.948,0.9831674903971745,0.9691004942383047,0.9959564860426928,0.95,1.0,1.0,73,0,1,3.04,0,229.172,112.5,112.5,100,1630175
2025-11-07,Cole Anthony,PTS,8.933333333333334,OVER,0.6444,0.2308039999999999,11,1,A,9.599609344029659,6.363586889108853,9.2,10.5,0.4444444444444444,18.6,1.075268817204301,0.6,0.6,0.5333333333333333,0.5,0.5825071273410549,0.6629006099156103,1.030674116047594,1.0201949860724235,1.037,1.0243866380624918,1.029431982837495,1.001969967291109,1.02,1.0,1.0,74,1,0,-1.0799999999999998,2,234.002,117.2,117.2,100,1630175
2025-11-09,Cole Anthony,PTS,9.066666666666666,OVER,0.5379,0.027389000000000052,12,1,B,8.830121479855961,6.385996584790222,10.6,9.8,0.7021276595744681,18.0,1.2777777777777777,0.8,0.5,0.4,0.41333333333333333,0.5280239164589556,0.7232059716685112,0.9642846510335521,0.982764623955432,0.955,0.97537263478668,0.967223580872008,1.0028351342676793,1.0,1.0,1.0,75,1,0,3.6,1,226.3085,112.9,112.9,100,1630175
2025-11-10,Cole Anthony,PTS,9.733333333333333,OVER,0.507,-0.03163000000000005,4,0,D,10.170892991043956,6.111659427060784,9.8,10.3,0.2777777777777779,18.8,1.1347517730496453,0.8,0.6,0.4666666666666667,0.42105263157894735,0.6002706825793767,0.6008970335684825,1.0145977433536109,0.9845055710306407,0.974,0.9965424399598288,0.9875254639758972,0.9952880376956985,0.95,1.0,1.0,76,0,1,1.24,0,232.139,113.1,113.1,100,1630175
2025-11-12,Cole Anthony,PTS,9.4,OVER,0.5691,0.08698100000000009,4,0,A,9.264597553424892,6.288311151879902,10.0,10.5,0.014705882352941346,18.666666666666668,1.0178571428571428,0.8,0.6,0.4666666666666667,0.4155844155844156,0.5431473745478061,0.6787462828922632,0.9908801317865614,1.021065459610028,1.048,1.0089913284806413,1.0245947970883846,0.9912483912483914,1.0,1.0,1.0,77,0,0,1.56,1,229.39049999999997,117.3,117.3,100,1630175
2025-11-14,Cole Anthony,PTS,9.133333333333333,UNDER,0.508,-0.029720000000000024,10,0,D,7.66198616307679,6.435023217481333,8.6,10.0,-0.109375,18.733333333333334,0.8896797153024911,0.6,0.6,0.4666666666666667,0.41025641025641024,0.4914600679988473,0.8398635915700021,0.9908801317865614,1.021065459610028,1.048,1.0089913284806413,1.0245947970883846,1.0119079837618403,1.0,1.0,1.0,78,1,0,-0.8400000000000001,1,229.39049999999997,117.3,117.3,100,1630175
2025-11-15,Cole Anthony,PTS,9.733333333333333,UNDER,0.6405,0.22335499999999986,0,1,A,10.248112726247882,6.029293569928483,8.2,8.7,-0.1898734177215191,19.333333333333332,0.8793103448275863,0.6,0.6,0.5333333333333333,0.4177215189873418,0.5671863443452742,0.5883320891353987,0.9876053151266759,1.0280292479108637,1.038,1.0118596747971886,1.0223158048783132,1.011934612002996,0.95,1.0,1.0,79,1,1,-0.0,0,229.01099999999997,118.1,118.1,100,1630175
2025-11-17,Cole Anthony,PTS,8.533333333333333,UNDER,0.5741,0.09653100000000003,4,1,A,7.482826684342626,6.057659456856096,6.0,8.3,-0.171875,19.066666666666666,0.9090909090909091,0.4,0.6,0.5333333333333333,0.5,0.5227738744333471,0.809541596029665,1.0140023221427226,0.9975626740947077,1.029,1.0041385333139137,1.014083119988348,0.9932892980113835,1.0,1.0,1.0,80,0,0,3.5200000000000005,1,232.07,114.6,114.6,100,1630175
2025-11-20,Cole Anthony,PTS,8.333333333333334,UNDER,0.5582,0.06616200000000005,5,1,A,6.372804280106948,6.1605503773916945,4.4,7.1,-0.33823529411764697,19.2,1.0243055555555556,0.2,0.5,0.5333333333333333,0.49382716049382713,0.4730253627589247,0.966693798618951,0.9950480802627792,0.9853760445682453,0.989,0.9892448588460588,0.9891469153076353,1.0096755833807627,1.02,1.0,1.0,81,1,0,0.6,2,229.87349999999998,113.2,113.2,100,1630175
2025-11-22,Cole Anthony,PTS,8.533333333333333,UNDER,0.5808,0.10932799999999987,4,1,A,7.14574044126357,5.986492732652002,4.6,7.3,-0.5,19.733333333333334,1.0304054054054053,0.2,0.5,0.5333333333333333,0.4878048780487805,0.4280110479043085,0.8377708065188861,1.0052694777163613,0.9636142061281339,0.945,0.9802763147634248,0.9661657888580548,1.006933791495367,1.0,1.0,1.0,82,1,0,2.88,1,231.058,110.7,110.7,100,1630175
2025-11-24,Cole Anthony,PTS,8.2,UNDER,0.6097,0.16452699999999998,16,0,A,8.641596278445604,6.096837587752241,4.6,6.6,-0.6125,19.866666666666667,0.9563758389261745,0.2,0.4,0.4666666666666667,0.4819277108433735,0.3599481080912203,0.7055221502258032,1.0176740862765334,1.0149721448467968,1.02,1.0160529214186913,1.0176317528512149,1.0037729658792651,1.0,1.0,1.0,83,1,0,-1.2,1,232.4955,116.6,116.6,100,1630175
2025-11-26,Cole Anthony,PTS,7.733333333333333,UNDER,0.6058,0.15707799999999994,2,1,A,6.997654282607073,5.06340747304572,5.8,7.0,-0.37681159420289856,19.266666666666666,0.9169550173010381,0.2,0.4,0.4666666666666667,0.5238095238095238,0.4208570987162287,0.7235864003214628,1.037422223104328,0.9758008356545962,0.993,1.000449390634489,0.9974696343806934,0.9913980620921494,1.0,1.0,1.0,84,0,0,3.28,1,234.78400000000002,112.1,112.1,100,1630175
2025-11-28,Cole Anthony,PTS,7.6,UNDER,0.701,0.3389099999999998,7,1,A,7.992153262144029,5.193402408000806,6.2,6.1,-0.4057971014492754,18.4,0.7789855072463769,0.2,0.3,0.4666666666666667,0.5176470588235295,0.3808072505644974,0.649812664704529,0.9857198146255297,0.9932103064066854,0.982,0.9902141096942231,0.9869284658165338,0.9862980769230769,1.0,1.0,1.0,85,0,0,5.4,1,228.79249999999996,114.1,114.1,100,1630175
2025-11-29,Cole Anthony,PTS,7.0,UNDER,0.7391,0.41168099999999985,2,1,A,6.113994525774615,4.644505202002531,6.8,5.6,-0.33333333333333326,17.466666666666665,0.6870229007633588,0.2,0.2,0.4,0.5116279069767442,0.3172363459847728,0.7596515146395382,0.9727197848544692,1.00974930362117,1.013,0.9949374961144897,1.0021624976686938,1.0135959339263025,0.95,1.0,1.0,86,1,1,-1.44,0,227.28599999999997,116.0,116.0,100,1630175
2025-12-01,Cole Anthony,PTS,6.933333333333334,UNDER,0.8003,0.528573,0,1,A,6.679215719961348,4.712698145385912,6.2,5.4,-0.375,16.933333333333334,0.45275590551181105,0.4,0.3,0.4666666666666667,0.5632183908045977,0.39788527199020435,0.7055765741031019,1.0123152953785393,1.0680710306406687,1.07,1.0457687365358168,1.0554612419214902,0.9894741723082631,1.0,1.0,1.0,87,0,0,-2.3200000000000003,1,231.87449999999998,122.7,122.7,100,1630175
2025-12-05,Cole Anthony,PTS,6.2,UNDER,0.7904,0.5096639999999999,0,1,A,5.97924756870475,4.887301329539062,5.4,5.0,-0.320754716981132,15.733333333333333,0.36016949152542377,0.4,0.3,0.4,0.5568181818181818,0.33268917879677234,0.8173773160220175,0.9950480802627792,0.9853760445682453,0.989,0.9892448588460588,0.9891469153076353,1.0152366782388274,1.03,1.0,1.0,88,1,0,0.6,3,229.87349999999998,113.2,113.2,100,1630175
2025-12-06,Cole Anthony,PTS,5.4,UNDER,0.7968,0.5218879999999998,3,1,A,5.096907808878086,4.852098220652293,2.2,4.0,-0.3111111111111111,14.2,0.25821596244131456,0.2,0.2,0.3333333333333333,0.5842696629213483,0.27369731416559556,0.951968998183689,1.0052694777163613,0.9636142061281339,0.945,0.9802763147634248,0.9661657888580548,0.9888043937473594,0.95,1.0,1.0,89,0,1,5.279999999999999,0,231.058,110.7,110.7,100,1630175
2025-12-11,Cole Anthony,PTS,4.866666666666666,UNDER,0.7722,0.47490199999999994,9,0,A,4.969728146506895,4.627042663464841,2.4,4.3,-0.23076923076923073,13.066666666666666,0.28061224489795916,0.2,0.3,0.3333333333333333,0.6222222222222222,0.2753597676313074,0.9310454268443396,0.9564449384235232,0.9949512534818943,0.973,0.9795487274585458,0.9769292364751274,1.0137814313346227,1.03,1.0,1.0,90,1,0,3.04,4,225.39999999999998,114.3,114.3,100,1630175
2025-12-14,Cole Anthony,PTS,4.666666666666667,UNDER,0.6361,0.2149509999999999,2,1,A,4.394041618284973,4.353433237386437,2.8,4.8,-0.25806451612903236,13.133333333333333,0.6345177664974619,0.2,0.4,0.3333333333333333,0.6263736263736264,0.34431840313853446,0.9907583076296883,0.9727197848544692,1.00974930362117,1.013,0.9949374961144897,1.0021624976686938,0.9848154922625787,1.02,1.0,1.0,91,0,0,0.96,2,227.28599999999997,116.0,116.0,100,1630175
2025-12-23,Cole Anthony,PTS,4.533333333333333,OVER,0.501,-0.04309000000000002,3,0,D,4.0947864159993514,4.405624111238249,2.8,4.5,-0.4651162790697675,13.333333333333334,1.0999999999999999,0.2,0.3,0.3333333333333333,0.6195652173913043,0.3115521748781362,1.0759106003732888,1.0028877928728082,1.013231197771588,0.966,1.009093835812076,0.9918563014872457,0.980414355258689,1.03,1.0,1.0,92,0,0,-0.8,8,230.78199999999998,116.4,116.4,100,1630175
2025-12-26,Cole Anthony,PTS,4.466666666666667,OVER,0.5069,-0.03182099999999999,0,0,D,4.767540996430853,4.421807430495018,3.4,4.4,-0.5365853658536585,12.4,1.075268817204301,0.2,0.3,0.3333333333333333,0.6129032258064516,0.2819040655002204,0.9274817843843056,1.0086435312447282,0.9897284122562676,1.001,0.9972944598516518,0.9987766759109911,0.976923076923077,1.02,1.0,1.0,93,0,0,2.3600000000000003,2,231.44899999999998,113.7,113.7,100,1630175
2025-04-08,Devin Booker,PTS,25.466666666666665,OVER,0.5284,0.009243999999999919,21,0,C,27.44044263329988,9.855141273660644,30.8,27.2,0.050561797752809,37.6,1.072695035460993,0.8,0.6,0.4666666666666667,0.5277777777777778,0.5625965684110638,0.3591465854016912,1.000208397423811,0.9662256267409473,0.952,0.9798187350140928,0.9686912410084557,0.9762109135499694,1.0,1.0,1.0,72,1,0,-0.6,1,230.87399999999997,111.0,111.0,100,1626164
2025-04-09,Devin Booker,PTS,25.266666666666666,UNDER,0.5888,0.12460799999999994,20,1,A,26.905254931614536,9.917276891989099,33.0,26.6,0.10526315789473695,37.06666666666667,0.9712230215827338,0.8,0.5,0.4666666666666667,0.5205479452054794,0.5090584263569581,0.3685999971825571,1.004674056505473,0.910515320334262,0.953,0.9481788148027464,0.9501072888816477,0.9754789272030651,0.95,1.0,1.0,73,1,1,3.84,0,231.39149999999995,104.6,104.6,100,1626164
2025-04-11,Devin Booker,PTS,24.866666666666667,UNDER,0.5604,0.07036399999999998,18,1,A,25.09756136899273,10.006188561275943,31.4,24.5,0.1890243902439026,37.06666666666667,0.989208633093525,0.6,0.4,0.4,0.527027027027027,0.43328280874889896,0.3986916662603835,1.0000099236868483,0.9749303621169918,0.987,0.9849621867449343,0.9857773120469606,0.9745406824146982,1.0,1.0,1.0,74,1,0,1.1600000000000001,1,230.851,112.0,112.0,100,1626164
2025-10-22,Devin Booker,PTS,24.8,UNDER,0.5792,0.10627200000000003,31,0,A,24.615167639084348,10.051297002306292,27.2,24.6,0.2767295597484276,36.46666666666667,0.8957952468007312,0.4,0.4,0.4,0.52,0.3920504979477222,0.4083375400761718,1.0066587938751006,1.0393454038997216,1.037,1.0262707598898733,1.030562455933924,0.973150504967567,1.03,1.0,1.0,75,1,0,-5.6,193,231.62149999999997,119.4,119.4,100,1626164
2025-10-24,Devin Booker,PTS,25.4,UNDER,0.5065,-0.03258500000000014,18,1,D,25.008470242983094,10.140442368485283,26.0,25.8,0.4013605442176871,36.4,0.9523809523809523,0.4,0.5,0.4666666666666667,0.5131578947368421,0.4772368456521494,0.40548031406801066,0.9623991505324059,1.0271587743732593,1.014,1.001254924836918,1.0063529549021508,1.026127970344961,1.0,1.0,1.0,76,0,0,-0.72,1,226.49249999999998,118.0,118.0,100,1626164
2025-10-25,Devin Booker,PTS,25.333333333333332,UNDER,0.6245,0.19279500000000005,31,0,A,25.211881972518768,10.188695883650851,21.6,26.2,0.1858974358974359,35.6,0.8614232209737828,0.2,0.5,0.4666666666666667,0.5064935064935064,0.4318217552115165,0.40412278205794566,0.9973305282378511,1.0045264623955434,0.996,1.0016480887324666,0.9993888532394799,1.0235334151809545,0.95,1.0,1.0,77,0,1,4.2,0,230.54049999999998,115.4,115.4,100,1626164
2025-10-27,Devin Booker,PTS,25.6,OVER,0.5996,0.14523600000000003,34,1,A,27.824470118293902,10.28730146484351,23.6,28.3,0.06547619047619047,35.93333333333333,0.9369202226345084,0.4,0.6,0.4666666666666667,0.5128205128205128,0.4858910640013852,0.3697213790993225,1.0237275352538975,1.0576253481894151,1.101,1.044066223015208,1.066839733809125,1.0242136794807788,1.0,1.0,1.0,78,0,0,-1.9600000000000002,1,233.59949999999998,121.5,121.5,100,1626164
2025-10-29,Devin Booker,PTS,25.133333333333333,OVER,0.5878,0.12269799999999997,32,1,A,25.357999823781483,9.679630059833798,26.4,28.9,0.054878048780487854,36.46666666666667,0.9963436928702011,0.6,0.6,0.4666666666666667,0.5189873417721519,0.5348149977617991,0.3817189891592299,1.0086435312447282,0.9897284122562676,1.001,0.9972944598516518,0.9987766759109911,0.9738428810593759,1.0,1.0,1.0,79,1,0,-1.8800000000000001,1,231.8515,113.7,113.7,100,1626164
2025-10-31,Devin Booker,PTS,26.133333333333333,OVER,0.6624,0.265184,36,1,A,26.458117473285938,9.55335892064496,29.2,28.2,-0.016042780748663166,36.266666666666666,1.0753676470588236,0.8,0.6,0.5333333333333333,0.4875,0.6064155070511138,0.36107477904619384,1.0237275352538975,1.0576253481894151,1.101,1.044066223015208,1.066839733809125,0.9760753987433543,1.0,1.0,1.0,80,1,0,-4.36,1,233.59949999999998,121.5,121.5,100,1626164
2025-11-02,Devin Booker,PTS,27.266666666666666,OVER,0.532,0.016120000000000023,28,1,C,26.976183720432346,9.654507952740202,30.2,28.1,0.058201058201058364,36.2,1.0957642725598524,0.8,0.6,0.6,0.4691358024691358,0.671202327006517,0.35789005786714256,1.0000099236868483,0.9749303621169918,0.987,0.9849621867449343,0.9857773120469606,0.9791205608018075,1.0,1.0,1.0,81,1,0,1.1600000000000001,1,230.851,112.0,112.0,100,1626164
2025-11-04,Devin Booker,PTS,28.2,UNDER,0.5665,0.08201499999999995,38,0,A,26.564425500424022,8.929885617568523,32.2,26.9,0.07692307692307687,36.266666666666666,1.0110294117647058,0.8,0.5,0.5333333333333333,0.3902439024390244,0.5739452298065316,0.3361595611177808,1.000208397423811,0.9662256267409473,0.952,0.9798187350140928,0.9686912410084557,1.0209095171120488,1.0,1.0,1.0,82,0,0,1.8,1,230.87399999999997,111.0,111.0,100,1626164
2025-11-06,Devin Booker,PTS,30.066666666666666,UNDER,0.5482,0.04706199999999999,24,1,B,30.42268096016528,7.6947724988802495,33.6,28.6,0.06896551724137923,36.266666666666666,1.0386029411764706,0.8,0.6,0.6,0.3614457831325301,0.6418220051816176,0.25292881021746894,0.9623991505324059,1.0271587743732593,1.014,1.001254924836918,1.0063529549021508,0.9774352394112873,1.0,1.0,1.0,83,1,0,-3.12,1,226.49249999999998,118.0,118.0,100,1626164
2025-11-08,Devin Booker,PTS,29.8,OVER,0.5091,-0.02761900000000006,21,0,D,31.10411779126889,7.839460622845354,31.6,29.0,0.08252427184466016,36.666666666666664,1.0090909090909093,0.6,0.6,0.6,0.36904761904761907,0.5807445660071971,0.25203931760591314,0.9623991505324059,1.0271587743732593,1.014,1.001254924836918,1.0063529549021508,1.023629090505028,1.0,1.0,1.0,84,0,0,-0.72,1,226.49249999999998,118.0,118.0,100,1626164
2025-11-10,Devin Booker,PTS,28.6,OVER,0.5806,0.10894599999999999,19,0,A,29.57123543988314,7.707139547199077,29.4,29.3,0.15135135135135136,36.333333333333336,1.0458715596330275,0.4,0.6,0.5333333333333333,0.38823529411764707,0.49814711025898645,0.2606296095699928,1.0108267423513184,1.0332520891364905,1.038,1.0242819504224216,1.029769170253453,0.97857547645034,1.0,1.0,1.0,85,1,0,-4.32,1,232.10449999999997,118.7,118.7,100,1626164
2025-11-12,Devin Booker,PTS,27.4,UNDER,0.516,-0.014440000000000008,26,1,D,28.654632451113457,7.707139547199077,26.0,28.1,0.10614525139664788,35.6,0.9550561797752809,0.4,0.6,0.5333333333333333,0.46511627906976744,0.5055206188499898,0.26896661684102646,1.0145977433536109,0.9845055710306407,0.974,0.9965424399598288,0.9875254639758972,1.0235858101629915,1.0,1.0,1.0,86,0,0,-0.6,1,232.54149999999996,113.1,113.1,100,1626164
2025-11-13,Devin Booker,PTS,26.466666666666665,UNDER,0.5316,0.01535599999999987,33,0,C,25.759060933691444,6.875075757158364,25.6,28.9,0.10982658959537561,35.46666666666667,0.9680451127819549,0.2,0.6,0.4666666666666667,0.4827586206896552,0.4300816681387855,0.26689931651064736,1.0028877928728082,1.013231197771588,0.966,1.009093835812076,0.9918563014872457,0.9774838164931043,0.95,1.0,1.0,87,1,1,-5.04,0,231.18449999999999,116.4,116.4,100,1626164
2025-11-16,Devin Booker,PTS,27.266666666666666,UNDER,0.5444,0.03980399999999995,27,1,B,26.529244503241443,6.891678902505404,24.6,29.1,0.02717391304347827,35.4,0.8851224105461394,0.2,0.6,0.5333333333333333,0.4659090909090909,0.5116488714927172,0.2597766740648552,1.0223382190951582,1.0053969359331478,1.026,1.012173449197952,1.0177040695187711,0.9795117698343505,1.02,1.0,1.0,88,1,0,-2.04,2,233.4385,115.5,115.5,100,1626164
2025-11-18,Devin Booker,PTS,27.733333333333334,OVER,0.5828,0.11314799999999992,19,0,A,26.318221312859123,6.5950919701879895,25.2,28.4,-0.06000000000000005,35.266666666666666,0.9924385633270322,0.2,0.5,0.5333333333333333,0.4606741573033708,0.4629590438224827,0.2505903378419277,1.0176740862765334,1.0149721448467968,1.02,1.0160529214186913,1.0176317528512149,1.0212318266985962,1.0,1.0,1.0,89,0,0,-0.6399999999999999,1,232.89799999999997,116.6,116.6,100,1626164
2025-11-21,Devin Booker,PTS,27.8,UNDER,0.6788,0.2965079999999999,16,1,A,27.157583227353143,6.4939532313859925,24.8,27.1,-0.1952380952380952,35.333333333333336,0.9056603773584905,0.2,0.4,0.5333333333333333,0.45555555555555555,0.41890266586873187,0.23912117573279779,1.0027885560043268,0.9766713091922007,0.967,0.9871182079170511,0.9790709247502306,0.9816053511705686,1.02,1.0,1.0,90,1,0,0.16000000000000014,2,231.17299999999997,112.2,112.2,100,1626164
2025-11-23,Devin Booker,PTS,26.8,UNDER,0.6567,0.2542969999999999,24,1,A,24.00874574533259,7.093256354755953,24.2,25.1,-0.25806451612903225,35.266666666666666,0.9640831758034026,0.4,0.4,0.5333333333333333,0.4835164835164835,0.45199683293799575,0.2954446862820776,1.0000099236868483,0.9749303621169918,0.987,0.9849621867449343,0.9857773120469606,0.9799335332153307,1.0,1.0,1.0,91,1,0,1.1600000000000001,1,230.851,112.0,112.0,100,1626164
2025-11-24,Devin Booker,PTS,27.2,UNDER,0.7734,0.4771939999999999,18,1,A,25.761792105767427,6.720969317846093,23.8,24.7,-0.26457399103139023,35.93333333333333,0.9461966604823748,0.2,0.2,0.4666666666666667,0.44565217391304346,0.31823720426887864,0.2608890441415151,0.9642846510335521,0.982764623955432,0.955,0.97537263478668,0.967223580872008,0.9799719887955182,0.95,1.0,1.0,92,1,1,1.7600000000000002,0,226.71099999999996,112.9,112.9,100,1626164
2025-11-26,Devin Booker,PTS,26.333333333333332,UNDER,0.5829,0.11333899999999986,19,1,A,25.19636953376221,7.027158200933887,20.8,22.7,-0.23474178403755863,36.0,1.0277777777777777,0.2,0.2,0.4666666666666667,0.4731182795698925,0.34273140403480834,0.27889566358033263,1.0066587938751006,1.0393454038997216,1.037,1.0262707598898733,1.030562455933924,1.0235613010842368,1.0,1.0,1.0,93,0,0,-3.2,1,231.62149999999997,119.4,119.4,100,1626164
2025-11-28,Devin Booker,PTS,25.333333333333332,UNDER,0.6246,0.192986,21,1,A,24.151955714564792,6.924765768773768,19.2,22.2,-0.21212121212121215,35.666666666666664,1.0747663551401871,0.0,0.3,0.4666666666666667,0.5106382978723404,0.3436130551754512,0.2867165645139785,1.004674056505473,0.910515320334262,0.953,0.9481788148027464,0.9501072888816477,1.0215740357651817,1.0,1.0,1.0,94,0,0,6.24,1,231.39149999999995,104.6,104.6,100,1626164
2025-11-29,Devin Booker,PTS,24.6,UNDER,0.6347,0.21227700000000005,24,1,A,24.297696505198473,6.748544816688791,19.6,22.2,-0.2499999999999999,35.86666666666667,1.0780669144981412,0.0,0.3,0.4,0.5157894736842106,0.28358164626302335,0.27774422218356976,0.9973305282378511,1.0045264623955434,0.996,1.0016480887324666,0.9993888532394799,0.9811153337462959,0.95,1.0,1.0,95,1,1,1.8,0,230.54049999999998,115.4,115.4,100,1626164
2025-12-01,Devin Booker,PTS,23.8,OVER,0.5493,0.04916299999999996,11,0,B,23.181013932140104,5.96657355607052,21.2,22.7,-0.25396825396825395,35.6,1.0580524344569286,0.4,0.5,0.5333333333333333,0.5625,0.4707633942137091,0.25739053406106455,0.9876053151266759,1.0280292479108637,1.038,1.0118596747971886,1.0223158048783132,1.0204676297107336,1.0,1.0,1.0,96,0,0,0.5599999999999999,1,229.4135,118.1,118.1,100,1626164
2025-12-14,Devin Booker,PTS,22.666666666666668,UNDER,0.72,0.37519999999999987,27,0,A,23.00772532800829,6.683312551921141,18.6,21.2,-0.29255319148936176,33.93333333333333,0.825147347740668,0.2,0.4,0.4666666666666667,0.5773195876288659,0.39863203074079745,0.2904812386553162,0.9876053151266759,1.0280292479108637,1.038,1.0118596747971886,1.0223158048783132,0.9840194096239385,1.03,1.0,1.0,97,1,0,-1.8399999999999999,12,229.4135,118.1,118.1,100,1626164
2025-12-18,Devin Booker,PTS,21.933333333333334,UNDER,0.848,0.6196799999999999,25,0,A,21.617686269667274,5.351457300408482,20.4,20.6,-0.1479289940828401,33.4,0.7584830339321357,0.4,0.4,0.4666666666666667,0.6020408163265306,0.45585975940597484,0.24754995671841842,1.000208397423811,0.9662256267409473,0.952,0.9798187350140928,0.9686912410084557,0.9846196078431373,1.03,1.0,1.0,98,1,0,-0.6,3,230.87399999999997,111.0,111.0,100,1626164
2025-12-20,Devin Booker,PTS,22.0,UNDER,0.8598,0.642218,38,0,A,21.635674044743155,5.385164807134504,21.6,20.4,-0.0993788819875776,33.13333333333333,0.744466800804829,0.6,0.4,0.4666666666666667,0.5858585858585859,0.5076415496514364,0.24890210473673427,1.000208397423811,0.9662256267409473,0.952,0.9798187350140928,0.9686912410084557,1.016793764482831,1.0,1.0,1.0,99,0,0,1.8,1,230.87399999999997,111.0,111.0,100,1626164
2025-12-23,Devin Booker,PTS,23.133333333333333,UNDER,0.539,0.029490000000000016,21,1,B,23.41134716167312,6.770383684703197,25.0,22.3,0.0060975609756099836,32.86666666666667,0.9939148073022311,0.8,0.5,0.5333333333333333,0.57,0.5818279544237992,0.2891924005034208,0.9876053151266759,1.0280292479108637,1.038,1.0118596747971886,1.0223158048783132,0.9824574567063837,1.02,1.0,1.0,100,1,0,-1.8399999999999999,2,229.4135,118.1,118.1,100,1626164
2025-12-26,Devin Booker,PTS,23.266666666666666,UNDER,0.5062,-0.033158000000000076,30,0,D,24.05446546263397,6.7025226238938975,24.4,22.8,0.024539877300613577,32.86666666666667,0.9533468559837728,0.6,0.5,0.5333333333333333,0.5643564356435643,0.5264597040219745,0.2786394332605539,1.0108267423513184,1.0332520891364905,1.038,1.0242819504224216,1.029769170253453,1.0199343717750258,1.02,1.0,1.0,101,0,0,-1.92,2,232.10449999999997,118.7,118.7,100,1626164
2025-04-08,Jalen Brunson,PTS,26.933333333333334,UNDER,0.5202,-0.006418000000000035,27,0,D,25.35334668711016,9.535397711884363,26.6,27.3,0.0,36.2,1.0313075506445673,0.4,0.4,0.4666666666666667,0.4032258064516129,0.436737512699834,0.37610015867184243,0.9564449384235232,0.9949512534818943,0.973,0.9795487274585458,0.9769292364751274,0.9780999383096853,1.0,1.0,1.0,62,1,0,-1.1600000000000001,1,225.06649999999996,114.3,114.3,100,1628973
2025-04-10,Jalen Brunson,PTS,27.6,UNDER,0.5279,0.008289000000000046,15,1,C,28.932523694685642,9.132360045464697,27.4,26.4,-0.02020202020202011,36.06666666666667,1.044362292051756,0.4,0.3,0.4666666666666667,0.38095238095238093,0.39517644335076485,0.31564339640175043,1.0052694777163613,0.9636142061281339,0.945,0.9802763147634248,0.9661657888580548,1.0230885922330097,1.0,1.0,1.0,63,0,0,1.0799999999999996,1,230.72449999999998,110.7,110.7,100,1628973
2025-04-11,Jalen Brunson,PTS,25.8,UNDER,0.6197,0.18362699999999998,27,0,A,25.301884840509956,8.743977519249627,24.2,25.7,-0.016853932584269593,35.53333333333333,0.9474671669793621,0.4,0.5,0.5333333333333333,0.484375,0.4908787889234177,0.34558601362574987,1.0140023221427226,0.9975626740947077,1.029,1.0041385333139137,1.014083119988348,0.9822245303303632,0.95,1.0,1.0,64,1,1,-3.08,0,231.73649999999998,114.6,114.6,100,1628973
2025-10-22,Jalen Brunson,PTS,25.733333333333334,UNDER,0.5044,-0.03659600000000013,23,1,D,26.593619745354772,8.729806630706308,24.6,25.8,-0.02717391304347816,35.666666666666664,0.9626168224299066,0.6,0.5,0.5333333333333333,0.49230769230769234,0.5393280779021244,0.3282669570482666,1.0140023221427226,0.9975626740947077,1.029,1.0041385333139137,1.014083119988348,0.9830316742081449,1.03,1.0,1.0,65,1,0,-3.08,193,231.73649999999998,114.6,114.6,100,1628973
2025-10-24,Jalen Brunson,PTS,24.866666666666667,UNDER,0.5827,0.11295699999999997,31,0,A,22.366270492505464,8.271005006014915,21.4,25.9,0.0,35.53333333333333,0.928705440900563,0.4,0.6,0.5333333333333333,0.5151515151515151,0.527898540539641,0.3697981301257347,0.9564449384235232,0.9949512534818943,0.973,0.9795487274585458,0.9769292364751274,0.9827120340255191,1.0,1.0,1.0,66,1,0,-1.1600000000000001,1,225.06649999999996,114.3,114.3,100,1628973
2025-10-26,Jalen Brunson,PTS,26.4,UNDER,0.562,0.07342000000000004,37,0,A,27.223633465622243,6.9467361298053385,24.6,25.6,-0.08762886597938147,36.333333333333336,0.9633027522935779,0.6,0.5,0.4666666666666667,0.417910447761194,0.5024333274460303,0.25517299660155995,1.037422223104328,0.9758008356545962,0.993,1.000449390634489,0.9974696343806934,1.018015685113939,1.0,1.0,1.0,67,0,0,-0.9200000000000003,1,234.45049999999998,112.1,112.1,100,1628973
2025-10-28,Jalen Brunson,PTS,26.466666666666665,OVER,0.507,-0.03163000000000005,36,1,D,26.55660589007948,7.049484952479727,26.6,27.0,-0.04371584699453546,35.8,0.9683426443202979,0.6,0.6,0.4666666666666667,0.4264705882352941,0.5497830567055223,0.2654512772324245,0.9885976838114898,1.0106197771587744,0.999,1.0018109398198605,1.0006865638919162,1.0208099382369455,1.0,1.0,1.0,68,0,0,-3.0,1,228.79249999999996,116.1,116.1,100,1628973
2025-10-31,Jalen Brunson,PTS,27.4,OVER,0.5722,0.09290200000000004,29,1,A,28.276765408773826,7.336795719424893,30.8,27.5,-0.020000000000000018,35.6,0.9831460674157303,0.6,0.4,0.4,0.391304347826087,0.4706217712304434,0.2594637545476967,1.030674116047594,1.0201949860724235,1.037,1.0243866380624918,1.029431982837495,1.0230149597238205,1.02,1.0,1.0,69,0,0,-2.88,2,233.66849999999997,117.2,117.2,100,1628973
2025-11-02,Jalen Brunson,PTS,27.6,UNDER,0.5158,-0.014821999999999946,31,0,D,27.827434477722818,7.3367957194248925,31.2,27.9,0.04761904761904767,36.06666666666667,0.9704251386321626,0.8,0.5,0.4666666666666667,0.4,0.5483310737010846,0.26365332834754657,1.030674116047594,1.0201949860724235,1.037,1.0243866380624918,1.029431982837495,0.9782111472252317,1.0,1.0,1.0,70,1,0,-5.279999999999999,1,233.66849999999997,117.2,117.2,100,1628973
2025-11-03,Jalen Brunson,PTS,28.2,UNDER,0.704,0.34463999999999984,16,1,A,29.843210932870306,7.213083351006796,32.8,27.1,0.10309278350515472,35.666666666666664,0.9532710280373833,1.0,0.5,0.5333333333333333,0.39436619718309857,0.6186453583059948,0.24169930532046288,1.0123152953785393,1.0680710306406687,1.07,1.0457687365358168,1.0554612419214902,0.9799853129634696,0.95,0.9199999999999999,1.0,71,1,1,-8.92,0,231.541,122.7,122.7,100,1628973
2025-11-05,Jalen Brunson,PTS,27.0,UNDER,0.6171,0.17866099999999996,23,1,A,26.628537615137247,7.662524761087935,29.8,27.2,0.15999999999999992,35.4,0.9322033898305085,0.8,0.5,0.4666666666666667,0.4027777777777778,0.5324411653041479,0.28775612359321223,1.0027885560043268,0.9766713091922007,0.967,0.9871182079170511,0.9790709247502306,0.9779381099341062,1.0,1.0,1.0,72,1,0,-2.2,1,230.43699999999998,112.2,112.2,100,1628973
2025-11-09,Jalen Brunson,PTS,27.0,UNDER,0.5898,0.1265179999999999,19,1,A,27.254440923153652,7.662524761087935,27.0,26.8,0.13407821229050265,35.2,0.9185606060606061,0.6,0.5,0.4666666666666667,0.3972602739726027,0.48177268926986266,0.28114775066174036,0.9727197848544692,1.00974930362117,1.013,0.9949374961144897,1.0021624976686938,0.9777180022482737,1.03,1.0,1.0,73,1,0,-5.640000000000001,3,226.9525,116.0,116.0,100,1628973
2025-11-11,Jalen Brunson,PTS,26.2,UNDER,0.587,0.12116999999999989,32,0,A,25.413032925328025,7.839460622845354,23.6,27.2,0.11695906432748537,34.333333333333336,0.9126213592233009,0.4,0.6,0.5333333333333333,0.43243243243243246,0.4991713619440145,0.3084818976892804,1.0086435312447282,0.9897284122562676,1.001,0.9972944598516518,0.9987766759109911,0.9766020671834625,1.0,1.0,1.0,74,1,0,-4.24,1,231.11549999999997,113.7,113.7,100,1628973
2025-11-12,Jalen Brunson,PTS,26.666666666666668,UNDER,0.61,0.1650999999999999,31,0,A,28.125477202002003,7.970182527634454,24.2,27.7,0.05084745762711873,34.266666666666666,0.9533073929961089,0.4,0.6,0.6,0.44,0.5741638116483355,0.2833794594982775,1.0031855034782524,0.9845055710306407,0.979,0.9919775440096854,0.9867865264058113,0.97847409079073,0.95,1.0,1.0,75,1,1,-3.3600000000000003,0,230.483,113.1,113.1,100,1628973
2025-11-19,Jalen Brunson,PTS,26.133333333333333,OVER,0.6465,0.23481499999999988,28,1,A,25.24638102202607,7.327703466655709,24.2,28.5,0.03428571428571425,34.0,1.0,0.4,0.7,0.6,0.4473684210526316,0.6146874828256053,0.2902476778855034,1.0145977433536109,0.9845055710306407,0.974,0.9965424399598288,0.9875254639758972,1.0247011717599954,1.03,1.0,1.0,76,0,0,-2.96,6,231.80549999999997,113.1,113.1,100,1628973
2025-11-22,Jalen Brunson,PTS,27.0,OVER,0.6479,0.23748900000000006,33,1,A,27.209789159135653,6.654751256486923,26.6,28.2,-0.08163265306122447,34.06666666666667,1.0567514677103718,0.6,0.7,0.5333333333333333,0.4155844155844156,0.6115855029267278,0.24457195230609124,1.0031855034782524,0.9845055710306407,0.979,0.9919775440096854,0.9867865264058113,1.0244817374136228,1.02,1.0,1.0,77,0,0,-0.9600000000000002,2,230.483,113.1,113.1,100,1628973
2025-11-24,Jalen Brunson,PTS,27.4,OVER,0.6051,0.1557409999999999,27,0,A,26.314359749380856,6.832694511370626,28.6,27.8,-0.08080808080808077,34.0,1.0686274509803921,0.8,0.7,0.6,0.4230769230769231,0.6758803327258642,0.25965649844592514,0.9727197848544692,1.00974930362117,1.013,0.9949374961144897,1.0021624976686938,1.0256192326372027,1.0,1.0,1.0,78,0,0,-3.2400000000000007,1,226.9525,116.0,116.0,100,1628973
2025-11-26,Jalen Brunson,PTS,28.2,OVER,0.5399,0.031209000000000042,33,1,B,28.01927054557109,5.918494016941424,30.2,26.9,-0.09813084112149528,34.266666666666666,1.0214007782101167,0.6,0.5,0.5333333333333333,0.3924050632911392,0.5112714854346246,0.21122941110531304,0.9908801317865614,1.021065459610028,1.048,1.0089913284806413,1.0245947970883846,1.0250835687077298,1.0,1.0,1.0,79,0,0,-2.6400000000000006,1,229.057,117.3,117.3,100,1628973
2025-11-28,Jalen Brunson,PTS,28.6,UNDER,0.5783,0.10455300000000001,37,0,A,28.102126472420423,6.0332412515993425,30.4,27.3,0.0,34.13333333333333,1.015625,0.6,0.5,0.6,0.4,0.5851124561454956,0.21468984767115035,0.9885976838114898,1.0106197771587744,0.999,1.0018109398198605,1.0006865638919162,0.9764152003415807,1.0,1.0,1.0,80,1,0,-5.4,1,228.79249999999996,116.1,116.1,100,1628973
2025-11-30,Jalen Brunson,PTS,29.533333333333335,UNDER,0.6199,0.18400899999999998,18,1,A,30.29383117327643,6.1860057118197584,31.6,27.9,0.08866995073891637,34.46666666666667,1.0251450676982592,0.6,0.5,0.6,0.38271604938271603,0.6111515241950554,0.2042001777997864,0.9889946312854152,0.9792827298050141,0.948,0.9831674903971745,0.9691004942383047,0.9792304871208526,1.0,1.0,1.0,81,1,0,-3.56,1,228.83849999999998,112.5,112.5,100,1628973
2025-12-02,Jalen Brunson,PTS,28.666666666666668,OVER,0.5221,-0.0027890000000000414,15,0,D,29.566705159048297,6.841748592978538,29.6,28.1,0.08376963350785349,34.4,1.0368217054263567,0.6,0.5,0.6,0.4024390243902439,0.5625552142521096,0.23140044033228227,0.9564449384235232,0.9949512534818943,0.973,0.9795487274585458,0.9769292364751274,1.0255773979567133,1.0,1.0,1.0,82,0,0,1.2399999999999998,1,225.06649999999996,114.3,114.3,100,1628973
2025-12-03,Jalen Brunson,PTS,27.2,OVER,0.5007,-0.04366299999999995,26,0,D,27.61093320042869,7.272256478268233,26.0,27.3,0.026881720430107503,34.666666666666664,1.076923076923077,0.4,0.6,0.6,0.42168674698795183,0.5489153226229307,0.26338321944711823,0.9908801317865614,1.021065459610028,1.048,1.0089913284806413,1.0245947970883846,0.9804238132812824,0.95,1.0,1.0,83,1,1,-5.040000000000001,0,229.057,117.3,117.3,100,1628973
2025-12-05,Jalen Brunson,PTS,26.533333333333335,OVER,0.6712,0.281992,33,1,A,26.465029854205113,6.854265269228525,25.8,28.0,0.044198895027624197,34.8,1.053639846743295,0.4,0.7,0.6,0.4642857142857143,0.5436437234795359,0.25899329443376495,1.0237275352538975,1.0576253481894151,1.101,1.044066223015208,1.066839733809125,0.9807825432656132,1.0,1.0,1.0,84,1,0,-6.720000000000001,1,232.8635,121.5,121.5,100,1628973
2025-12-07,Jalen Brunson,PTS,26.8,OVER,0.5494,0.04935399999999995,30,1,B,27.551768749906614,7.0325772556825035,25.8,28.1,0.050000000000000044,34.53333333333333,1.0328185328185329,0.4,0.7,0.6,0.47058823529411764,0.5870717650487188,0.2552495747013099,1.0031855034782524,0.9845055710306407,0.979,0.9919775440096854,0.9867865264058113,0.9825061890762803,1.0,1.0,1.0,85,1,0,-3.3600000000000003,1,230.483,113.1,113.1,100,1628973
2025-12-09,Jalen Brunson,PTS,26.733333333333334,OVER,0.5566,0.06310599999999988,35,1,A,25.833790450089737,6.994555705962283,24.4,28.0,0.05494505494505497,34.93333333333333,1.0114503816793894,0.4,0.7,0.6,0.47674418604651164,0.6263670820525367,0.2707522041519845,0.9889946312854152,0.9792827298050141,0.948,0.9831674903971745,0.9691004942383047,1.0198217059498886,1.0,1.0,1.0,86,0,0,-1.1600000000000001,1,228.83849999999998,112.5,112.5,100,1628973
2025-12-13,Jalen Brunson,PTS,28.0,OVER,0.5974,0.141034,40,1,A,27.92410333999851,6.622472563713862,27.8,28.7,0.005181347150259086,35.4,1.0169491525423728,0.6,0.6,0.5333333333333333,0.41379310344827586,0.5891514087041381,0.23715972123007534,1.0031855034782524,0.9845055710306407,0.979,0.9919775440096854,0.9867865264058113,1.0214169909208821,1.03,1.0,1.0,87,0,0,-0.9600000000000002,3,230.483,113.1,113.1,100,1628973
2025-12-18,Jalen Brunson,PTS,29.133333333333333,OVER,0.6274,0.1983339999999999,25,0,A,28.893855167544416,7.140094703920417,32.8,29.4,-0.029556650246305383,35.8,1.080074487895717,0.8,0.6,0.6,0.3977272727272727,0.6555811248335207,0.24711464297573785,1.0028877928728082,1.013231197771588,0.966,1.009093835812076,0.9918563014872457,1.0240429964860636,1.03,1.0,1.0,88,0,0,-5.0,4,230.44849999999997,116.4,116.4,100,1628973
2025-12-19,Jalen Brunson,PTS,29.533333333333335,UNDER,0.5797,0.10722699999999996,22,1,A,30.161262850202775,6.68544973021547,32.6,29.2,-0.07692307692307698,36.13333333333333,1.033210332103321,0.8,0.6,0.6,0.39325842696629215,0.593194332307473,0.22165682396718756,0.9950480802627792,0.9853760445682453,0.989,0.9892448588460588,0.9891469153076353,0.9793765545872626,0.95,1.0,1.0,89,1,1,-3.6,0,229.53999999999996,113.2,113.2,100,1628973
2025-12-21,Jalen Brunson,PTS,28.866666666666667,UNDER,0.5391,0.029681000000000013,47,0,B,29.006171180188858,6.916508890914205,30.4,28.1,0.019323671497584405,36.2,1.012891344383057,0.6,0.5,0.5333333333333333,0.4111111111111111,0.5094121246532792,0.23844956467877992,1.037422223104328,0.9758008356545962,0.993,1.000449390634489,0.9974696343806934,0.97890625,1.0,1.0,1.0,90,1,0,-3.3200000000000003,1,234.45049999999998,112.1,112.1,100,1628973
2025-12-25,Jalen Brunson,PTS,29.933333333333334,UNDER,0.51,-0.025900000000000034,34,0,D,30.85059834144954,8.353499409286648,33.8,29.1,0.21465968586387452,36.266666666666666,1.0018382352941178,0.6,0.5,0.5333333333333333,0.3956043956043956,0.5560977335515259,0.2707726870264051,1.0140023221427226,0.9975626740947077,1.029,1.0041385333139137,1.014083119988348,0.9830696479654387,1.03,1.0,1.0,91,1,0,-3.08,3,231.73649999999998,114.6,114.6,100,1628973
2025-04-09,Jimmy Butler III,PTS,16.133333333333333,UNDER,0.6601,0.260791,28,0,A,15.62136289173236,6.311742646693956,16.0,16.3,-0.07499999999999996,32.6,0.8895705521472392,0.4,0.4,0.4,0.5576923076923077,0.3905065805048015,0.40404558106991156,1.0000099236868483,0.9749303621169918,0.973,0.9849621867449343,0.9801773120469606,0.9919852998670733,0.95,1.0,1.0,52,1,1,0.5600000000000002,0,231.79399999999998,112.0,112.0,100,202710
2025-04-11,Jimmy Butler III,PTS,17.0,UNDER,0.5331,0.018220999999999987,24,0,C,15.954288206618685,7.0,16.2,17.5,0.04310344827586188,32.8,0.9247967479674797,0.4,0.5,0.4666666666666667,0.5094339622641509,0.4758398513794363,0.4387535131210698,1.0176740862765334,1.0149721448467968,1.021,1.0160529214186913,1.0180317528512148,1.0039178213091255,1.0,1.0,1.0,53,0,0,-1.2399999999999998,1,233.84099999999998,116.6,116.6,100,202710
2025-04-13,Jimmy Butler III,PTS,18.2,UNDER,0.6559,0.252769,30,0,A,17.6346712494842,6.504943175331028,18.8,17.4,0.03125,32.8,0.8739837398373985,0.6,0.4,0.4666666666666667,0.42592592592592593,0.49801208792649126,0.3688723811917555,0.9623991505324059,1.0271587743732593,1.004,1.001254924836918,1.0023529549021508,0.9933618843683083,1.0,1.0,1.0,54,1,0,-3.72,1,227.4355,118.0,118.0,100,202710
2025-10-21,Jimmy Butler III,PTS,19.466666666666665,OVER,0.5706,0.08984599999999998,31,1,A,20.799543108161515,6.843836295389834,21.0,19.3,0.038461538461538325,33.8,1.124260355029586,0.6,0.4,0.4666666666666667,0.38181818181818183,0.4988179535171165,0.32903781875402766,0.9876053151266759,1.0280292479108637,1.007,1.0118596747971886,1.0099158048783132,1.0015992392807744,1.03,1.0,1.0,55,0,0,-0.040000000000000036,190,230.35649999999998,118.1,118.1,100,202710
2025-10-23,Jimmy Butler III,PTS,20.0,OVER,0.5478,0.046297999999999895,21,1,B,22.209534033379896,7.4258236676383005,24.6,20.6,0.15671641791044766,33.93333333333333,1.0903732809430255,0.8,0.5,0.4666666666666667,0.375,0.5465117310944494,0.3343529700568068,0.9973305282378511,1.0045264623955434,0.98,1.0016480887324666,0.9929888532394799,0.9920084292429892,1.0,1.0,1.0,56,1,0,1.2,1,231.4835,115.4,115.4,100,202710
2025-10-24,Jimmy Butler III,PTS,19.8,OVER,0.5838,0.11505799999999988,14,0,A,20.97887176929885,7.350413010747861,26.8,21.4,0.2975206611570247,34.06666666666667,1.1937377690802347,1.0,0.6,0.4666666666666667,0.40350877192982454,0.5896668456539047,0.35037217880823746,1.0176740862765334,1.0149721448467968,1.021,1.0160529214186913,1.0180317528512148,1.0082874015748033,0.95,1.0,1.0,57,0,1,-1.2399999999999998,0,233.84099999999998,116.6,116.6,100,202710
2025-10-27,Jimmy Butler III,PTS,19.666666666666668,OVER,0.5335,0.01898499999999992,20,1,C,21.320917121783623,7.441837970619381,24.0,20.1,0.27419354838709675,33.46666666666667,1.0059760956175297,0.8,0.5,0.4666666666666667,0.39655172413793105,0.5335526261228878,0.3490392992061322,1.0086435312447282,0.9897284122562676,1.005,0.9972944598516518,1.000376675910991,0.9953580097087379,1.02,1.0,1.0,58,1,0,-2.48,2,232.7945,113.7,113.7,100,202710
2025-10-28,Jimmy Butler III,PTS,19.333333333333332,UNDER,0.5031,-0.03907900000000003,21,0,D,19.26672908922069,7.296444013222828,23.2,21.0,0.5,33.0,0.9797979797979799,0.8,0.6,0.4666666666666667,0.4067796610169492,0.57794096257138,0.37870693979420866,0.9623991505324059,1.0271587743732593,1.004,1.001254924836918,1.0023529549021508,0.9963492063492063,0.95,1.0,1.0,59,1,1,-3.72,0,227.4355,118.0,118.0,100,202710
2025-10-30,Jimmy Butler III,PTS,20.0,UNDER,0.5448,0.04056799999999988,23,0,B,20.427924649238093,6.928203230275509,21.4,21.2,0.4504504504504505,33.2,0.9036144578313252,0.6,0.6,0.4666666666666667,0.38333333333333336,0.5345995379175444,0.33915355324819607,0.9885976838114898,1.0106197771587744,1.0,1.0018109398198605,1.0010865638919162,1.0031243266537384,1.0,1.0,1.0,60,0,0,-1.2399999999999998,1,230.47150000000002,116.1,116.1,100,202710
2025-11-01,Jimmy Butler III,PTS,20.333333333333332,OVER,0.6005,0.14695500000000006,20,0,A,20.07476499939048,6.945365018348225,19.8,22.2,0.3223140495867769,33.333333333333336,1.0,0.6,0.7,0.5333333333333333,0.39344262295081966,0.606220550921948,0.3459749102198259,1.0028877928728082,1.013231197771588,1.009,1.009093835812076,1.0090563014872456,1.0059584264337462,1.0,1.0,1.0,61,0,0,-3.2399999999999998,1,232.1275,116.4,116.4,100,202710
2025-11-04,Jimmy Butler III,PTS,20.8,OVER,0.6082,0.16166199999999986,2,0,A,21.954492766806652,6.646158933656986,19.6,23.2,0.13636363636363624,34.0,1.0098039215686274,0.4,0.7,0.5333333333333333,0.3870967741935484,0.5485310380565525,0.30272432181650855,0.992070974208338,0.9871169916434542,0.975,0.9890985846694077,0.9834591508016446,0.9943499841588341,1.02,1.0,1.0,62,1,0,-1.8,2,230.87399999999997,113.4,113.4,100,202710
2025-11-07,Jimmy Butler III,PTS,19.133333333333333,UNDER,0.5405,0.03235499999999991,16,1,B,17.3012401511387,7.980929651064347,17.2,20.6,-0.10370370370370374,32.4,0.8744855967078189,0.8,0.8,0.6,0.42857142857142855,0.6619478377710297,0.461292345597496,0.9973305282378511,1.0045264623955434,0.98,1.0016480887324666,0.9929888532394799,1.0141129032258065,1.02,1.0,1.0,63,0,0,3.6,2,231.4835,115.4,115.4,100,202710
2025-11-09,Jimmy Butler III,PTS,19.466666666666665,UNDER,0.6526,0.24646599999999985,21,0,A,18.218055642154923,7.717018916160628,16.4,19.8,-0.2516129032258063,32.06666666666667,0.8212058212058211,0.6,0.7,0.6,0.421875,0.5989551724032248,0.42359179638820227,1.0028877928728082,1.013231197771588,1.009,1.009093835812076,1.0090563014872456,0.989449772841999,1.0,1.0,1.0,64,1,0,-5.64,1,232.1275,116.4,116.4,100,202710
2025-11-11,Jimmy Butler III,PTS,19.6,UNDER,0.7208,0.37672799999999995,12,1,A,17.756195804454137,7.725653000602234,16.4,18.9,-0.21656050955413997,31.8,0.7861635220125786,0.6,0.7,0.6666666666666666,0.4307692307692308,0.6644519370660371,0.4350961819571879,1.004674056505473,0.910515320334262,0.968,0.9481788148027464,0.9561072888816478,1.0112599814576666,1.0,1.0,1.0,65,0,0,5.64,1,232.3345,104.6,104.6,100,202710
2025-11-12,Jimmy Butler III,PTS,19.533333333333335,UNDER,0.7292,0.3927719999999999,28,0,A,16.63186988768166,7.790714864198156,14.2,17.0,-0.27215189873417733,31.066666666666666,0.8905579399141631,0.4,0.6,0.6666666666666666,0.42424242424242425,0.6012209751438249,0.46842086408866895,1.0000099236868483,0.9749303621169918,0.973,0.9849621867449343,0.9801773120469606,1.0079828326180258,0.95,1.0,1.0,66,0,1,2.96,0,231.79399999999998,112.0,112.0,100,202710
2025-11-14,Jimmy Butler III,PTS,20.733333333333334,UNDER,0.7201,0.3753909999999999,21,0,A,20.481694799015713,7.601378321130477,15.8,17.7,-0.27380952380952384,32.0,0.8958333333333334,0.4,0.4,0.6,0.3880597014925373,0.5371647166015004,0.371130338369058,1.0000099236868483,0.9749303621169918,0.973,0.9849621867449343,0.9801773120469606,1.0126950220371522,1.0,1.0,1.0,67,0,0,2.96,1,231.79399999999998,112.0,112.0,100,202710
2025-11-16,Jimmy Butler III,PTS,20.266666666666666,UNDER,0.5998,0.14561799999999991,18,1,A,20.00674769418447,7.333549780355513,19.6,18.4,-0.25465838509316774,31.8,0.9538784067085954,0.6,0.5,0.6,0.39705882352941174,0.58120931719376,0.36655381936401477,1.0108267423513184,1.0332520891364905,1.026,1.0242819504224216,1.024969170253453,1.013745881383855,1.0,1.0,1.0,68,0,0,-2.5200000000000005,1,233.04749999999999,118.7,118.7,100,202710
2025-11-18,Jimmy Butler III,PTS,19.866666666666667,UNDER,0.5465,0.04381499999999994,33,0,B,20.56550711484283,7.278801575874451,20.0,18.2,-0.26249999999999996,32.0,1.0416666666666667,0.6,0.6,0.6666666666666666,0.43478260869565216,0.6044601443455054,0.353932511132735,1.0031855034782524,0.9845055710306407,0.991,0.9919775440096854,0.9915865264058112,1.0133928571428572,1.0,1.0,1.0,69,0,0,0.8,1,232.16199999999998,113.1,113.1,100,202710
2025-11-21,Jimmy Butler III,PTS,20.066666666666666,OVER,0.5329,0.01783900000000005,20,0,C,22.254752539226047,7.610769312218674,22.4,19.4,-0.006666666666666599,31.333333333333332,1.1063829787234043,0.6,0.5,0.5333333333333333,0.4,0.5462852331018248,0.3419840008916744,1.0176740862765334,1.0149721448467968,1.021,1.0160529214186913,1.0180317528512148,0.9818840579710144,1.02,1.0,1.0,70,1,0,-3.6399999999999997,2,233.84099999999998,116.6,116.6,100,202710
2025-11-24,Jimmy Butler III,PTS,19.333333333333332,OVER,0.582,0.11161999999999983,18,0,A,20.62357033443709,6.986381310057719,24.0,19.1,0.2644628099173554,31.266666666666666,1.0980810234541578,0.8,0.6,0.6666666666666666,0.4507042253521127,0.6761593561076394,0.3387571209429198,1.0237275352538975,1.0576253481894151,1.07,1.044066223015208,1.054439733809125,0.9830897044904827,1.02,1.0,1.0,71,1,0,-4.96,2,234.54249999999996,121.5,121.5,100,202710
2025-11-26,Jimmy Butler III,PTS,19.133333333333333,UNDER,0.5305,0.013254999999999906,21,0,C,19.351087346462464,6.978197338513586,22.0,18.9,0.2931034482758619,30.6,1.100217864923747,0.6,0.5,0.6,0.4444444444444444,0.5844819825759138,0.36061008942679684,0.9642846510335521,0.982764623955432,0.948,0.97537263478668,0.964423580872008,0.9834996162701458,1.0,1.0,1.0,72,1,0,1.1600000000000001,1,227.654,112.9,112.9,100,202710
2025-11-29,Jimmy Butler III,PTS,19.6,OVER,0.6053,0.1561229999999999,24,1,A,20.366804310586076,6.843140465354444,22.0,20.8,0.29268292682926833,31.0,1.032258064516129,0.6,0.6,0.6666666666666666,0.4520547945205479,0.6513560533519487,0.3359948061069933,1.0108267423513184,1.0332520891364905,1.026,1.0242819504224216,1.024969170253453,0.9849136261522968,1.02,1.0,1.0,73,1,0,-4.92,2,233.04749999999999,118.7,118.7,100,202710
2025-12-02,Jimmy Butler III,PTS,19.866666666666667,OVER,0.5864,0.12002400000000002,6,0,A,20.955887585501387,6.937132658657287,23.2,21.6,0.34782608695652173,31.4,1.0509554140127388,0.8,0.7,0.6666666666666666,0.4594594594594595,0.6845339115011103,0.3310350196503648,1.004674056505473,0.910515320334262,0.968,0.9481788148027464,0.9561072888816478,0.9872032640949555,1.02,1.0,1.0,74,1,0,3.2399999999999998,2,232.3345,104.6,104.6,100,202710
2025-12-07,Jimmy Butler III,PTS,18.866666666666667,OVER,0.5576,0.06501599999999996,19,1,A,19.356269264790853,7.790714864198157,17.8,20.1,0.14754098360655754,30.266666666666666,0.9361233480176211,0.6,0.6,0.6,0.49333333333333335,0.592059593655341,0.40249051909861083,1.030674116047594,1.0201949860724235,1.034,1.0243866380624918,1.028231982837495,1.01970197236945,1.03,1.0,1.0,75,0,0,-1.1199999999999999,4,235.3475,117.2,117.2,100,202710
2025-12-12,Jimmy Butler III,PTS,18.6,OVER,0.5077,-0.03029299999999996,15,0,D,18.906934165476287,7.707139547199077,17.6,20.8,0.17500000000000004,29.733333333333334,0.9080717488789237,0.6,0.7,0.6,0.5,0.6308802560105586,0.40763560499788337,1.0027885560043268,0.9766713091922007,0.985,0.9871182079170511,0.9862709247502306,0.9833283001438902,1.03,1.0,1.0,76,1,0,-0.43999999999999984,4,232.11599999999999,112.2,112.2,100,202710
2025-12-14,Jimmy Butler III,PTS,18.266666666666666,UNDER,0.5074,-0.030866000000000116,16,1,D,15.98975874749749,7.7502688125423544,17.0,19.5,0.04237288135593231,29.933333333333334,0.9020044543429844,0.6,0.6,0.5333333333333333,0.4935064935064935,0.5435117585530793,0.4847020480377996,1.0176740862765334,1.0149721448467968,1.021,1.0160529214186913,1.0180317528512148,1.020677233429395,1.0,1.0,1.0,77,0,0,-1.2399999999999998,1,233.84099999999998,116.6,116.6,100,202710
2025-12-18,Jimmy Butler III,PTS,19.2,OVER,0.5622,0.07380200000000003,31,1,A,17.880112296400284,6.371812928829597,16.0,19.0,-0.20134228187919456,31.333333333333332,1.074468085106383,0.2,0.4,0.4666666666666667,0.4358974358974359,0.3914994465510204,0.35636313817292986,0.992070974208338,0.9871169916434542,0.975,0.9890985846694077,0.9834591508016446,1.01929012345679,1.03,1.0,1.0,78,0,0,0.6,3,230.87399999999997,113.4,113.4,100,202710
2025-12-20,Jimmy Butler III,PTS,20.2,OVER,0.5038,-0.037742,25,1,D,20.1947673280431,6.981608492522131,17.4,20.3,-0.13725490196078427,31.533333333333335,1.120507399577167,0.2,0.4,0.4666666666666667,0.3924050632911392,0.42169773378543984,0.34571373757930085,0.992070974208338,0.9871169916434542,0.975,0.9890985846694077,0.9834591508016446,0.979085780653725,1.0,1.0,1.0,79,1,0,-1.8,1,230.87399999999997,113.4,113.4,100,202710
2025-12-22,Jimmy Butler III,PTS,20.466666666666665,UNDER,0.5322,0.01650199999999996,21,0,C,19.58101708839058,7.0898989179442236,21.2,19.5,-0.09333333333333338,31.866666666666667,1.0878661087866108,0.4,0.4,0.4666666666666667,0.4,0.47673047059407325,0.36208021707655647,1.0031855034782524,0.9845055710306407,0.991,0.9919775440096854,0.9915865264058112,0.9816820643517044,1.0,1.0,1.0,80,1,0,-1.6,1,232.16199999999998,113.1,113.1,100,202710
2025-12-25,Jimmy Butler III,PTS,21.066666666666666,UNDER,0.5589,0.06749899999999986,14,1,A,21.91733097215888,6.691857169796168,21.6,19.6,-0.16352201257861643,32.4,1.0185185185185186,0.4,0.3,0.3333333333333333,0.32098765432098764,0.34293931742592315,0.30532263158760947,1.0145977433536109,0.9845055710306407,0.995,0.9965424399598288,0.9959254639758973,0.9829123442391505,1.02,1.0,1.0,81,1,0,-3.6,2,233.4845,113.1,113.1,100,202710
2025-04-09,Justin Champagnie,PTS,10.066666666666666,OVER,0.5266,0.005805999999999867,14,1,C,10.298608348831294,6.215954893505521,11.2,10.5,0.509433962264151,27.933333333333334,1.1336515513126493,0.4,0.4,0.4,0.3220338983050847,0.4316671206253687,0.6035723160800575,0.9950480802627792,0.9853760445682453,0.989,0.9892448588460588,0.9891469153076353,1.034169405137147,0.95,1.0,1.0,59,1,1,4.12,0,232.62199999999999,113.2,113.2,100,1630551
2025-04-11,Justin Champagnie,PTS,10.666666666666666,OVER,0.5371,0.025861000000000023,22,1,B,12.380488070090223,6.125668087956572,13.0,11.2,0.19696969696969702,28.4,1.2910798122065728,0.6,0.5,0.4666666666666667,0.3333333333333333,0.5130834482270957,0.49478405481892535,1.030674116047594,1.0201949860724235,1.037,1.0243866380624918,1.029431982837495,0.9567099567099566,1.0,1.0,1.0,60,0,0,4.840000000000001,1,236.7505,117.2,117.2,100,1630551
2025-04-13,Justin Champagnie,PTS,11.0,OVER,0.6245,0.19279500000000005,27,1,A,13.447993247590375,6.611677980232077,15.8,13.4,0.4375,28.733333333333334,1.2877030162412992,0.8,0.6,0.4666666666666667,0.3114754098360656,0.5594196844948327,0.4916479253450521,1.037422223104328,0.9758008356545962,0.993,1.000449390634489,0.9974696343806934,0.9739878610018009,1.0,1.0,1.0,61,0,0,6.8,1,237.5325,112.1,112.1,100,1630551
2025-10-22,Justin Champagnie,PTS,11.733333333333333,OVER,0.6427,0.227557,0,0,A,13.657722140517308,7.7225705071624455,19.6,14.3,1.0,28.733333333333334,1.334106728538283,1.0,0.6,0.4666666666666667,0.3225806451612903,0.601346444880836,0.5654361999540534,0.9885976838114898,1.0106197771587744,0.999,1.0018109398198605,1.0006865638919162,0.9938725490196079,1.03,1.0,1.0,62,0,0,4.720000000000001,191,231.87449999999998,116.1,116.1,100,1630551
2025-10-26,Justin Champagnie,PTS,11.4,OVER,0.5884,0.12384400000000007,4,0,A,11.680639245475504,8.13106916181911,16.6,12.8,0.8596491228070176,27.866666666666667,0.992822966507177,0.8,0.5,0.4666666666666667,0.31746031746031744,0.544120764531079,0.6961150833391827,0.9908801317865614,1.021065459610028,1.048,1.0089913284806413,1.0245947970883846,1.0139016544117647,1.03,1.0,1.0,63,1,0,2.6799999999999997,3,232.139,117.3,117.3,100,1630551
2025-10-28,Justin Champagnie,PTS,11.466666666666667,UNDER,0.6592,0.25907199999999997,0,1,A,11.260294594745346,8.06107637855841,13.4,12.3,0.6451612903225805,26.4,0.6439393939393939,0.6,0.5,0.4666666666666667,0.3125,0.492340827678054,0.7158850339777201,0.9950480802627792,0.9853760445682453,0.989,0.9892448588460588,0.9891469153076353,1.0096217650962176,1.0,1.0,1.0,64,1,0,4.12,1,232.62199999999999,113.2,113.2,100,1630551
2025-10-30,Justin Champagnie,PTS,11.0,UNDER,0.8413,0.6068830000000001,0,1,A,8.908221074232188,8.52726718909908,10.6,11.8,0.38095238095238093,24.933333333333334,0.16042780748663102,0.4,0.5,0.4666666666666667,0.3076923076923077,0.4454884033098977,0.9572356947634527,1.004674056505473,0.910515320334262,0.953,0.9481788148027464,0.9501072888816477,0.9974099364257123,1.0,0.95,1.0,65,0,0,11.6,1,233.73749999999998,104.6,104.6,100,1630551
2025-11-01,Justin Champagnie,PTS,11.0,UNDER,0.8409,0.6061189999999999,2,1,A,10.223502087247425,8.52726718909908,6.2,11.0,-0.14102564102564097,23.8,0.1400560224089636,0.2,0.5,0.4666666666666667,0.30303030303030304,0.40309457661589004,0.8340847506390014,1.0031855034782524,0.9845055710306407,0.979,0.9919775440096854,0.9867865264058113,1.0100901674538427,1.0,1.0,1.0,66,1,0,4.36,1,233.565,113.1,113.1,100,1630551
2025-11-03,Justin Champagnie,PTS,9.933333333333334,UNDER,0.8185,0.5633349999999999,4,1,A,8.790762885125787,8.589583946906416,1.2,10.4,-0.3125,22.666666666666668,0.1323529411764706,0.0,0.5,0.4,0.373134328358209,0.33740275254404056,0.9771147349953243,0.9857198146255297,0.9932103064066854,0.982,0.9902141096942231,0.9869284658165338,0.9948863636363636,1.0,0.95,1.0,67,0,0,8.92,1,231.541,114.1,114.1,100,1630551
2025-11-05,Justin Champagnie,PTS,9.2,UNDER,0.7321,0.39831099999999986,12,0,A,7.382314642053643,8.595679978088661,2.0,9.3,-0.5316455696202532,21.6,0.4012345679012345,0.0,0.4,0.3333333333333333,0.36764705882352944,0.2779623320647958,1.164361097415577,0.9564449384235232,0.9949512534818943,0.973,0.9795487274585458,0.9769292364751274,0.9909747292418774,1.0,0.95,1.0,68,0,0,8.959999999999999,1,228.14849999999996,114.3,114.3,100,1630551
2025-11-07,Justin Champagnie,PTS,9.4,UNDER,0.6682,0.276262,6,1,A,7.419790056842658,8.625543461139129,3.6,8.5,-0.7608695652173914,21.733333333333334,0.6288343558282208,0.2,0.4,0.4,0.37681159420289856,0.37400560420618395,1.1625050567548747,1.0140023221427226,0.9975626740947077,1.029,1.0041385333139137,1.014083119988348,1.005047955577991,1.0,1.0,1.0,69,1,0,4.640000000000001,1,234.81849999999997,114.6,114.6,100,1630551
2025-11-08,Justin Champagnie,PTS,9.466666666666667,UNDER,0.6329,0.208839,0,1,A,7.6471177409530355,8.592909590941547,4.8,7.7,-0.7543859649122807,21.066666666666666,0.870253164556962,0.2,0.3,0.4,0.37142857142857144,0.33841426524090246,1.123679519791288,1.0145977433536109,0.9845055710306407,0.974,0.9965424399598288,0.9875254639758972,1.003108003108003,0.95,1.0,1.0,70,1,1,2.3600000000000003,0,234.8875,113.1,113.1,100,1630551
2025-11-10,Justin Champagnie,PTS,8.933333333333334,UNDER,0.6821,0.30281100000000005,0,1,A,6.691228023333906,8.932018382255624,4.8,5.5,-0.7735849056603774,19.866666666666667,0.8389261744966443,0.2,0.2,0.4,0.39436619718309857,0.30620988998711457,1.334884770195777,1.0052694777163613,0.9636142061281339,0.945,0.9802763147634248,0.9661657888580548,1.0038050185109009,1.0,0.95,1.0,71,0,0,8.8,1,233.80649999999997,110.7,110.7,100,1630551
2025-11-12,Justin Champagnie,PTS,8.4,UNDER,0.7462,0.4252419999999999,0,1,A,6.799361216587158,9.225740388407084,4.4,2.8,-0.7647058823529411,18.533333333333335,0.6115107913669064,0.2,0.1,0.4,0.3888888888888889,0.27707016623301595,1.3568539888571787,0.9642846510335521,0.982764623955432,0.955,0.97537263478668,0.967223580872008,0.9963036963036963,1.0,0.95,1.0,72,0,0,9.52,1,229.057,112.9,112.9,100,1630551
2025-11-16,Justin Champagnie,PTS,7.4,UNDER,0.7355,0.40480499999999997,4,1,A,6.624110133206614,9.272077899339962,3.6,2.8,-0.7241379310344828,16.266666666666666,0.36885245901639346,0.2,0.1,0.3333333333333333,0.4246575342465753,0.22337115044369663,1.3997469415339436,0.9727197848544692,1.00974930362117,1.013,0.9949374961144897,1.0021624976686938,1.0104895104895104,1.03,1.0,1.0,73,1,0,2.0799999999999996,3,230.03449999999998,116.0,116.0,100,1630551
2025-11-21,Justin Champagnie,PTS,6.333333333333333,UNDER,0.7205,0.376155,7,0,A,5.486493484124367,8.616153157766824,2.0,2.8,-0.6119402985074627,14.4,0.3009259259259259,0.0,0.1,0.26666666666666666,0.4594594594594595,0.1747822716458167,1.5704298533659782,0.9889946312854152,0.9792827298050141,0.948,0.9831674903971745,0.9691004942383047,0.9924768518518519,1.03,1.0,1.0,74,0,0,6.56,4,231.9205,112.5,112.5,100,1630551
2025-11-22,Justin Champagnie,PTS,5.866666666666666,UNDER,0.6533,0.24780299999999988,2,1,A,6.755152308517381,8.356919003920957,2.2,3.5,-0.47272727272727266,13.066666666666666,0.7142857142857143,0.2,0.3,0.3333333333333333,0.56,0.32760902498090805,1.2371177765131889,1.030674116047594,1.0201949860724235,1.037,1.0243866380624918,1.029431982837495,0.9919799731120486,0.95,1.0,1.0,75,0,1,4.840000000000001,0,236.7505,117.2,117.2,100,1630551
2025-11-25,Justin Champagnie,PTS,4.533333333333333,UNDER,0.5237,0.00026700000000007273,4,1,C,6.835427338645559,7.099966465380229,2.6,3.7,-0.4864864864864864,12.066666666666666,1.3259668508287292,0.2,0.3,0.26666666666666666,0.631578947368421,0.26910060090362337,1.038701183353825,1.0223382190951582,1.0053969359331478,1.026,1.012173449197952,1.0177040695187711,1.0128205128205128,1.02,1.0,1.0,76,1,0,3.3200000000000003,2,235.78449999999998,115.5,115.5,100,1630551
2025-11-28,Justin Champagnie,PTS,3.0,OVER,0.605,0.15554999999999997,0,0,A,2.8377859503734726,3.4434202266268428,3.4,3.9,-0.2272727272727273,10.6,1.8238993710691824,0.6,0.6,0.4666666666666667,0.6753246753246753,0.5125877724830192,1.2134178852262147,1.0028877928728082,1.013231197771588,0.966,1.009093835812076,0.9918563014872457,0.9902376910016978,1.02,1.0,1.0,77,0,0,2.72,2,233.53049999999996,116.4,116.4,100,1630551
2025-12-01,Justin Champagnie,PTS,3.0,OVER,0.575,0.09824999999999984,10,1,A,3.0227979615310687,3.4434202266268428,3.4,3.5,-0.3928571428571429,10.933333333333334,1.5548780487804879,0.6,0.5,0.4666666666666667,0.6666666666666666,0.46380859657033907,1.1391499764287012,0.9885976838114898,1.0106197771587744,0.999,1.0018109398198605,1.0006865638919162,1.0161290322580645,1.02,1.0,1.0,78,1,0,2.3200000000000003,2,231.87449999999998,116.1,116.1,100,1630551
2025-12-02,Justin Champagnie,PTS,3.4,UNDER,0.5197,-0.007372999999999963,13,0,D,3.355212961385405,3.8877095717511767,4.6,3.3,0.125,11.8,1.327683615819209,0.6,0.5,0.4666666666666667,0.6708860759493671,0.514833954947628,1.1587072464532617,0.9950480802627792,0.9853760445682453,0.989,0.9892448588460588,0.9891469153076353,0.9818928984204442,0.95,1.0,1.0,79,0,1,6.5200000000000005,0,232.62199999999999,113.2,113.2,100,1630551
2025-12-04,Justin Champagnie,PTS,4.266666666666667,UNDER,0.5179,-0.010811000000000015,9,0,D,4.560811341212229,4.479583313955291,5.8,4.0,0.6666666666666667,13.4,1.3432835820895521,0.4,0.3,0.3333333333333333,0.625,0.39346809995644544,0.9821900049837736,0.9564449384235232,0.9949512534818943,0.973,0.9795487274585458,0.9769292364751274,1.0130718954248366,1.0,1.0,1.0,80,1,0,6.56,1,228.14849999999996,114.3,114.3,100,1630551
2025-12-06,Justin Champagnie,PTS,4.866666666666666,OVER,0.5245,0.00179499999999988,16,1,C,5.385577551037841,4.470005859163093,7.2,4.9,0.8750000000000002,14.133333333333333,1.3679245283018868,0.6,0.4,0.4,0.6296296296296297,0.47851954499352506,0.8299956349717199,1.0223382190951582,1.0053969359331478,1.026,1.012173449197952,1.0177040695187711,1.0137857900318132,1.0,1.0,1.0,81,1,0,3.3200000000000003,1,235.78449999999998,115.5,115.5,100,1630551
2025-12-12,Justin Champagnie,PTS,5.8,OVER,0.5916,0.12995599999999996,3,0,A,6.982247984635251,5.226307081896902,9.6,6.5,1.076923076923077,15.933333333333334,1.485355648535565,0.8,0.5,0.4666666666666667,0.5609756097560976,0.5554772749211034,0.7485135293672789,1.0140023221427226,0.9975626740947077,1.029,1.0041385333139137,1.014083119988348,1.0195111011437543,1.03,1.0,1.0,82,1,0,4.640000000000001,5,234.81849999999997,114.6,114.6,100,1630551
2025-12-14,Justin Champagnie,PTS,5.733333333333333,OVER,0.5886,0.12422599999999995,13,1,A,7.563937496464405,5.257194616722424,10.2,6.8,0.8965517241379308,16.0,1.3541666666666667,0.8,0.5,0.4666666666666667,0.5542168674698795,0.5026166232172621,0.6950341167123318,1.0028877928728082,1.013231197771588,0.966,1.009093835812076,0.9918563014872457,0.9830859375000001,1.0,1.0,1.0,83,0,0,2.72,1,233.53049999999996,116.4,116.4,100,1630551
2025-12-18,Justin Champagnie,PTS,5.8,OVER,0.6224,0.18878399999999984,5,0,A,7.433842426974934,5.347896782848375,10.8,7.7,2.3684210526315788,16.933333333333334,1.6338582677165354,0.8,0.6,0.4666666666666667,0.5595238095238095,0.5499489095779005,0.7193987275601433,1.0000099236868483,0.9749303621169918,0.987,0.9849621867449343,0.9857773120469606,0.9878795801740559,1.03,0.95,1.0,84,0,0,8.92,3,233.19699999999997,112.0,112.0,100,1630551
2025-12-20,Justin Champagnie,PTS,5.733333333333333,OVER,0.6351,0.21304099999999992,4,0,A,6.320009241171647,5.351457300408482,9.2,7.5,3.0588235294117654,16.866666666666667,1.3636363636363635,0.6,0.5,0.4,0.5529411764705883,0.4702820480087794,0.846748334724965,1.0086435312447282,0.9897284122562676,1.001,0.9972944598516518,0.9987766759109911,0.9859603415834419,1.0,1.0,1.0,85,0,0,5.880000000000001,1,234.1975,113.7,113.7,100,1630551
2025-12-21,Justin Champagnie,PTS,6.0,OVER,0.6084,0.16204400000000008,5,0,A,6.030008086025191,5.140872632984737,8.2,7.7,2.7058823529411766,17.666666666666668,1.4150943396226414,0.4,0.5,0.4,0.46511627906976744,0.4255287940689271,0.8525482154657364,1.0000099236868483,0.9749303621169918,0.987,0.9849621867449343,0.9857773120469606,1.0166163141993958,0.95,1.0,1.0,86,1,1,6.5200000000000005,0,233.19699999999997,112.0,112.0,100,1630551
2025-12-23,Justin Champagnie,PTS,6.333333333333333,OVER,0.6266,0.19680600000000004,10,1,A,5.901257075272042,4.8795003647426665,6.0,7.8,1.0370370370370368,18.866666666666667,1.1130742049469964,0.2,0.5,0.4,0.45977011494252873,0.3850343753252835,0.8268577868246362,0.9908801317865614,1.021065459610028,1.048,1.0089913284806413,1.0245947970883846,0.9853387259858443,1.0,1.0,1.0,87,0,0,5.08,1,232.139,117.3,117.3,100,1630551
2025-12-26,Justin Champagnie,PTS,7.0,OVER,0.6587,0.2581169999999998,8,1,A,6.953335195817317,4.6291004988627575,7.4,8.8,0.3999999999999999,19.933333333333334,1.0702341137123745,0.4,0.6,0.4,0.42045454545454547,0.437504644632065,0.6657381484567764,0.9889946312854152,0.9792827298050141,0.948,0.9831674903971745,0.9691004942383047,1.0125553914327918,1.02,1.0,1.0,88,1,0,4.16,2,231.9205,112.5,112.5,100,1630551
2025-03-04,Clint Capela,PTS,8.4,UNDER,0.6971,0.331461,8,1,A,9.020482011317654,5.011415539973284,7.0,8.1,-0.34246575342465757,19.133333333333333,0.7491289198606272,0.2,0.4,0.4666666666666667,0.45098039215686275,0.39893033039242454,0.5555596179545231,0.9885976838114898,1.0106197771587744,1.005,1.0018109398198605,1.0030865638919162,0.9691558441558441,0.95,1.0,1.0,51,1,1,-2.2,0,233.03599999999997,116.1,116.1,100,203991
2025-03-06,Clint Capela,PTS,7.733333333333333,UNDER,0.6146,0.17388599999999999,6,1,A,7.813451249994387,4.250490167812021,7.0,7.7,-0.2333333333333334,18.866666666666667,0.8480565371024735,0.8,0.7,0.6666666666666666,0.6538461538461539,0.7032837959086834,0.5439965044659458,1.0028877928728082,1.013231197771588,1.042,1.009093835812076,1.0222563014872457,0.9691063829787234,1.0,1.0,1.0,52,1,0,-4.2,1,234.69199999999995,116.4,116.4,100,203991
2025-03-08,Clint Capela,PTS,7.466666666666667,UNDER,0.6058,0.15707799999999994,8,0,A,6.642233147575098,4.223516927643979,6.6,6.7,-0.18333333333333335,18.066666666666666,0.940959409594096,0.6,0.6,0.6,0.6415094339622641,0.6090251906511621,0.6358579763472879,1.0028877928728082,1.013231197771588,1.042,1.009093835812076,1.0222563014872457,0.9667905623787977,1.0,1.0,1.0,53,1,0,-4.2,1,234.69199999999995,116.4,116.4,100,203991
2025-03-10,Clint Capela,PTS,7.8,UNDER,0.6154,0.17541399999999985,4,1,A,7.891424514036771,4.039094665180022,6.6,7.0,-0.18333333333333335,17.8,0.9550561797752809,0.6,0.7,0.6666666666666666,0.6481481481481481,0.6735636663770757,0.5118334032081956,0.9950480802627792,0.9853760445682453,1.011,0.9892448588460588,0.9979469153076352,0.9669421487603305,1.0,1.0,1.0,54,1,0,-0.4,1,233.78349999999998,113.2,113.2,100,203991
2025-10-21,Clint Capela,PTS,7.333333333333333,UNDER,0.6338,0.21055800000000002,4,1,A,6.325525939873614,4.0473389258811014,7.4,6.4,-0.21052631578947356,17.6,0.9090909090909091,0.6,0.6,0.6,0.6363636363636364,0.582133305382088,0.6398422778362629,1.004674056505473,0.910515320334262,0.971,0.9481788148027464,0.9573072888816478,1.0384790528233152,1.03,1.0,1.0,55,0,0,3.28,224,228.17149999999998,104.6,104.6,100,203991
2025-10-24,Clint Capela,PTS,7.4,UNDER,0.6946,0.3266859999999999,2,1,A,7.249239521036543,3.9785137210485315,6.0,6.5,-0.33870967741935487,16.733333333333334,0.8366533864541832,0.4,0.6,0.6,0.625,0.5267359969946672,0.5488180807798247,1.0052694777163613,0.9636142061281339,0.956,0.9802763147634248,0.9705657888580548,0.9674796747967479,1.02,1.0,1.0,56,1,0,-1.9200000000000004,2,228.24049999999997,110.7,110.7,100,203991
2025-10-27,Clint Capela,PTS,6.733333333333333,UNDER,0.76,0.4516,8,0,A,7.132819835861255,3.990464825532174,4.8,5.9,-0.2586206896551725,15.666666666666666,0.6382978723404256,0.2,0.5,0.5333333333333333,0.631578947368421,0.449278136121872,0.5594512292977808,0.9727197848544692,1.00974930362117,0.985,0.9949374961144897,0.9909624976686938,0.9615384615384616,1.02,1.0,1.0,57,1,0,-6.24,2,224.46849999999998,116.0,116.0,100,203991
2025-10-29,Clint Capela,PTS,6.2,UNDER,0.7951,0.518641,4,1,A,5.756945405254328,3.098386676965934,5.2,5.9,-0.04761904761904756,15.2,0.5701754385964912,0.4,0.5,0.5333333333333333,0.6379310344827587,0.5016862506325636,0.5381997672130182,0.9889946312854152,0.9792827298050141,0.977,0.9831674903971745,0.9807004942383047,1.040552077404667,1.0,1.0,1.0,58,0,0,-1.7600000000000002,1,226.35449999999997,112.5,112.5,100,203991
2025-11-01,Clint Capela,PTS,6.133333333333334,UNDER,0.8054,0.538314,4,1,A,6.211996298290387,3.136573805618997,4.4,5.5,-0.2499999999999999,14.666666666666666,0.5454545454545455,0.2,0.4,0.5333333333333333,0.6271186440677966,0.45394449168651,0.5049220339172157,0.9564449384235232,0.9949512534818943,0.963,0.9795487274585458,0.9729292364751274,1.0347553495979283,1.02,1.0,1.0,59,0,0,0.6399999999999999,2,222.58249999999998,114.3,114.3,100,203991
2025-11-03,Clint Capela,PTS,5.733333333333333,UNDER,0.5921,0.1309109999999999,4,1,A,4.990960064834098,2.9872745979922106,4.4,5.9,-0.26086956521739135,14.466666666666667,0.8755760368663594,0.2,0.5,0.5333333333333333,0.7333333333333333,0.44424281825802386,0.5985370668541923,1.0145977433536109,0.9845055710306407,1.036,0.9965424399598288,1.0123254639758974,0.9705882352941176,1.0,1.0,1.0,60,1,0,-5.96,1,229.3215,113.1,113.1,100,203991
2025-11-05,Clint Capela,PTS,5.8,UNDER,0.6586,0.2579259999999999,6,0,A,5.541759125422686,2.932575659723036,4.4,5.2,-0.3877551020408163,14.0,0.8333333333333333,0.2,0.4,0.5333333333333333,0.7213114754098361,0.4019675246536083,0.5291777562597255,1.0086435312447282,0.9897284122562676,1.006,0.9972944598516518,1.000776675910991,1.0340466926070038,1.0,1.0,1.0,61,0,0,-2.44,1,228.6315,113.7,113.7,100,203991
2025-11-07,Clint Capela,PTS,5.666666666666667,UNDER,0.546,0.04286000000000001,0,1,B,5.5990392347448505,2.8702082220799308,5.2,5.0,-0.34693877551020413,13.866666666666667,1.0817307692307692,0.4,0.4,0.5333333333333333,0.7258064516129032,0.4588778391059174,0.5126251311597975,1.0000099236868483,0.9749303621169918,0.963,0.9849621867449343,0.9761773120469606,1.0307692307692307,1.0,1.0,1.0,62,0,0,0.6,1,227.63099999999997,112.0,112.0,100,203991
2025-11-09,Clint Capela,PTS,5.133333333333334,UNDER,0.6571,0.255061,4,1,A,4.899159330401744,3.136573805618997,3.6,4.4,-0.37777777777777777,13.0,0.8461538461538461,0.2,0.3,0.4666666666666667,0.7142857142857143,0.387877535745139,0.6402269438666714,0.9885976838114898,1.0106197771587744,1.005,1.0018109398198605,1.0030865638919162,1.0224759615384613,1.0,1.0,1.0,63,0,0,-3.6,1,226.3085,116.1,116.1,100,203991
2025-11-12,Clint Capela,PTS,4.866666666666666,UNDER,0.7049,0.34635899999999986,2,1,A,3.707293904192966,3.0441200151549,3.6,4.0,-0.2682926829268293,12.4,0.7795698924731183,0.2,0.2,0.4,0.71875,0.3236338045724026,0.8211164514666579,1.0123152953785393,1.0680710306406687,1.089,1.0457687365358168,1.0630612419214902,0.9806697857670524,1.02,0.95,1.0,64,1,0,-9.52,2,229.057,122.7,122.7,100,203991
2025-11-14,Clint Capela,PTS,5.0,UNDER,0.8077,0.5427069999999999,2,1,A,4.978154117293116,2.8535691936340255,3.2,3.8,-0.4418604651162792,12.333333333333334,0.6216216216216216,0.2,0.2,0.4,0.6923076923076923,0.29283597611844703,0.5732183308108711,1.0176740862765334,1.0149721448467968,1.016,1.0160529214186913,1.0160317528512148,0.9749881178707225,1.0,1.0,1.0,65,1,0,-6.0,1,229.67799999999997,116.6,116.6,100,203991
2025-11-19,Clint Capela,PTS,4.4,UNDER,0.7257,0.38608699999999996,4,1,A,4.201083411415766,2.4142434484888695,2.8,3.6,-0.45000000000000007,11.866666666666667,0.7303370786516853,0.2,0.2,0.3333333333333333,0.696969696969697,0.2376366451536759,0.5746716292108252,1.0140023221427226,0.9975626740947077,1.022,1.0041385333139137,1.0112831199883483,1.0303030303030303,1.03,1.0,1.0,66,0,0,-1.28,4,229.2525,114.6,114.6,100,203991
2025-11-21,Clint Capela,PTS,4.133333333333334,UNDER,0.6024,0.15058400000000005,0,1,A,3.906080357511655,2.1995670569671746,2.4,3.8,-0.38888888888888895,11.4,0.9649122807017544,0.0,0.2,0.26666666666666666,0.6865671641791045,0.18769022504619998,0.5631136217505764,0.9973305282378511,1.0045264623955434,0.968,1.0016480887324666,0.9881888532394799,0.9732285258601048,1.0,1.0,1.0,67,1,0,-1.1600000000000001,1,227.3205,115.4,115.4,100,203991
2025-11-24,Clint Capela,PTS,3.7333333333333334,UNDER,0.6709,0.2814190000000001,2,1,A,3.6876879402998384,2.374467358818655,2.4,3.0,-0.47058823529411753,10.733333333333333,0.8385093167701864,0.4,0.6,0.6666666666666666,0.8382352941176471,0.5713964330569391,0.64389053446469,0.992070974208338,0.9871169916434542,0.971,0.9890985846694077,0.9818591508016445,1.0338345864661656,1.02,1.0,1.0,68,0,0,-1.7600000000000002,2,226.71099999999996,113.4,113.4,100,203991
2025-11-26,Clint Capela,PTS,3.3333333333333335,UNDER,0.6022,0.15020199999999984,6,0,A,2.9369916928080784,2.0930724738891344,2.0,2.8,-0.5333333333333333,10.533333333333333,0.9810126582278482,0.2,0.5,0.6,0.8260869565217391,0.48968856977681813,0.7126586292411107,1.000208397423811,0.9662256267409473,0.992,0.9798187350140928,0.9846912410084557,1.0279293739967899,1.0,1.0,1.0,69,0,0,-1.1600000000000001,1,227.654,111.0,111.0,100,203991
2025-11-30,Clint Capela,PTS,3.466666666666667,UNDER,0.5147,-0.016922999999999966,6,0,D,3.3198677312070686,2.199567056967175,2.8,3.0,-0.375,10.533333333333333,1.1075949367088607,0.4,0.5,0.6,0.8285714285714286,0.5382511230826184,0.6625465937365631,1.0237275352538975,1.0576253481894151,1.052,1.044066223015208,1.0472397338091248,1.0257201646090535,1.03,1.0,1.0,70,0,0,-4.92,3,230.37949999999995,121.5,121.5,100,203991
2025-12-01,Clint Capela,PTS,3.6,UNDER,0.5361,0.023951,2,1,B,3.385016637329045,2.2928460168844436,3.6,3.2,-0.2142857142857143,10.933333333333334,1.371951219512195,0.6,0.5,0.6,0.8309859154929577,0.5821923384290723,0.6773514763855397,1.0237275352538975,1.0576253481894151,1.052,1.044066223015208,1.0472397338091248,1.0236610236610235,0.95,1.0,1.0,71,0,1,-4.92,0,230.37949999999995,121.5,121.5,100,203991
2025-12-03,Clint Capela,PTS,3.6,UNDER,0.6268,0.19718800000000003,4,0,A,4.021492440094335,2.2928460168844436,3.2,2.8,-0.2666666666666666,11.266666666666667,1.2130177514792897,0.4,0.4,0.6,0.8194444444444444,0.5267894123044794,0.5701480360934507,1.0066587938751006,1.0393454038997216,1.049,1.0262707598898733,1.035362455933924,0.9791756118505797,1.0,0.95,1.0,72,1,0,-8.559999999999999,1,228.4015,119.4,119.4,100,203991
2025-12-05,Clint Capela,PTS,3.3333333333333335,UNDER,0.5702,0.089082,4,0,A,3.4790706301282626,1.9518001458970664,4.0,3.2,0.0,10.933333333333334,0.975609756097561,0.6,0.5,0.6,0.821917808219178,0.5718213536423061,0.5610119349100738,0.992070974208338,0.9871169916434542,0.971,0.9890985846694077,0.9818591508016445,0.9760869565217392,1.0,1.0,1.0,73,1,0,-4.16,1,226.71099999999996,113.4,113.4,100,203991
2025-12-06,Clint Capela,PTS,3.3333333333333335,UNDER,0.5236,7.599999999985396e-05,8,0,C,3.5441868013622297,1.9518001458970664,4.4,3.2,0.09090909090909083,11.733333333333333,1.0227272727272727,0.8,0.5,0.6,0.8243243243243243,0.612567939171572,0.5507046482840239,1.0145977433536109,0.9845055710306407,1.036,0.9965424399598288,1.0123254639758974,1.0253691783415373,0.95,1.0,1.0,74,0,1,-3.56,0,229.3215,113.1,113.1,100,203991
2025-12-11,Clint Capela,PTS,3.6,OVER,0.5411,0.033501,4,1,B,4.101163451191951,2.2928460168844436,4.8,3.8,0.4545454545454546,12.533333333333333,1.5159574468085106,0.8,0.6,0.6,0.8266666666666667,0.6494369744156543,0.5590720887308349,0.9623991505324059,1.0271587743732593,0.983,1.001254924836918,0.9939529549021507,0.9728132387706856,1.03,1.0,1.0,75,1,0,-6.08,4,223.27249999999998,118.0,118.0,100,203991
2025-12-15,Clint Capela,PTS,3.6,OVER,0.6132,0.17121199999999992,1,0,A,4.358385647270097,2.2928460168844436,4.4,4.0,0.8888888888888886,12.266666666666667,1.4945652173913042,0.8,0.7,0.6,0.8289473684210527,0.6827974570713867,0.5260769015060845,0.9973305282378511,1.0045264623955434,0.968,1.0016480887324666,0.9881888532394799,1.028349584687613,1.03,1.0,1.0,76,0,0,1.2399999999999998,3,227.3205,115.4,115.4,100,203991
2025-12-18,Clint Capela,PTS,3.2666666666666666,OVER,0.6291,0.2015809999999999,3,0,A,3.128984558929915,2.282438128301359,4.2,3.7,1.0714285714285716,11.666666666666666,1.2571428571428571,0.8,0.6,0.5333333333333333,0.8181818181818182,0.5904883847126129,0.7294501092334993,1.0108267423513184,1.0332520891364905,1.036,1.0242819504224216,1.028969170253453,1.0226933216168717,1.02,1.0,1.0,77,0,0,-4.88,2,228.88449999999997,118.7,118.7,100,203991
2025-12-21,Clint Capela,PTS,3.466666666666667,UNDER,0.6616,0.2636559999999999,2,1,A,3.6525967440179556,2.0998866182543785,4.0,4.0,0.30000000000000004,11.733333333333333,0.5965909090909092,0.6,0.6,0.5333333333333333,0.8076923076923077,0.534295985403585,0.574902395588418,1.0066587938751006,1.0393454038997216,1.049,1.0262707598898733,1.035362455933924,1.0188470066518847,1.02,1.0,1.0,78,0,0,-6.159999999999999,2,228.4015,119.4,119.4,100,203991
2025-12-23,Clint Capela,PTS,3.3333333333333335,UNDER,0.5811,0.1099009999999998,2,1,A,3.176154523538571,2.126924898488314,3.6,4.0,0.18181818181818188,12.066666666666666,0.718232044198895,0.4,0.6,0.4666666666666667,0.7974683544303798,0.45611869651417897,0.669654099863723,0.9623991505324059,1.0271587743732593,0.983,1.001254924836918,0.9939529549021507,1.0144765223162437,1.0,1.0,1.0,79,0,0,-3.6799999999999997,1,223.27249999999998,118.0,118.0,100,203991
2025-12-25,Clint Capela,PTS,3.3333333333333335,UNDER,0.6511,0.24360099999999996,6,0,A,3.0291352080962497,2.126924898488314,2.4,3.6,0.09090909090909083,11.733333333333333,0.6818181818181819,0.2,0.5,0.4666666666666667,0.7875,0.4127132636718171,0.7021558142414657,0.9876053151266759,1.0280292479108637,0.969,1.0118596747971886,0.9947158048783131,1.0103359173126614,1.0,1.0,1.0,80,0,0,-2.4,1,226.19349999999997,118.1,118.1,100,203991
2025-02-03,Deandre Ayton,PTS,14.8,OVER,0.5646,0.07838599999999996,25,1,A,16.852670268127667,6.81594768591594,20.8,15.5,0.25,30.6,1.1111111111111112,1.0,0.6,0.5333333333333333,0.5428571428571428,0.6198737124794468,0.4044431877841037,0.992070974208338,0.9871169916434542,0.971,0.9890985846694077,0.9818591508016445,1.0176271556428729,1.0,1.0,1.0,35,1,0,0.6399999999999999,1,232.89799999999997,113.4,113.4,100,1629028
2025-02-04,Deandre Ayton,PTS,15.266666666666667,OVER,0.5741,0.09653100000000003,8,0,A,18.27588792582742,7.2748752239340515,22.8,16.2,0.7023809523809523,31.133333333333333,1.177730192719486,1.0,0.5,0.4666666666666667,0.4722222222222222,0.5817506078499007,0.39805864718907713,1.0028877928728082,1.013231197771588,1.042,1.009093835812076,1.0222563014872457,1.0251330573625075,0.95,1.0,1.0,36,1,1,-3.2,0,234.1515,116.4,116.4,100,1629028
2025-02-06,Deandre Ayton,PTS,14.4,OVER,0.6488,0.23920799999999998,18,1,A,15.776997611451861,7.317298486658663,20.0,15.9,1.1076923076923078,30.2,1.0706401766004416,0.8,0.6,0.4666666666666667,0.5405405405405406,0.56628403300414,0.46379537265996307,1.0066587938751006,1.0393454038997216,1.049,1.0262707598898733,1.035362455933924,1.0188191881918818,1.0,1.0,1.0,37,1,0,-3.7600000000000002,1,234.58849999999998,119.4,119.4,100,1629028
2025-02-08,Deandre Ayton,PTS,14.8,OVER,0.6158,0.17617799999999995,6,0,A,15.245270027588958,7.340688951707073,19.4,17.1,1.0895522388059704,30.266666666666666,1.0462555066079295,0.8,0.7,0.5333333333333333,0.5526315789473685,0.6348898676478762,0.4815059974944901,1.0027885560043268,0.9766713091922007,0.991,0.9871182079170511,0.9886709247502306,0.9750000000000001,1.0,1.0,1.0,38,0,0,4.4,1,234.14,112.2,112.2,100,1629028
2025-02-10,Deandre Ayton,PTS,14.8,OVER,0.5073,-0.031057000000000112,10,0,D,14.629346529094619,7.340688951707073,16.2,17.5,0.631578947368421,31.0,0.9139784946236559,0.6,0.7,0.5333333333333333,0.5384615384615384,0.5744721085796964,0.5017783218893629,0.9973305282378511,1.0045264623955434,0.968,1.0016480887324666,0.9881888532394799,0.967020023557126,1.0,1.0,1.0,39,0,0,6.04,1,233.5075,115.4,115.4,100,1629028
2025-10-21,Deandre Ayton,PTS,14.8,OVER,0.5679,0.0846889999999999,10,0,A,15.130148722866352,7.340688951707073,13.4,17.1,0.28409090909090917,30.0,0.9111111111111111,0.4,0.7,0.5333333333333333,0.525,0.519803859460926,0.485169649430677,1.000208397423811,0.9662256267409473,0.992,0.9798187350140928,0.9846912410084557,1.0324074074074074,1.03,1.0,1.0,40,1,0,0.040000000000000036,252,230.35649999999998,111.0,111.0,100,1629028
2025-10-24,Deandre Ayton,PTS,14.266666666666667,OVER,0.5816,0.11085599999999995,15,1,A,13.544343436338067,7.382089006185045,10.4,16.6,0.10989010989010994,29.933333333333334,0.9465478841870824,0.2,0.6,0.4666666666666667,0.5121951219512195,0.4430056786943714,0.5450311446164062,1.0027885560043268,0.9766713091922007,0.991,0.9871182079170511,0.9886709247502306,1.0279242941358984,1.02,1.0,1.0,41,1,0,0.8,2,230.65549999999996,112.2,112.2,100,1629028
2025-10-26,Deandre Ayton,PTS,14.533333333333333,UNDER,0.5053,-0.0348770000000001,22,0,D,13.051631438102959,7.327703466655709,11.8,15.9,-0.0980392156862745,30.2,0.9271523178807948,0.4,0.6,0.5333333333333333,0.5238095238095238,0.5233429998345029,0.5614396561385573,1.0066587938751006,1.0393454038997216,1.049,1.0262707598898733,1.035362455933924,0.9671162098257291,1.0,1.0,1.0,42,0,0,-2.56,1,231.10399999999996,119.4,119.4,100,1629028
2025-10-27,Deandre Ayton,PTS,15.6,OVER,0.5431,0.03732099999999999,16,1,B,13.630442253385809,7.159409393039544,12.6,16.0,-0.2583333333333333,31.2,1.079059829059829,0.2,0.5,0.4666666666666667,0.4418604651162791,0.44830250782859105,0.5252514379172946,1.0176740862765334,1.0149721448467968,1.016,1.0160529214186913,1.0160317528512148,1.0206574080535975,0.95,1.0,1.0,43,1,1,-2.4,0,232.38049999999998,116.6,116.6,100,1629028
2025-10-29,Deandre Ayton,PTS,16.533333333333335,UNDER,0.5589,0.06749899999999986,17,0,A,15.545842736575423,6.0929311110342885,14.6,15.4,-0.32167832167832155,32.0,1.0729166666666667,0.2,0.4,0.4666666666666667,0.36363636363636365,0.405640883682668,0.39193314986386474,1.0027885560043268,0.9766713091922007,0.991,0.9871182079170511,0.9886709247502306,0.9751173708920188,1.0,1.0,1.0,44,0,0,3.2,1,230.65549999999996,112.2,112.2,100,1629028
2025-10-31,Deandre Ayton,PTS,16.733333333333334,UNDER,0.5932,0.1330119999999999,9,1,A,15.862546208242065,6.052941040361722,16.0,14.7,-0.2992700729927008,32.733333333333334,1.0896130346232178,0.4,0.4,0.5333333333333333,0.37777777777777777,0.4895339351906703,0.3815869760692427,1.0086435312447282,0.9897284122562676,1.006,0.9972944598516518,1.000776675910991,0.9785496515679443,1.0,1.0,1.0,45,0,0,1.16,1,231.33399999999997,113.7,113.7,100,1629028
2025-11-03,Deandre Ayton,PTS,16.333333333333332,UNDER,0.6992,0.335472,29,0,A,15.949264628381798,6.365831408685712,15.8,13.1,-0.2928571428571429,31.4,0.9341825902335457,0.4,0.3,0.5333333333333333,0.3695652173913043,0.44294862195890883,0.3991300888793131,1.0176740862765334,1.0149721448467968,1.016,1.0160529214186913,1.0160317528512148,0.9747778537252221,1.02,1.0,1.0,46,0,0,-0.0,2,232.38049999999998,116.6,116.6,100,1629028
2025-11-05,Deandre Ayton,PTS,16.8,UNDER,0.6696,0.27893599999999985,22,0,A,17.445672736095503,7.0325772556825035,18.6,15.2,-0.048387096774193616,31.2,0.8867521367521368,0.6,0.4,0.5333333333333333,0.3829787234042553,0.49595906937992584,0.40311298750502966,1.0000099236868483,0.9749303621169918,0.963,0.9849621867449343,0.9761773120469606,1.0121577809798272,1.0,1.0,1.0,47,1,0,1.8,1,230.3335,112.0,112.0,100,1629028
2025-11-08,Deandre Ayton,PTS,16.866666666666667,UNDER,0.6585,0.25773499999999994,11,1,A,18.149897457822135,7.079817054402573,18.6,15.6,0.15044247787610643,31.133333333333333,0.867237687366167,0.6,0.4,0.5333333333333333,0.3958333333333333,0.5439249057532899,0.39007476878891983,1.0223382190951582,1.0053969359331478,1.031,1.012173449197952,1.0197040695187711,0.9823900898712655,1.02,1.0,1.0,48,0,0,1.0,2,232.92099999999996,115.5,115.5,100,1629028
2025-11-10,Deandre Ayton,PTS,16.133333333333333,UNDER,0.578,0.10397999999999985,14,1,A,17.52602790307151,7.079817054402573,17.6,16.1,0.24752475247524752,30.133333333333333,0.9292035398230089,0.6,0.4,0.4666666666666667,0.3877551020408163,0.4648313039418798,0.4039601610563342,0.9908801317865614,1.021065459610028,0.979,1.0089913284806413,0.9969947970883848,0.9802269601100413,1.0,1.0,1.0,49,0,0,0.36,1,229.2755,117.3,117.3,100,1629028
2025-11-12,Deandre Ayton,PTS,15.466666666666667,UNDER,0.5466,0.044005999999999934,6,1,B,17.22020822892614,6.749250399294795,17.0,16.5,0.28260869565217406,30.133333333333333,0.9513274336283186,0.4,0.5,0.4666666666666667,0.46,0.46049107193744465,0.3919377924802064,1.004674056505473,0.910515320334262,0.971,0.9481788148027464,0.9573072888816478,0.9804318488529015,1.0,1.0,1.0,50,0,0,6.88,1,230.87399999999997,104.6,104.6,100,1629028
2025-11-14,Deandre Ayton,PTS,14.2,OVER,0.5158,-0.014821999999999946,20,1,D,13.523807366754681,6.6138383063737765,16.4,16.1,0.2134831460674158,29.066666666666666,0.9059633027522935,0.4,0.6,0.4666666666666667,0.5294117647058824,0.43913995303158654,0.48905150206682546,1.0108267423513184,1.0332520891364905,1.036,1.0242819504224216,1.028969170253453,0.9752857584182886,1.0,1.0,1.0,51,0,0,-1.28,1,231.587,118.7,118.7,100,1629028
2025-11-15,Deandre Ayton,PTS,15.0,OVER,0.555,0.06005000000000005,20,1,A,15.682669583296047,6.535616704970214,14.6,16.6,0.14432989690721643,30.0,1.0555555555555556,0.4,0.6,0.4666666666666667,0.46153846153846156,0.4747817966382488,0.41674133796273066,0.9885976838114898,1.0106197771587744,1.005,1.0018109398198605,1.0030865638919162,0.9795982423101067,0.95,1.0,1.0,52,0,1,-0.0,0,229.01099999999997,116.1,116.1,100,1629028
2025-11-18,Deandre Ayton,PTS,15.133333333333333,OVER,0.6269,0.19737899999999997,20,1,A,14.6031301205212,6.62103430274268,14.2,16.4,0.27083333333333326,29.8,1.006711409395973,0.4,0.6,0.4666666666666667,0.4716981132075472,0.5247629169646676,0.4533982953037173,1.0237275352538975,1.0576253481894151,1.052,1.044066223015208,1.0472397338091248,1.018551461245235,1.02,1.0,1.0,53,1,0,-3.72,2,233.082,121.5,121.5,100,1629028
2025-11-23,Deandre Ayton,PTS,16.066666666666666,OVER,0.638,0.21858,2,0,A,15.81747411041033,6.215954893505521,16.0,16.8,0.14141414141414144,29.666666666666668,1.0561797752808988,0.6,0.6,0.4666666666666667,0.4074074074074074,0.5522566582480439,0.39298024767522566,1.0237275352538975,1.0576253481894151,1.052,1.044066223015208,1.0472397338091248,0.9803505045140732,1.03,1.0,1.0,54,0,0,-1.3200000000000003,4,233.082,121.5,121.5,100,1629028
2025-11-28,Deandre Ayton,PTS,15.533333333333333,UNDER,0.6115,0.16796500000000003,17,0,A,14.09028984660904,7.059610133576446,13.6,15.3,-0.211864406779661,29.266666666666666,0.8086560364464693,0.6,0.5,0.5333333333333333,0.4727272727272727,0.5404774939760608,0.501026608425334,1.0145977433536109,0.9845055710306407,1.036,0.9965424399598288,1.0123254639758974,1.029499857373776,1.03,1.0,1.0,55,1,0,-2.3600000000000003,4,232.02399999999997,113.1,113.1,100,1629028
2025-11-30,Deandre Ayton,PTS,16.0,UNDER,0.537,0.025670000000000026,22,0,B,15.12867268447576,6.897204402613321,15.8,16.1,-0.2384615384615385,29.4,0.8956916099773242,0.8,0.6,0.5333333333333333,0.4107142857142857,0.5746443950491706,0.4559028109379923,1.0108267423513184,1.0332520891364905,1.036,1.0242819504224216,1.028969170253453,1.029817953546767,1.0,1.0,1.0,56,1,0,-3.6799999999999997,1,231.587,118.7,118.7,100,1629028
2025-12-01,Deandre Ayton,PTS,16.466666666666665,UNDER,0.672,0.28352,12,1,A,16.93212529508628,7.059610133576446,16.2,15.4,-0.1507936507936507,29.133333333333333,0.8695652173913043,0.8,0.6,0.6,0.42105263157894735,0.6424546360545478,0.4169358548052531,0.992070974208338,0.9871169916434542,0.971,0.9890985846694077,0.9818591508016445,1.0329346361185983,0.95,1.0,1.0,57,1,1,-0.5599999999999999,0,229.4135,113.4,113.4,100,1629028
2025-12-04,Deandre Ayton,PTS,15.8,UNDER,0.5594,0.06845400000000001,17,0,A,15.506006750769075,6.971370023173351,14.6,14.4,-0.04237288135593231,28.6,1.0606060606060606,0.6,0.5,0.6,0.4827586206896552,0.5841915575329916,0.44959157668544036,0.9889946312854152,0.9792827298050141,0.977,0.9831674903971745,0.9807004942383047,0.9697674418604652,1.02,1.0,1.0,58,0,0,1.8399999999999999,2,229.057,112.5,112.5,100,1629028
2025-12-05,Deandre Ayton,PTS,15.866666666666667,UNDER,0.6103,0.16567299999999985,6,1,A,15.82768972066151,6.978197338513587,14.0,15.0,0.01851851851851838,28.333333333333332,1.023529411764706,0.6,0.6,0.6,0.4915254237288136,0.6237609625205982,0.4408854015759627,0.9564449384235232,0.9949512534818943,0.963,0.9795487274585458,0.9729292364751274,0.9720448498669707,0.95,1.0,1.0,59,0,1,4.24,0,225.28499999999997,114.3,114.3,100,1629028
2025-12-07,Deandre Ayton,PTS,15.133333333333333,UNDER,0.5496,0.04973599999999989,14,1,B,13.519757995670261,7.41491418567689,14.8,14.2,-0.1351351351351352,27.866666666666667,1.0526315789473684,0.6,0.6,0.5333333333333333,0.48333333333333334,0.5370699554133834,0.5484502154588519,0.9950480802627792,0.9853760445682453,1.011,0.9892448588460588,0.9979469153076352,0.967979395754941,1.0,1.0,1.0,60,0,0,1.8,1,229.75849999999997,113.2,113.2,100,1629028
2025-12-10,Deandre Ayton,PTS,15.466666666666667,OVER,0.533,0.01802999999999999,11,0,C,16.27846452098288,7.229568912920511,14.2,15.0,-0.2622950819672131,28.8,1.0532407407407407,0.4,0.6,0.5333333333333333,0.47540983606557374,0.4859609917609337,0.4441186024395375,1.0000099236868483,0.9749303621169918,0.963,0.9849621867449343,0.9761773120469606,1.0346557490485526,1.02,1.0,1.0,61,1,0,1.8,2,230.3335,112.0,112.0,100,1629028
2025-12-14,Deandre Ayton,PTS,14.266666666666667,UNDER,0.534,0.019940000000000013,20,0,C,14.67411975969003,6.250333324444918,12.0,14.1,-0.12389380530973448,28.466666666666665,0.9953161592505855,0.2,0.5,0.4666666666666667,0.532258064516129,0.41238338566577787,0.42594264097630263,0.992070974208338,0.9871169916434542,0.971,0.9890985846694077,0.9818591508016445,0.9705052312775331,1.03,1.0,1.0,62,0,0,1.8399999999999999,3,229.4135,113.4,113.4,100,1629028
2025-12-23,Deandre Ayton,PTS,14.133333333333333,UNDER,0.5074,-0.030866000000000116,12,1,D,13.855582838604505,6.0929311110342885,13.6,14.1,0.09677419354838701,28.266666666666666,1.025943396226415,0.4,0.5,0.4666666666666667,0.5396825396825397,0.46830249989079026,0.43974556552454286,0.992070974208338,0.9871169916434542,0.971,0.9890985846694077,0.9818591508016445,0.9741869122257053,1.03,1.0,1.0,63,0,0,1.8399999999999999,8,229.4135,113.4,113.4,100,1629028
2025-12-25,Deandre Ayton,PTS,14.2,UNDER,0.6061,0.15765099999999987,10,1,A,14.028436424994652,6.061588664934066,12.6,13.3,-0.07070707070707072,28.733333333333334,0.962877030162413,0.2,0.4,0.4666666666666667,0.53125,0.42373762486096783,0.4320929632709496,0.9642846510335521,0.982764623955432,0.913,0.97537263478668,0.9504235808720081,1.0299290780141845,1.0,1.0,1.0,64,1,0,2.4,1,226.19349999999997,112.9,112.9,100,1629028
2025-03-31,Tony Bradley,PTS,3.4444444444444446,UNDER,0.5989,0.1438989999999999,4,0,A,3.6073728000000003,4.333333333333334,5.0,3.4444444444444446,3.166666666666667,5.555555555555555,1.08,0.4,0.0,0.0,0.3333333333333333,0.35190511461781465,1.2012435568991742,1.0066587938751006,1.0393454038997216,1.034,1.0262707598898733,1.029362455933924,0.6088709677419355,1.0,1.0,1.0,9,1,0,-1.7600000000000002,1,232.87499999999997,119.4,119.4,85,1628396
2025-04-04,Tony Bradley,PTS,3.5,UNDER,0.5668,0.08258799999999988,2,1,A,3.5427298484544707,4.089281382128433,5.8,3.5,3.833333333333333,5.8,1.264367816091954,0.6,0.4,0.0,0.4,0.44947255138170067,1.1542741211025156,1.0237275352538975,1.0576253481894151,1.07,1.044066223015208,1.054439733809125,0.7,1.03,1.0,1.0,10,1,0,-0.5200000000000002,3,234.85299999999998,121.5,121.5,100,1628396
2025-04-06,Tony Bradley,PTS,3.3636363636363638,OVER,0.5719,0.09232899999999988,0,0,A,3.169425035246152,3.905706780410615,3.8,3.7,2.1666666666666665,5.454545454545454,0.9166666666666667,0.4,0.4,0.0,0.36363636363636365,0.3853575543155417,1.232307669995823,0.9973305282378511,1.0045264623955434,0.98,1.0016480887324666,0.9929888532394799,1.3324324324324324,1.0,0.95,1.0,11,0,0,8.040000000000001,1,231.79399999999998,115.4,115.4,100,1628396
2025-04-11,Tony Bradley,PTS,3.0833333333333335,UNDER,0.5953,0.137023,10,0,A,2.6013135778592327,3.8484550225520446,3.2,3.7,0.05555555555555558,5.166666666666667,0.7741935483870968,0.4,0.4,0.0,0.3333333333333333,0.3328799983577374,1.4794275689435161,1.0031855034782524,0.9845055710306407,0.991,0.9919775440096854,0.9915865264058112,0.7432432432432432,1.03,1.0,1.0,12,1,0,2.84,4,232.4725,113.1,113.1,100,1628396
2025-04-13,Tony Bradley,PTS,3.6153846153846154,OVER,0.6062,0.15784199999999993,14,1,A,3.6174659566620755,4.1540835639657345,3.6,4.1,0.4444444444444444,6.615384615384615,1.4108527131782949,0.4,0.4,0.0,0.38461538461538464,0.42014822702838345,1.148340748394716,1.0140023221427226,0.9975626740947077,1.025,1.0041385333139137,1.0124831199883482,1.145390070921986,1.0,1.0,1.0,13,0,0,5.5200000000000005,1,233.726,114.6,114.6,100,1628396
2025-10-23,Tony Bradley,PTS,4.357142857142857,OVER,0.5174,-0.01176600000000011,2,0,D,4.901001581094652,4.861261989634803,6.0,5.5,0.9047619047619049,8.071428571428571,2.1887905604719764,0.4,0.4,0.0,0.35714285714285715,0.40872115010068566,0.9918915366987143,1.004674056505473,0.910515320334262,0.968,0.9481788148027464,0.9561072888816478,0.8114754098360657,1.03,1.0,1.0,14,1,0,7.68,192,232.64499999999998,104.6,104.6,100,1628396
2025-10-25,Tony Bradley,PTS,4.2,OVER,0.6898,0.31751799999999986,5,1,A,4.3770788352812815,4.723799923185328,5.6,5.7,0.6190476190476188,8.2,2.4796747967479678,0.4,0.4,0.3333333333333333,0.3333333333333333,0.3586548996792191,1.0792128953925422,1.0086435312447282,0.9897284122562676,1.005,0.9972944598516518,1.000376675910991,1.2142857142857144,1.0,1.0,1.0,15,0,0,4.359999999999999,1,233.10499999999996,113.7,113.7,100,1628396
2025-10-26,Tony Bradley,PTS,4.533333333333333,OVER,0.5856,0.11849599999999993,12,1,A,4.454943980871121,4.580496957858653,6.2,5.0,0.2758620689655171,8.6,1.7054263565891472,0.6,0.4,0.4,0.375,0.44701925874111076,1.0281828408003866,1.0027885560043268,0.9766713091922007,0.985,0.9871182079170511,0.9862709247502306,1.1911764705882353,0.95,1.0,1.0,16,0,1,6.4,0,232.4265,112.2,112.2,100,1628396
2025-10-29,Tony Bradley,PTS,5.333333333333333,OVER,0.6332,0.20941199999999993,6,1,A,6.2076788656936515,4.775931721614517,8.6,5.9,0.4516129032258065,10.2,1.3725490196078431,0.6,0.4,0.4,0.35294117647058826,0.4161366814588952,0.7693586966955402,1.0145977433536109,0.9845055710306407,0.995,0.9965424399598288,0.9959254639758973,1.1965277777777779,1.02,1.0,1.0,17,0,0,3.2399999999999998,2,233.795,113.1,113.1,100,1628396
2025-10-31,Tony Bradley,PTS,5.333333333333333,UNDER,0.5595,0.06864499999999996,2,1,A,5.372116125050525,4.775931721614517,7.8,5.7,0.6896551724137929,10.533333333333333,1.4240506329113924,0.6,0.4,0.4,0.3888888888888889,0.4716986223653597,0.8890224281161829,1.0223382190951582,1.0053969359331478,1.023,1.012173449197952,1.016504069518771,0.7747093023255813,1.0,1.0,1.0,18,1,0,1.8,1,234.69199999999995,115.5,115.5,100,1628396
2025-11-01,Tony Bradley,PTS,5.466666666666667,UNDER,0.5948,0.13606799999999997,5,1,A,4.950601609419209,4.642454194968535,5.4,5.7,0.6451612903225805,10.866666666666667,1.3190184049079754,0.4,0.4,0.4,0.3684210526315789,0.4268105635521912,0.937755562098881,1.000208397423811,0.9662256267409473,0.97,0.9798187350140928,0.9758912410084557,0.7758838383838383,0.95,1.0,1.0,19,1,1,3.2399999999999998,0,232.1275,111.0,111.0,100,1628396
2025-11-03,Tony Bradley,PTS,5.8,UNDER,0.5945,0.13549500000000003,4,1,A,6.575982173104649,4.394802124588286,6.0,5.8,0.4838709677419353,11.933333333333334,1.005586592178771,0.4,0.4,0.4,0.35,0.3861941683150375,0.6683111372416349,0.9885976838114898,1.0106197771587744,1.0,1.0018109398198605,1.0010865638919162,0.8010752688172043,1.0,1.0,1.0,20,1,0,0.8,1,230.78199999999998,116.1,116.1,100,1628396
2025-11-05,Tony Bradley,PTS,5.266666666666667,UNDER,0.5858,0.11887799999999993,4,1,A,5.039580077819437,4.061433010064071,5.8,6.0,0.24137931034482762,11.066666666666666,0.9036144578313253,0.4,0.4,0.3333333333333333,0.3333333333333333,0.3221106307333437,0.8059070294248409,0.9727197848544692,1.00974930362117,0.993,0.9949374961144897,0.9941624976686938,0.8149015932521088,1.0,1.0,1.0,21,1,0,0.5599999999999998,1,228.94199999999995,116.0,116.0,100,1628396
2025-11-08,Tony Bradley,PTS,5.333333333333333,OVER,0.6992,0.335472,6,1,A,5.584301636784858,4.029651999626672,4.2,6.4,-0.04999999999999993,11.733333333333333,1.1079545454545456,0.2,0.4,0.3333333333333333,0.3181818181818182,0.2914577514346931,0.7216035704594802,0.9973305282378511,1.0045264623955434,0.98,1.0016480887324666,0.9929888532394799,1.2079207920792079,1.02,0.95,1.0,22,0,0,8.040000000000001,2,231.79399999999998,115.4,115.4,100,1628396
2025-11-09,Tony Bradley,PTS,5.2,OVER,0.621,0.18611,6,1,A,4.82666104975533,3.9677269491305904,4.2,6.0,0.1470588235294119,12.2,1.010928961748634,0.2,0.4,0.3333333333333333,0.34782608695652173,0.35888446123877465,0.822043832833822,1.000208397423811,0.9662256267409473,0.97,0.9798187350140928,0.9758912410084557,1.1937128292268477,0.95,1.0,1.0,23,0,1,5.64,0,232.1275,111.0,111.0,100,1628396
2025-11-11,Tony Bradley,PTS,5.466666666666667,OVER,0.5789,0.10569899999999988,8,1,A,5.243196046013054,3.870523528019482,5.0,5.2,-0.10810810810810811,12.933333333333334,1.1855670103092784,0.4,0.4,0.4,0.375,0.4472269746299393,0.7381992765581677,1.0237275352538975,1.0576253481894151,1.07,1.044066223015208,1.054439733809125,1.1814159292035398,1.0,1.0,1.0,24,0,0,1.8799999999999997,1,234.85299999999998,121.5,121.5,100,1628396
2025-11-13,Tony Bradley,PTS,5.733333333333333,OVER,0.5972,0.1406519999999999,10,1,A,5.317928912784282,3.899938949461108,5.6,5.8,-0.2222222222222222,13.733333333333333,1.262135922330097,0.6,0.5,0.4666666666666667,0.4,0.527162586349608,0.7333567284221624,0.992070974208338,0.9871169916434542,0.975,0.9890985846694077,0.9834591508016446,1.17546090273363,1.0,1.0,1.0,25,0,0,5.04,1,231.18449999999999,113.4,113.4,100,1628396
2025-11-15,Tony Bradley,PTS,6.266666666666667,UNDER,0.6106,0.166246,5,1,A,5.633320171209107,3.899938949461108,6.8,6.3,-0.12244897959183665,14.733333333333333,1.1990950226244346,0.4,0.3,0.3333333333333333,0.2692307692307692,0.353414046185945,0.6922984724697523,0.9889946312854152,0.9792827298050141,0.965,0.9831674903971745,0.9759004942383047,0.7977099236641221,1.0,1.0,1.0,26,1,0,2.6399999999999997,1,230.82799999999997,112.5,112.5,100,1628396
2025-11-17,Tony Bradley,PTS,6.6,OVER,0.5098,-0.026281999999999972,4,0,D,6.903493287193669,3.5213633723318023,7.0,5.6,-0.1568627450980391,15.866666666666667,1.1764705882352942,0.4,0.2,0.3333333333333333,0.25925925925925924,0.31978225304853186,0.5100842755745284,1.0052694777163613,0.9636142061281339,0.965,0.9802763147634248,0.9741657888580548,1.1735819327731092,1.0,1.0,1.0,27,0,0,7.279999999999999,1,232.714,110.7,110.7,100,1628396
2025-11-19,Tony Bradley,PTS,6.2,UNDER,0.6512,0.2437919999999999,2,1,A,7.0802918812487405,3.4475664294853385,6.6,5.4,-0.06521739130434778,15.4,1.1471861471861473,0.4,0.2,0.26666666666666666,0.25,0.2620186447967758,0.48692433692116327,0.9908801317865614,1.021065459610028,1.012,1.0089913284806413,1.0101947970883849,0.8153846153846154,1.0,1.0,1.0,28,1,0,1.1599999999999997,1,231.04649999999998,117.3,117.3,100,1628396
2025-11-21,Tony Bradley,PTS,5.4,OVER,0.5874,0.12193399999999999,2,0,A,4.826049631229807,2.84855853271189,5.8,5.4,0.13888888888888884,13.866666666666667,0.9615384615384616,0.4,0.4,0.4,0.3793103448275862,0.3920504979477222,0.590246423136349,1.0140023221427226,0.9975626740947077,1.025,1.0041385333139137,1.0124831199883482,1.173943661971831,1.0,1.0,1.0,29,0,0,5.5200000000000005,1,233.726,114.6,114.6,100,1628396
2025-11-24,Tony Bradley,PTS,5.4,UNDER,0.8127,0.5522569999999999,0,1,A,4.877594868541792,2.84855853271189,4.6,5.1,-0.026315789473684292,13.466666666666667,0.6188118811881188,0.2,0.4,0.4,0.36666666666666664,0.3547419603027293,0.5840088423669136,1.0052694777163613,0.9636142061281339,0.965,0.9802763147634248,0.9741657888580548,0.8199404761904763,1.02,1.0,1.0,30,1,0,4.88,2,232.714,110.7,110.7,100,1628396
2025-11-28,Tony Bradley,PTS,5.066666666666666,UNDER,0.8464,0.6166240000000001,5,1,A,5.212432206144058,3.1728010758108782,2.6,4.7,-0.20512820512820507,13.4,0.3482587064676617,0.0,0.4,0.4,0.3548387096774194,0.3209837994293364,0.6086987706182534,1.0123152953785393,1.0680710306406687,1.069,1.0457687365358168,1.0550612419214902,0.8085648148148148,1.03,1.0,1.0,31,1,0,-2.72,3,233.53049999999996,122.7,122.7,100,1628396
2025-12-01,Tony Bradley,PTS,4.6,UNDER,0.8129,0.5526389999999999,6,0,A,4.37627529794463,2.5298221281347035,2.6,4.8,-0.1515151515151515,12.266666666666667,0.48913043478260865,0.2,0.6,0.5333333333333333,0.46875,0.4967923883495548,0.5780765504681262,1.0140023221427226,0.9975626740947077,1.025,1.0041385333139137,1.0124831199883482,0.8221476510067114,1.02,1.0,1.0,32,1,0,3.12,2,233.726,114.6,114.6,100,1628396
2025-12-03,Tony Bradley,PTS,4.6,UNDER,0.7859,0.501069,7,0,A,4.039505630747271,2.5298221281347035,3.0,4.8,-0.3142857142857143,11.866666666666667,0.5898876404494382,0.4,0.6,0.5333333333333333,0.48484848484848486,0.5446789239381693,0.6262702319013007,0.9973305282378511,1.0045264623955434,0.98,1.0016480887324666,0.9929888532394799,0.8381404174573055,1.0,1.0,1.0,33,1,0,5.640000000000001,1,231.79399999999998,115.4,115.4,100,1628396
2025-12-05,Tony Bradley,PTS,4.933333333333334,UNDER,0.5528,0.0558479999999999,2,1,A,4.814368868119573,2.491891612715892,4.0,4.9,-0.39534883720930236,12.466666666666667,0.7754010695187166,0.6,0.6,0.6,0.5,0.615340756544238,0.5175946590252007,1.030674116047594,1.0201949860724235,1.034,1.0243866380624918,1.028231982837495,1.1624228395061729,1.0,1.0,1.0,34,0,0,3.3200000000000003,1,235.658,117.2,117.2,100,1628396
2025-12-12,Tony Bradley,PTS,4.733333333333333,UNDER,0.6966,0.33050599999999997,2,1,A,4.327638945866056,2.6040261866871424,4.0,4.3,-0.4418604651162792,11.333333333333334,0.6470588235294117,0.6,0.5,0.5333333333333333,0.4857142857142857,0.5294510379784026,0.6017198336692617,0.9950480802627792,0.9853760445682453,0.989,0.9892448588460588,0.9891469153076353,1.1465208034433285,1.03,1.0,1.0,35,0,0,5.0,6,231.52949999999996,113.2,113.2,100,1628396
2025-12-18,Tony Bradley,PTS,4.6,UNDER,0.7986,0.5253259999999998,2,1,A,4.036684077632799,2.6939084723024385,4.4,3.5,-0.4418604651162792,11.466666666666667,0.6976744186046512,0.6,0.4,0.5333333333333333,0.4722222222222222,0.4790671101808366,0.667356776129532,0.9857198146255297,0.9932103064066854,0.98,0.9902141096942231,0.9861284658165338,0.8674698795180723,1.03,1.0,1.0,36,1,0,5.0,5,230.44849999999997,114.1,114.1,100,1628396
2025-12-23,Tony Bradley,PTS,4.466666666666667,UNDER,0.8492,0.6219719999999999,0,1,A,4.051966195405839,2.774029216723951,3.8,3.2,-0.41463414634146345,10.8,0.43209876543209874,0.4,0.3,0.5333333333333333,0.4594594594594595,0.4334778470419767,0.6846131193960042,0.9885976838114898,1.0106197771587744,1.0,1.0018109398198605,1.0010865638919162,0.8651315789473685,1.03,1.0,1.0,37,1,0,0.8,4,230.78199999999998,116.1,116.1,100,1628396
2025-12-26,Tony Bradley,PTS,4.066666666666666,UNDER,0.8045,0.5365949999999999,4,1,A,3.5454704209801093,2.9632671801497046,2.6,2.8,-0.3513513513513514,9.933333333333334,0.5369127516778524,0.2,0.3,0.4666666666666667,0.4473684210526316,0.3648946725078692,0.8357895647964648,0.9564449384235232,0.9949512534818943,0.975,0.9795487274585458,0.9777292364751274,0.85625,1.02,1.0,1.0,38,1,0,5.04,2,227.05599999999998,114.3,114.3,100,1628396
2025-12-27,Pascal Siakam,MIA,PTS,SF,22.5,UNDER,0.6822,0.24842600000000015,18.751826768450236,Loss,0,33.0,-10.5,bad_read,20.61564130617012,6.87438308920465,19.8,21.2,-0.22619047619047616,32.6,1.002044989775051,0.4,0.5,0.6,0.6333333333333333,1.0372197932307203,0.9758574661946493,1.008,1.0004023970090778,1.0034414382054466,1.002830502830503,0.95,0.9199999999999999,1.0,8.5,0,1,0,230.5,112.1,112.1,30,22.5,0.0
2025-12-27,Jalen Brunson,ATL,PTS,PG,29.5,OVER,0.6534,0.19572200000000006,33.70119913313178,Win,1,34.0,4.5,solid_win,31.918942617461198,8.397845528694221,33.6,30.7,0.2328042328042328,36.53333333333333,1.0401459854014599,0.6,0.6,0.6,0.5555555555555556,1.0221387325294509,1.005455284081017,1.026,1.0121286634603905,1.0176771980762342,1.0244224801746924,1.0,1.0,1.0,-6.5,0,0,1,243.5,115.5,115.5,27,29.5,0.0
2025-12-27,Onyeka Okongwu,NYK,PTS,SF,17.5,UNDER,0.7553,0.38219899999999996,13.227939968469578,Loss,0,31.0,-13.5,bad_read,15.103725237098843,5.409867527644893,12.8,13.9,-0.09259259259259256,34.13333333333333,1.083984375,0.2,0.3,0.4666666666666667,0.41935483870967744,0.9855274733270274,0.9932679473042774,0.98,0.9901717577133774,0.9861030546280264,0.9556935817805383,0.95,1.0,1.0,6.5,1,1,0,243.5,114.1,114.1,31,17.5,0.0
2025-12-27,Amen Thompson,CLE,PTS,PG,17.5,OVER,0.6074,0.11154200000000014,20.33342092954341,Loss,0,13.0,-4.5,clear_loss,19.683659297023496,7.427747207022367,20.4,19.4,-0.021582733812949728,37.6,0.9929078014184397,0.8,0.7,0.6666666666666666,0.5714285714285714,1.0138044621419076,0.9976205675816844,1.029,1.0040941254057736,1.0140564752434642,1.0337325349301398,1.0,1.0,1.0,-4.5,1,0,1,235.5,114.6,114.6,28,17.5,0.0
2025-12-27,Dean Wade,HOU,PTS,SF,4.5,OVER,0.6676,0.22170800000000002,6.972321900000497,Win,1,6.0,1.5,sweat_win,6.514616247160802,4.673124783064886,7.0,6.6,0.3421052631578947,23.933333333333334,1.1420612813370472,0.6,0.5,0.5333333333333333,0.5666666666666667,0.9640964923304869,0.9828216586385007,0.948,0.9753315921152952,0.9643989552691771,1.035995796111403,1.0,1.0,1.0,4.5,0,0,1,235.5,112.9,112.9,30,4.5,0.0
2025-12-27,Jaden McDaniels,BKN,PTS,SF,15.5,UNDER,0.7078,0.29527400000000004,11.433407399921123,Loss,0,16.0,-0.5,bad_beat,13.422753228913052,7.019021774198073,13.6,14.7,0.09876543209876543,33.8,0.8481262327416175,0.4,0.5,0.3333333333333333,0.41379310344827586,0.972529980222644,1.009807904358424,0.993,0.994896734704112,0.9941380408224672,1.0030165912518854,1.0,0.9199999999999999,1.0,-10.5,1,0,1,224.5,116.0,116.0,29,15.5,0.0
2025-12-27,Paolo Banchero,DEN,PTS,SF,23.5,UNDER,0.7170583007192612,0.34089902234501857,15.600559968099674,Win,1,12.0,11.5,blowout_win,19.619925034999596,7.523297149521611,19.0,16.7,0.029850746268656803,31.6,1.0654008438818565,0.2,0.2,0.3333333333333333,0.42857142857142855,0.9973305282378511,1.0045264623955434,0.98,1.0016480887324666,0.9929888532394799,0.9840425531914894,0.95,1.0,1.0,4.5,1,1,0,234.5,115.4,115.4,21,23.5,0.0
2025-12-27,Jonas Valančiūnas,ORL,PTS,C,7.5,OVER,0.6274166221237183,0.12934991982269295,9.114726044216555,Loss,0,4.0,-3.5,close_loss,8.261121759180696,3.0394235042348474,8.4,9.0,0.25,13.4,0.9950248756218906,0.8,0.9,0.8,0.7333333333333333,1.0031855034782524,0.9845055710306407,0.984,0.9919775440096854,0.9887865264058113,1.017786561264822,1.0,1.0,1.0,-4.5,0,0,1,234.5,113.1,113.1,30,7.5,0.0
